CustomerID,PurchaseCount,TotalSpent,AvgUnitPrice,UniqueItems,LastPurchaseDate
12346.0,1,77183.6,1.04,1,2011-01-18 10:01:00
12347.0,7,4310.0,2.644010989010989,103,2011-12-07 15:52:00
12348.0,4,1797.24,5.764838709677419,22,2011-09-25 13:13:00
12349.0,1,1757.55,8.289041095890411,73,2011-11-21 09:51:00
12350.0,1,334.4,3.841176470588235,17,2011-02-02 16:01:00
12352.0,8,2506.04,15.93070588235294,59,2011-11-03 14:37:00
12353.0,1,89.0,6.074999999999999,4,2011-05-19 17:47:00
12354.0,1,1079.4,4.5037931034482765,58,2011-04-21 13:11:00
12355.0,1,459.4,4.203846153846154,13,2011-05-09 13:49:00
12356.0,3,2811.43,3.201186440677966,53,2011-11-17 08:40:00
12357.0,1,6207.67,3.3486259541984733,131,2011-11-06 16:07:00
12358.0,2,1168.06,8.27421052631579,13,2011-12-08 10:26:00
12359.0,4,6372.58,8.620403225806452,214,2011-10-13 12:47:00
12360.0,3,2662.06,3.5496899224806198,105,2011-10-18 15:22:00
12361.0,1,189.9,3.335,10,2011-02-25 13:51:00
12362.0,10,5226.23,3.94093984962406,201,2011-12-06 15:40:00
12363.0,2,552.0,2.3117391304347827,23,2011-08-22 10:18:00
12364.0,4,1313.1,1.910235294117647,70,2011-12-02 10:22:00
12365.0,2,641.38,17.150454545454547,22,2011-02-21 14:04:00
12367.0,1,168.9,3.2,11,2011-12-05 16:48:00
12370.0,4,3545.69,2.800299401197605,143,2011-10-19 14:51:00
12371.0,2,1887.96,3.8742857142857146,63,2011-10-26 10:16:00
12372.0,3,1298.04,3.001346153846154,34,2011-09-29 12:12:00
12373.0,1,364.6,4.582142857142857,14,2011-02-01 13:10:00
12374.0,1,742.9300000000001,4.21969696969697,33,2011-11-14 15:37:00
12375.0,2,457.5,6.912941176470589,14,2011-11-29 10:36:00
12377.0,2,1628.12,2.718831168831169,72,2011-01-28 15:45:00
12378.0,1,4008.62,2.9974429223744297,219,2011-08-02 10:34:00
12379.0,2,852.24,2.86625,39,2011-09-19 10:09:00
12380.0,4,2724.81,3.378653846153846,77,2011-11-18 11:27:00
12381.0,5,1845.31,4.683218390804598,70,2011-12-05 12:44:00
12383.0,5,1850.56,3.086969696969697,84,2011-06-08 08:02:00
12384.0,2,585.27,7.87925925925926,26,2011-11-11 08:39:00
12386.0,2,401.9,2.391,10,2011-01-06 12:37:00
12388.0,6,2780.66,2.7777,57,2011-11-24 12:30:00
12390.0,1,549.84,3.996875,32,2011-09-21 09:33:00
12391.0,1,460.89,2.4599,92,2011-11-18 12:07:00
12393.0,4,1582.6000000000001,2.2796875,47,2011-09-28 15:41:00
12394.0,2,1272.48,3.3707407407407404,26,2011-10-07 08:08:00
12395.0,12,3018.63,3.9688461538461537,91,2011-11-20 15:21:00
12397.0,2,2409.9,3.4682539682539684,110,2011-11-04 09:52:00
12398.0,1,1635.6599999999999,1.992705882352941,85,2011-10-25 10:27:00
12399.0,4,1108.65,2.1145762711864404,47,2011-08-12 13:15:00
12401.0,1,84.3,9.68,5,2011-02-09 13:50:00
12402.0,1,225.6,3.290909090909091,11,2011-01-20 13:49:00
12403.0,1,427.7,7.080000000000001,5,2011-10-21 10:51:00
12405.0,1,1710.39,3.5442592592592597,54,2011-07-14 08:52:00
12406.0,2,3415.3,2.487047619047619,92,2011-11-17 19:22:00
12407.0,5,1708.1200000000001,3.2674025974025973,57,2011-10-21 10:11:00
12408.0,5,2888.55,3.0228571428571427,81,2011-11-07 12:27:00
12409.0,3,11072.67,3.574495412844037,91,2011-09-22 10:38:00
12410.0,2,693.3299999999999,6.335384615384616,26,2011-02-04 10:39:00
12412.0,3,1226.88,2.7137704918032783,43,2011-09-26 10:16:00
12413.0,3,758.1,4.798421052631579,29,2011-10-04 09:00:00
12414.0,3,562.41,8.57,16,2011-05-06 14:51:00
12415.0,21,124914.53,2.9370868347338934,444,2011-11-15 14:22:00
12417.0,9,3649.1,5.337916666666666,158,2011-12-06 14:52:00
12418.0,1,668.58,3.5644117647058824,34,2011-08-19 11:08:00
12420.0,1,600.39,4.707241379310345,29,2011-10-07 08:55:00
12421.0,4,807.04,4.520222222222222,32,2011-11-24 09:07:00
12422.0,3,803.5600000000001,3.26025641025641,39,2011-09-05 09:48:00
12423.0,8,1859.31,2.9135999999999997,97,2011-12-09 10:10:00
12424.0,2,1760.96,2.780666666666667,30,2011-06-30 12:06:00
12425.0,1,777.2,2.5644444444444443,36,2011-09-22 17:31:00
12426.0,1,582.73,3.9363333333333332,30,2011-05-29 12:26:00
12427.0,3,825.8,4.589032258064516,26,2011-11-18 08:56:00
12428.0,9,7956.46,4.627414965986395,258,2011-11-14 08:22:00
12429.0,4,3750.4,3.6307216494845362,82,2011-11-30 17:22:00
12430.0,1,256.4,6.225454545454546,11,2011-10-27 15:09:00
12431.0,15,6487.45,3.785063829787234,163,2011-11-04 11:55:00
12432.0,5,5059.32,10.550833333333333,107,2011-10-28 11:43:00
12433.0,7,13375.87,2.1927380952380955,219,2011-12-09 10:02:00
12434.0,2,806.14,3.6726,46,2011-09-16 12:38:00
12435.0,2,7829.89,5.479166666666667,31,2011-09-21 09:06:00
12436.0,1,509.01,5.2675,16,2011-09-01 12:09:00
12437.0,18,4951.41,4.0125628140703515,118,2011-12-08 11:35:00
12438.0,2,2906.85,3.894897959183673,84,2011-11-25 13:28:00
12441.0,1,173.55,3.700909090909091,11,2010-12-08 10:45:00
12442.0,1,172.06,3.34,12,2011-12-06 14:22:00
12444.0,5,5005.46,6.3586931818181816,138,2011-11-18 13:23:00
12445.0,1,133.4,7.9875,4,2011-11-17 18:43:00
12446.0,1,1002.3100000000001,4.352631578947368,57,2011-10-13 12:50:00
12447.0,1,476.49,3.5742307692307693,26,2011-04-10 13:25:00
12448.0,1,449.45,5.951818181818182,22,2011-10-26 13:46:00
12449.0,4,4067.29,3.694712041884817,118,2011-11-17 13:46:00
12450.0,2,197.88,1.6175,7,2011-07-06 14:41:00
12451.0,5,9035.52,2.450084745762712,265,2011-11-29 08:40:00
12452.0,2,430.57,4.485,21,2011-11-23 10:28:00
12453.0,1,707.09,2.393255813953488,43,2011-07-28 14:08:00
12454.0,1,3528.34,7.282,15,2011-10-14 17:13:00
12455.0,6,2466.86,3.173333333333334,85,2011-09-27 15:31:00
12456.0,3,3181.04,3.62456,105,2011-10-26 14:41:00
12457.0,7,2363.23,5.357096774193548,53,2011-10-04 13:13:00
12458.0,2,947.4,4.326315789473685,35,2011-09-29 15:25:00
12461.0,2,826.88,4.258857142857143,35,2011-09-06 16:57:00
12462.0,2,1189.59,4.689516129032258,51,2011-11-21 09:11:00
12463.0,4,1344.78,3.0434939759036146,65,2011-10-17 13:44:00
12464.0,8,1212.05,11.832758620689654,6,2011-11-29 13:33:00
12465.0,2,742.1899999999999,2.76,46,2011-11-22 16:34:00
12468.0,2,729.5400000000001,3.5149999999999997,36,2011-06-05 11:36:00
12471.0,30,19824.05,4.300369565217392,150,2011-12-07 15:43:00
12472.0,7,6572.11,2.397669616519174,219,2011-11-07 14:01:00
12473.0,5,3938.5499999999997,8.323928571428572,140,2011-11-10 13:46:00
12474.0,18,7375.79,2.8656603773584903,253,2011-11-22 14:39:00
12475.0,1,723.38,2.941111111111111,36,2011-10-17 10:10:00
12476.0,11,6816.42,4.831030042918456,177,2011-11-24 12:40:00
12477.0,6,13219.74,4.3832,191,2011-11-17 09:51:00
12478.0,1,680.99,4.537777777777778,36,2011-12-06 09:56:00
12479.0,1,527.2,2.6687096774193546,31,2011-11-28 13:26:00
12480.0,4,3281.63,3.1344155844155845,129,2011-11-11 14:52:00
12481.0,10,5596.32,3.4149769585253456,150,2011-11-17 08:29:00
12483.0,8,2484.98,5.198133333333334,46,2011-11-22 17:02:00
12484.0,6,4541.72,3.126098265895954,256,2011-11-07 11:37:00
12488.0,3,1298.66,3.7347272727272727,46,2011-11-30 08:50:00
12489.0,1,334.93,5.908,15,2011-01-07 13:13:00
12490.0,10,5417.93,2.692857142857143,131,2011-12-04 16:07:00
12491.0,1,460.40000000000003,3.376923076923077,25,2011-11-01 12:18:00
12492.0,2,263.21000000000004,3.3475,19,2011-10-07 15:15:00
12493.0,2,433.74,4.309090909090909,20,2011-06-27 10:17:00
12494.0,7,1246.1000000000001,3.862207792207792,63,2011-11-24 09:34:00
12497.0,1,1043.1,2.06,14,2011-09-19 12:29:00
12498.0,3,403.70000000000005,4.197826086956522,21,2011-11-18 12:53:00
12500.0,11,4257.82,5.63688524590164,34,2011-11-16 16:20:00
12501.0,1,2169.39,2.4126845637583894,149,2011-01-07 12:28:00
12502.0,5,3723.87,6.425238095238095,102,2011-09-05 11:52:00
12504.0,2,482.04999999999995,9.011111111111111,6,2011-11-21 16:02:00
12506.0,1,73.5,3.1956521739130435,23,2011-04-21 08:54:00
12507.0,3,1304.81,4.862857142857143,19,2011-07-28 17:09:00
12508.0,2,398.27,1.7204347826086959,57,2011-11-13 15:37:00
12509.0,1,176.5,5.564285714285715,7,2011-02-28 14:45:00
12510.0,2,982.5699999999999,4.263333333333334,29,2011-07-20 10:15:00
12512.0,2,138.03,2.5794117647058825,31,2011-10-04 14:55:00
12513.0,1,612.29,2.180571428571428,35,2011-08-19 10:51:00
12514.0,1,1017.68,3.296862745098039,51,2011-03-17 16:38:00
12515.0,1,383.7,6.78125,16,2010-12-21 15:43:00
12516.0,2,1312.06,2.725769230769231,20,2011-09-23 09:13:00
12517.0,5,2502.84,2.3527464788732395,232,2011-11-11 14:04:00
12518.0,5,2056.89,2.837177419354839,84,2011-12-09 10:13:00
12519.0,1,340.84,2.9911111111111115,17,2011-10-07 09:26:00
12520.0,5,2634.26,3.288421052631579,121,2011-09-21 15:23:00
12521.0,1,599.68,2.995789473684211,38,2011-07-20 10:51:00
12522.0,2,192.72,5.0008333333333335,11,2011-10-31 15:30:00
12523.0,11,1789.77,4.935471698113207,84,2011-11-20 12:55:00
12524.0,8,4485.72,2.9170833333333333,113,2011-11-30 15:31:00
12526.0,3,1316.66,3.3538028169014087,64,2011-12-09 12:09:00
12527.0,3,348.71000000000004,2.9294444444444445,18,2011-09-19 11:55:00
12528.0,6,1933.48,5.487934782608695,50,2011-11-30 14:40:00
12530.0,4,1662.28,3.8854545454545453,51,2011-10-11 12:34:00
12531.0,1,125.22,3.8094117647058825,17,2011-11-25 11:12:00
12532.0,1,349.83000000000004,3.698125,16,2011-11-09 13:47:00
12534.0,1,1089.18,3.035396825396825,63,2011-08-01 10:26:00
12535.0,2,716.35,4.451470588235294,28,2011-09-09 08:48:00
12536.0,3,12601.830000000002,34.75452107279693,260,2011-10-27 14:20:00
12538.0,1,363.95,3.6433333333333335,21,2011-11-10 17:16:00
12539.0,4,5568.35,4.176520146520147,157,2011-11-17 13:30:00
12540.0,17,13400.24,3.847050209205021,277,2011-11-20 11:31:00
12541.0,3,981.18,3.615769230769231,46,2011-11-10 10:40:00
12544.0,1,372.7,4.106315789473685,19,2011-11-03 16:15:00
12545.0,2,1000.39,4.0238,42,2011-09-25 13:39:00
12546.0,2,1161.5,3.199275362318841,59,2011-10-24 12:09:00
12547.0,2,207.79999999999998,7.95,7,2011-05-26 12:38:00
12548.0,1,95.19999999999999,6.720000000000001,5,2011-06-26 15:35:00
12550.0,1,964.83,3.0903508771929826,57,2011-09-21 14:35:00
12551.0,1,168.0,1.6800000000000002,10,2010-12-17 11:23:00
12552.0,2,437.82,9.1155,20,2011-11-01 10:02:00
12553.0,10,3692.28,3.1996335078534033,95,2011-12-01 16:38:00
12556.0,2,603.71,2.6623140495867768,100,2011-10-20 13:06:00
12557.0,5,11990.960000000001,2.1766666666666667,15,2011-11-23 16:59:00
12558.0,1,269.96,1.25,11,2011-12-02 10:41:00
12559.0,2,561.71,3.5490476190476192,21,2011-02-02 09:49:00
12560.0,3,2134.01,2.8562857142857143,91,2011-12-04 13:54:00
12561.0,1,238.85,2.964375,16,2011-02-10 11:39:00
12562.0,7,3781.7400000000002,3.188214285714286,99,2011-12-01 17:20:00
12564.0,1,456.9,5.576190476190476,21,2011-03-23 14:55:00
12565.0,1,145.92,2.351111111111111,9,2011-02-24 10:34:00
12566.0,1,351.65,3.903684210526316,19,2011-09-14 14:30:00
12567.0,10,9401.28,3.40847533632287,323,2011-11-17 11:02:00
12569.0,32,4124.69,5.434574468085106,92,2011-12-07 16:24:00
12571.0,2,519.61,1.3205882352941176,31,2011-10-31 10:19:00
12572.0,2,1020.42,4.227833333333334,53,2011-12-01 09:20:00
12573.0,1,160.54000000000002,2.0964285714285715,26,2011-04-26 15:52:00
12574.0,1,218.45,5.2,11,2011-01-28 09:20:00
12576.0,5,1315.83,2.4045454545454543,72,2011-11-04 10:11:00
12577.0,3,657.8,1.7950340136054421,137,2011-11-04 13:24:00
12578.0,2,2794.51,3.157017543859649,111,2011-11-18 13:30:00
12579.0,1,440.42,3.3386206896551722,29,2011-09-22 17:15:00
12580.0,1,415.7,2.6075,24,2011-04-07 10:24:00
12581.0,1,197.71,2.8926666666666665,15,2011-10-31 08:56:00
12582.0,2,511.36,5.2318181818181815,21,2011-04-15 08:45:00
12583.0,15,7281.38,3.103603238866397,115,2011-12-07 08:07:00
12584.0,9,2338.15,7.484375,44,2011-12-06 09:35:00
12585.0,2,2040.1,3.4639080459770115,77,2011-04-19 13:39:00
12586.0,1,196.94000000000003,4.190909090909091,11,2011-11-22 16:24:00
12587.0,1,144.0,11.56,4,2011-12-02 12:47:00
12588.0,1,214.89999999999998,9.58,10,2011-10-31 15:01:00
12589.0,2,646.68,4.502857142857143,29,2011-11-11 10:19:00
12590.0,2,9864.26,10.54735294117647,68,2011-05-12 14:52:00
12591.0,1,452.84999999999997,3.7807692307692307,26,2011-01-26 14:35:00
12592.0,2,437.6,3.311111111111111,11,2011-09-08 15:04:00
12593.0,3,418.09999999999997,2.6523809523809527,14,2011-08-23 12:43:00
12594.0,10,3338.2200000000003,3.023135593220339,50,2011-11-02 12:20:00
12596.0,2,618.27,4.405555555555556,25,2011-10-19 13:02:00
12597.0,4,3811.22,3.9420873786407764,184,2011-11-20 13:33:00
12598.0,8,3023.08,2.8425757575757578,84,2011-11-30 12:18:00
12599.0,7,1032.58,2.9962903225806454,32,2011-11-10 13:34:00
12600.0,10,2599.04,5.47375,32,2011-11-11 10:29:00
12601.0,5,577.0600000000001,6.511071428571428,21,2011-06-03 10:17:00
12602.0,1,153.12,1.9708333333333332,12,2011-10-12 11:22:00
12603.0,1,739.1999999999999,14.475,2,2011-11-18 10:42:00
12604.0,2,254.18,2.59125,15,2011-09-21 14:08:00
12607.0,1,1579.51,2.1577227722772276,101,2011-10-10 16:06:00
12609.0,3,1126.85,3.5178333333333334,57,2011-09-22 16:34:00
12610.0,5,2099.54,5.024716981132076,85,2011-11-17 09:34:00
12611.0,1,1193.32,2.675076923076923,65,2011-10-18 13:12:00
12612.0,1,704.0400000000001,4.4389473684210525,19,2011-09-26 15:35:00
12613.0,5,3344.38,2.8726143790849674,124,2011-10-13 14:59:00
12614.0,1,315.6,5.61,20,2011-03-07 10:22:00
12615.0,4,2291.19,3.0896190476190477,82,2011-12-07 15:02:00
12616.0,2,713.3,3.8203125,25,2011-09-05 15:17:00
12617.0,1,355.53,1.903095238095238,39,2011-11-10 14:39:00
12618.0,1,177.31,6.6381818181818195,11,2011-11-18 11:10:00
12619.0,9,3641.24,7.056555555555556,50,2011-11-23 14:52:00
12620.0,3,1339.41,2.1478260869565218,89,2011-11-25 10:20:00
12621.0,20,13689.67,2.8922912205567455,261,2011-12-08 11:25:00
12622.0,1,180.1,5.739090909090909,11,2011-04-21 16:39:00
12623.0,1,305.1,2.628888888888889,18,2011-03-08 13:50:00
12624.0,2,641.13,3.8721052631578945,36,2011-08-25 15:04:00
12625.0,2,2683.82,2.1713953488372093,73,2011-05-12 09:54:00
12626.0,9,6620.48,2.8210544217687072,232,2011-11-16 16:06:00
12627.0,7,4478.53,2.937913043478261,162,2011-11-29 12:07:00
12628.0,3,786.46,3.591219512195122,34,2011-12-05 13:15:00
12630.0,2,1270.88,4.48640625,60,2011-11-30 10:48:00
12631.0,1,640.5,4.537096774193548,31,2011-10-13 13:53:00
12633.0,4,2163.98,3.211386138613862,73,2011-10-12 11:40:00
12635.0,2,1689.18,2.522079207920792,96,2011-09-11 11:04:00
12637.0,8,6021.9,2.6583076923076923,205,2011-10-03 13:46:00
12638.0,1,671.69,2.56,39,2011-11-06 13:11:00
12639.0,1,486.1,4.918181818181818,22,2011-04-15 12:48:00
12640.0,3,1174.58,5.716981132075472,47,2011-11-16 11:52:00
12641.0,1,185.9,6.964999999999999,10,2011-08-16 13:26:00
12642.0,3,1013.26,3.5906382978723403,39,2011-11-14 15:03:00
12643.0,6,3344.64,5.187916666666666,11,2011-08-03 12:56:00
12644.0,1,477.91,2.8045161290322578,31,2011-08-02 10:33:00
12645.0,4,1775.18,2.611095890410959,58,2011-11-06 12:38:00
12646.0,2,1346.97,2.387111111111111,43,2011-12-05 10:14:00
12647.0,12,3722.82,5.498842975206611,78,2011-11-17 12:56:00
12648.0,1,318.05,3.1723809523809527,21,2011-07-08 11:55:00
12649.0,3,623.51,2.6970967741935485,28,2011-08-24 14:41:00
12650.0,1,314.44,1.9344999999999999,20,2011-12-06 16:34:00
12651.0,1,114.0,2.244444444444445,9,2011-01-09 12:46:00
12652.0,1,919.98,2.8972916666666664,48,2011-01-12 15:00:00
12653.0,2,2209.85,2.5909302325581396,37,2011-07-14 10:41:00
12654.0,5,601.98,4.420526315789473,31,2011-11-29 10:10:00
12656.0,5,4051.17,4.4494444444444445,89,2011-11-22 13:42:00
12657.0,4,1643.18,5.044893617021277,35,2011-11-28 15:47:00
12658.0,1,686.05,4.114444444444445,36,2011-11-21 10:22:00
12659.0,1,91.68,5.308,5,2011-11-10 11:53:00
12660.0,1,245.1,3.8653846153846154,13,2011-11-28 13:26:00
12662.0,11,3849.78,3.2064782608695652,129,2011-12-09 11:59:00
12664.0,9,4881.88,11.084864864864864,10,2011-12-01 17:07:00
12665.0,1,63.0,6.833333333333333,3,2011-01-19 08:34:00
12667.0,1,620.13,3.624242424242424,33,2011-10-12 17:00:00
12668.0,4,3807.15,3.458509316770187,115,2011-11-28 10:56:00
12669.0,3,2744.0299999999997,13.741386138613862,98,2011-07-12 09:54:00
12670.0,5,2996.05,3.235869565217391,58,2011-11-29 15:23:00
12672.0,1,225.89999999999998,3.79,10,2011-01-14 09:20:00
12673.0,2,610.52,2.9283333333333337,42,2011-12-04 13:55:00
12674.0,4,1970.6,3.230602409638554,52,2011-11-01 12:12:00
12676.0,6,1331.39,7.0282222222222215,33,2011-11-15 12:25:00
12678.0,12,17628.46,6.554666666666667,105,2011-10-28 13:04:00
12679.0,4,1113.02,4.004166666666666,43,2011-10-12 12:30:00
12680.0,4,862.81,3.637884615384615,33,2011-12-09 12:50:00
12681.0,22,13787.54,3.1529153605015674,267,2011-11-25 11:33:00
12682.0,31,12288.22,3.7501523809523807,209,2011-12-06 10:00:00
12683.0,15,8476.57,2.719156976744186,177,2011-12-05 16:31:00
12684.0,7,2283.63,2.5359999999999996,61,2011-12-02 09:53:00
12685.0,6,2863.08,3.0710191082802547,117,2011-11-11 13:46:00
12686.0,1,89.14,3.2585714285714285,7,2010-12-03 09:51:00
12688.0,1,4873.8099999999995,4.124736842105263,171,2011-08-18 08:49:00
12689.0,2,1247.61,2.8519444444444444,57,2011-11-14 08:31:00
12690.0,1,389.01,5.5268749999999995,16,2011-05-18 09:09:00
12691.0,6,1035.8,5.0359375,21,2011-11-11 16:49:00
12693.0,4,855.91,5.44025641025641,35,2011-08-04 17:51:00
12694.0,2,869.67,3.901621621621622,32,2011-09-30 13:06:00
12695.0,4,582.1,4.785555555555556,23,2011-12-02 13:22:00
12697.0,3,957.59,5.027560975609756,37,2011-11-11 08:47:00
12700.0,4,4939.99,2.6198880597014926,193,2011-12-02 10:47:00
12701.0,2,797.71,3.0907547169811322,50,2011-09-21 10:47:00
12702.0,1,219.0,5.441666666666666,12,2011-11-20 10:36:00
12703.0,1,283.55,2.638095238095238,21,2011-09-29 17:52:00
12704.0,8,2340.84,6.428409090909091,64,2011-12-02 13:15:00
12705.0,9,6868.29,2.8610179640718565,228,2011-11-24 13:17:00
12707.0,1,603.42,3.236666666666667,33,2011-02-21 08:38:00
12708.0,10,2712.91,4.316433121019108,86,2011-11-10 09:52:00
12709.0,15,9736.52,3.3240865384615383,93,2011-11-24 15:38:00
12710.0,3,1149.02,2.718441558441558,75,2011-09-04 12:00:00
12712.0,13,4396.13,6.379924812030075,58,2011-11-11 08:19:00
12713.0,1,848.55,2.503421052631579,38,2011-12-09 12:16:00
12714.0,5,4708.86,2.391891891891892,216,2011-11-30 15:43:00
12715.0,1,353.86,3.401904761904762,20,2011-08-25 15:22:00
12716.0,2,1053.49,2.665797101449275,60,2011-12-06 08:55:00
12717.0,2,1030.98,4.670000000000001,49,2011-07-11 14:47:00
12718.0,1,238.25,2.7221052631578946,19,2011-09-29 16:38:00
12719.0,2,644.95,3.644871794871795,34,2011-12-04 13:45:00
12720.0,25,5781.73,2.701581920903955,211,2011-12-07 08:03:00
12721.0,6,2656.13,3.069751552795031,133,2011-11-08 12:13:00
12722.0,4,997.63,3.6201886792452833,50,2011-09-15 14:50:00
12723.0,5,725.07,3.2023188405797103,53,2011-12-06 10:19:00
12724.0,4,1031.41,3.721132075471698,47,2011-12-04 16:02:00
12725.0,1,427.8,4.104166666666667,24,2010-12-03 15:45:00
12726.0,7,2609.1,2.106693548387097,57,2011-11-11 13:35:00
12727.0,7,3980.7,3.2171223021582733,109,2011-11-29 11:46:00
12728.0,4,836.33,4.669347826086956,38,2011-09-29 15:31:00
12729.0,1,453.01,3.701538461538462,26,2011-08-18 11:40:00
12731.0,12,18895.91,3.346167883211679,109,2011-11-16 11:59:00
12732.0,1,236.26000000000002,3.5225000000000004,12,2011-06-13 11:33:00
12733.0,1,383.95,3.372727272727273,22,2011-04-19 16:19:00
12734.0,1,110.39999999999999,1.185,4,2010-12-22 12:47:00
12735.0,2,779.5699999999999,5.416279069767441,38,2011-01-28 13:37:00
12736.0,1,234.0,5.58,4,2011-01-11 07:57:00
12738.0,1,155.35,3.95,11,2010-12-02 18:27:00
12739.0,2,1013.04,4.008421052631578,38,2011-09-22 13:00:00
12740.0,1,427.6,2.074074074074074,27,2011-10-07 10:44:00
12743.0,2,546.43,3.038582089552239,114,2011-07-28 16:21:00
12744.0,7,21279.29,58.33328828828829,178,2011-10-19 11:18:00
12747.0,11,4196.01,4.3678640776699025,42,2011-12-07 14:34:00
12748.0,209,33719.73,2.656278563656148,1768,2011-12-09 12:20:00
12749.0,5,4090.88,4.999949748743719,160,2011-12-06 09:56:00
12750.0,1,275.88,4.62,15,2011-08-03 09:13:00
12752.0,1,4366.78,2.2941509433962266,53,2011-09-19 13:32:00
12753.0,6,21429.39,2.3373604060913706,132,2011-11-17 10:52:00
12754.0,3,3010.74,1.125079365079365,49,2011-04-18 09:00:00
12755.0,2,3811.95,5.0249999999999995,4,2011-03-04 12:42:00
12756.0,1,112.07999999999998,0.7424999999999999,4,2011-09-14 09:31:00
12757.0,13,7857.1,11.912641509433962,237,2011-11-24 12:30:00
12758.0,2,2791.59,1.700618556701031,84,2011-08-15 10:22:00
12759.0,3,1531.44,3.2154736842105267,81,2011-10-18 14:49:00
12762.0,2,1898.52,2.736086956521739,62,2011-12-02 10:23:00
12763.0,2,494.08,1.7716666666666667,16,2011-07-24 14:12:00
12764.0,1,1693.88,5.387555555555555,45,2011-01-27 10:19:00
12766.0,7,6989.63,3.070806451612903,205,2011-12-06 08:46:00
12769.0,1,1143.6,4.45625,32,2011-04-15 10:25:00
12770.0,1,1351.45,2.625,12,2011-05-13 09:33:00
12772.0,1,892.47,3.7007272727272724,55,2011-10-11 09:19:00
12775.0,5,1386.04,3.880606060606061,47,2011-11-22 16:33:00
12778.0,6,822.23,3.5094,40,2011-11-20 11:30:00
12779.0,8,3981.36,3.6543624161073827,88,2011-11-02 11:43:00
12781.0,2,826.74,3.1308,25,2011-10-07 10:37:00
12782.0,5,2330.92,3.805436893203883,81,2011-12-05 09:16:00
12783.0,6,2225.91,12.22857142857143,76,2011-12-07 15:56:00
12784.0,2,574.42,2.8015254237288136,54,2011-11-30 15:38:00
12785.0,1,311.95,4.828571428571428,14,2010-12-10 13:48:00
12787.0,3,463.66,3.998,17,2011-11-30 08:44:00
12789.0,1,91.85,22.9625,4,2011-10-05 13:34:00
12790.0,1,324.92,3.948571428571429,21,2011-05-31 14:14:00
12791.0,1,192.60000000000002,8.425,2,2010-12-01 11:27:00
12792.0,1,400.53999999999996,3.5096,25,2011-03-28 11:36:00
12793.0,2,545.48,3.91,21,2011-01-09 12:12:00
12794.0,2,860.41,2.077111111111111,43,2011-10-17 14:54:00
12795.0,1,430.48,7.695,14,2011-11-21 10:27:00
12797.0,1,254.03,5.143846153846154,13,2010-12-09 10:55:00
12798.0,3,6977.04,1.0474999999999999,6,2011-11-29 15:52:00
12802.0,1,427.58,2.52,25,2011-06-06 09:36:00
12808.0,3,483.65000000000003,4.0460714285714285,27,2011-11-03 10:05:00
12809.0,1,489.31,4.4092,25,2011-06-15 10:51:00
12811.0,3,514.85,4.12258064516129,27,2011-03-24 09:42:00
12812.0,1,229.64000000000001,2.0686666666666667,15,2011-10-26 09:54:00
12814.0,1,125.92,20.895,2,2011-08-30 12:11:00
12815.0,2,1063.46,5.401489361702128,38,2011-07-15 10:21:00
12816.0,2,572.2,8.832758620689654,27,2011-09-05 12:41:00
12817.0,1,166.04,12.0725,4,2011-03-03 16:28:00
12818.0,1,1542.08,6.755,14,2011-03-23 12:06:00
12820.0,4,942.34,1.9047457627118642,55,2011-12-06 15:12:00
12821.0,1,92.72,2.4983333333333335,6,2011-05-09 15:51:00
12822.0,2,948.88,2.692608695652174,41,2011-09-30 10:04:00
12823.0,5,1759.5,7.65,1,2011-09-26 07:35:00
12824.0,1,397.12,2.5356,25,2011-10-11 12:49:00
12826.0,7,1474.72,1.9276923076923078,58,2011-12-07 10:25:00
12827.0,3,430.15000000000003,2.8680000000000003,19,2011-12-04 12:17:00
12828.0,6,1018.71,3.09,46,2011-12-07 08:45:00
12829.0,2,293.0,10.368181818181817,9,2011-01-07 11:13:00
12830.0,6,6814.64,1.0863157894736843,13,2011-11-02 11:54:00
12831.0,1,215.05,3.066666666666667,9,2011-03-22 13:02:00
12832.0,2,383.03,2.928888888888889,27,2011-11-07 13:30:00
12833.0,1,417.38,5.44125,24,2011-07-17 13:46:00
12834.0,1,312.38,4.893888888888889,18,2011-03-02 09:49:00
12836.0,4,2612.86,4.287828571428571,148,2011-10-11 15:10:00
12837.0,1,134.1,6.745833333333334,12,2011-06-19 16:07:00
12838.0,2,683.13,2.3197560975609757,115,2011-11-06 12:20:00
12839.0,14,5591.42,1.9202229299363058,95,2011-12-07 12:33:00
12840.0,4,2726.77,2.035486725663717,67,2011-07-19 09:29:00
12841.0,25,4022.35,2.395166666666667,229,2011-12-05 11:13:00
12842.0,2,1118.99,4.3302941176470595,34,2011-09-30 15:33:00
12843.0,8,1702.26,3.513203883495146,69,2011-10-05 12:09:00
12844.0,2,325.96000000000004,2.631153846153846,47,2011-11-10 13:31:00
12845.0,4,354.09,2.7903703703703706,26,2011-03-17 13:34:00
12847.0,1,871.54,1.3392307692307692,72,2011-11-17 13:16:00
12849.0,2,1050.8899999999999,2.8945098039215686,47,2011-11-08 13:41:00
12851.0,1,135.18,1.9465999999999999,43,2011-09-04 12:41:00
12852.0,1,311.55,3.65,17,2011-02-18 08:47:00
12853.0,6,1957.1000000000001,4.250512820512821,66,2011-07-28 11:29:00
12854.0,3,1324.5,2.7746363636363633,95,2011-09-22 12:15:00
12855.0,1,38.1,1.55,3,2010-12-02 09:37:00
12856.0,6,2179.93,2.543407643312102,155,2011-12-02 10:52:00
12857.0,2,1106.4,4.142391304347826,37,2011-05-13 10:20:00
12863.0,1,521.2,3.374,5,2011-10-18 14:15:00
12864.0,1,147.12,0.6566666666666666,3,2011-07-24 13:03:00
12865.0,2,1568.23,3.119157894736842,86,2011-11-13 14:31:00
12866.0,1,559.12,4.4157692307692304,26,2011-03-01 14:11:00
12867.0,7,4036.82,1.3313382899628252,240,2011-11-13 15:30:00
12868.0,6,1607.0600000000002,2.611682242990654,72,2011-06-07 10:42:00
12871.0,2,380.64,2.110909090909091,8,2011-09-16 15:07:00
12872.0,2,599.97,2.4956060606060606,58,2011-01-17 10:52:00
12873.0,1,374.0,4.0375,4,2011-03-02 14:58:00
12875.0,2,343.2300000000001,0.17,1,2011-07-19 15:30:00
12876.0,2,2218.02,2.2544705882352942,67,2011-10-13 12:26:00
12877.0,12,1535.77,1.8988961038961039,100,2011-12-06 10:30:00
12878.0,2,854.99,2.0325531914893618,38,2011-04-17 13:07:00
12879.0,3,573.22,1.832,7,2011-10-26 12:24:00
12881.0,1,298.0,32.971428571428575,7,2011-03-09 11:44:00
12882.0,2,1463.04,6.437692307692307,12,2011-11-30 16:18:00
12883.0,4,703.47,5.926904761904762,39,2011-11-15 09:32:00
12884.0,1,309.05,15.984285714285715,7,2011-09-12 13:10:00
12885.0,3,1175.22,3.5930985915492957,66,2011-10-07 13:40:00
12886.0,2,1378.4,3.7206097560975615,75,2011-10-03 10:09:00
12888.0,2,354.12,5.896,4,2011-05-09 16:02:00
12890.0,1,380.46999999999997,1.8129268292682927,78,2011-11-15 17:26:00
12891.0,3,331.0,0.3666666666666667,2,2011-06-07 12:31:00
12893.0,1,188.14,2.2108823529411765,27,2011-11-09 12:34:00
12895.0,2,372.8,3.222727272727273,22,2011-10-28 13:51:00
12897.0,2,216.5,2.7,3,2011-05-19 12:13:00
12901.0,28,17654.54,1.4663793103448275,30,2011-12-01 10:07:00
12902.0,1,138.68,5.619,10,2011-03-20 12:06:00
12904.0,2,509.58,3.085,59,2011-11-21 14:34:00
12906.0,5,2919.81,2.551904761904762,55,2011-11-28 09:55:00
12908.0,2,750.0,0.625,1,2011-06-16 15:39:00
12909.0,5,2178.67,6.7639560439560436,78,2011-10-31 12:43:00
12910.0,8,3075.04,2.0928,48,2011-11-16 14:28:00
12912.0,5,1662.3,2.7191666666666667,17,2011-12-07 08:55:00
12913.0,5,2483.63,2.9248000000000003,37,2011-12-05 12:11:00
12915.0,2,363.65,6.788636363636363,19,2011-07-14 11:34:00
12916.0,4,3006.15,4.126635514018692,53,2011-07-24 10:35:00
12917.0,1,594.0,4.95,2,2011-08-03 16:42:00
12919.0,6,1335.19,2.6044,34,2011-12-01 13:47:00
12920.0,1,164.23,3.8410714285714285,27,2011-11-22 15:05:00
12921.0,37,16587.09,2.3401944444444447,233,2011-11-30 16:22:00
12922.0,1,405.38,1.627857142857143,28,2011-07-01 15:35:00
12923.0,1,176.97,2.936551724137931,28,2011-10-06 16:20:00
12924.0,4,933.7,3.1883333333333335,22,2011-09-12 13:55:00
12925.0,2,694.05,2.310222222222222,42,2011-12-05 11:11:00
12928.0,5,2062.7000000000003,1.9426190476190477,59,2011-11-04 14:24:00
12929.0,1,117.85,7.11875,8,2011-02-01 12:08:00
12930.0,2,415.8,2.9948,20,2011-09-22 15:18:00
12931.0,15,42055.96,1.7017073170731707,28,2011-11-18 12:39:00
12933.0,3,607.53,2.6469811320754717,102,2011-11-15 16:38:00
12935.0,7,2160.7,2.032325581395349,80,2011-12-07 17:25:00
12936.0,4,1063.9,2.033225806451613,56,2011-11-22 17:32:00
12937.0,4,1504.27,2.371666666666667,81,2011-11-24 15:05:00
12938.0,1,114.14,1.271111111111111,9,2011-11-14 11:21:00
12939.0,8,11581.8,2.403404255319149,21,2011-10-06 14:33:00
12940.0,2,913.54,3.8207070707070705,87,2011-10-16 12:09:00
12942.0,3,683.9,4.1378666666666675,68,2011-07-31 14:39:00
12944.0,2,604.51,3.1886666666666668,29,2011-11-04 11:04:00
12945.0,1,462.95,4.95,23,2011-02-24 14:15:00
12947.0,6,1603.99,3.270309278350515,83,2011-07-19 10:06:00
12948.0,7,2064.95,2.932758620689655,82,2011-11-23 17:10:00
12949.0,8,4167.22,2.8786511627906974,166,2011-11-09 11:25:00
12950.0,3,1843.0,1.3891304347826086,13,2011-12-07 13:17:00
12951.0,6,1064.07,3.006031746031746,53,2011-12-01 12:14:00
12952.0,4,1387.79,4.062658227848101,64,2011-12-04 10:35:00
12953.0,1,329.85,6.647058823529412,17,2011-11-30 09:24:00
12955.0,11,4757.16,1.6899444444444445,81,2011-12-08 16:29:00
12956.0,1,108.07,4.365263157894737,19,2011-02-06 16:08:00
12957.0,8,4017.54,2.817563025210084,208,2011-11-30 09:53:00
12962.0,2,266.39,2.985625,15,2011-12-02 15:55:00
12963.0,8,1856.63,3.294842105263158,75,2011-12-01 12:55:00
12965.0,1,771.91,3.6638532110091746,108,2011-09-11 15:31:00
12966.0,1,160.18,3.4230000000000005,10,2011-11-30 12:38:00
12967.0,2,1660.9,6.476315789473684,19,2010-12-16 19:10:00
12968.0,1,135.95,3.29,5,2011-08-19 15:44:00
12970.0,4,452.24,2.0307947019867547,116,2011-12-02 14:30:00
12971.0,86,11189.91,2.310327868852459,94,2011-12-06 12:20:00
12974.0,1,144.8,7.7,8,2011-05-26 09:33:00
12976.0,1,738.6,1.5345454545454544,22,2011-05-12 09:55:00
12977.0,1,39.239999999999995,4.23,9,2011-07-06 16:40:00
12980.0,9,7374.900000000001,15.904500000000002,6,2011-07-05 09:34:00
12981.0,2,372.21999999999997,1.6235,12,2011-11-10 12:00:00
12982.0,1,390.54,1.8478571428571429,28,2011-04-11 11:51:00
12984.0,1,97.5,3.85,4,2011-11-21 12:37:00
12985.0,2,1239.38,1.914342105263158,73,2011-12-09 10:46:00
12987.0,2,558.7,6.110714285714286,27,2011-09-27 12:03:00
12988.0,1,535.32,4.110217391304348,75,2011-02-20 14:31:00
12989.0,15,6924.110000000001,3.1915625,41,2011-12-06 15:28:00
12990.0,3,409.5,2.05,8,2011-11-08 13:01:00
12991.0,2,503.76,2.3067741935483874,31,2011-11-16 15:34:00
12993.0,4,414.76,2.1377777777777776,26,2011-11-16 15:49:00
12994.0,3,974.4200000000001,4.212459016393442,52,2011-12-05 15:43:00
12995.0,1,211.32,1.9566666666666668,3,2011-09-15 15:44:00
12997.0,4,1226.89,3.2942372881355935,45,2011-11-17 15:47:00
12999.0,3,455.88,2.549285714285714,25,2011-05-27 13:24:00
13000.0,3,534.85,3.0125806451612904,30,2011-08-25 10:43:00
13001.0,13,9818.82,2.419882005899705,166,2011-12-05 14:51:00
13002.0,1,120.94999999999999,2.8214285714285716,7,2011-01-25 15:18:00
13003.0,3,149.05,2.25,4,2011-08-26 10:50:00
13004.0,18,5655.91,2.0111633663366337,277,2011-11-28 11:27:00
13005.0,2,513.7,5.117307692307692,21,2011-06-19 10:53:00
13006.0,1,81.57,5.295,4,2011-10-14 13:49:00
13008.0,1,229.46999999999997,1.7342857142857144,14,2011-01-20 14:24:00
13011.0,1,50.550000000000004,4.216666666666667,3,2010-12-02 17:22:00
13012.0,8,1661.8400000000001,3.2319101123595506,67,2011-11-30 13:05:00
13013.0,13,4810.9400000000005,3.163470319634703,155,2011-12-08 15:01:00
13014.0,10,3466.2799999999997,5.255229357798165,67,2011-11-29 12:27:00
13015.0,5,3346.28,5.035568181818181,156,2011-10-17 13:19:00
13016.0,3,789.89,3.173191489361702,39,2011-09-27 14:08:00
13017.0,1,204.0,4.25,1,2011-12-02 15:53:00
13018.0,28,7277.7,2.1802183406113538,313,2011-11-23 13:28:00
13021.0,9,2616.38,3.812290076335878,101,2011-12-05 16:37:00
13023.0,2,689.9,4.5525,36,2011-10-06 16:27:00
13026.0,5,975.36,0.6757500000000001,32,2011-12-08 16:58:00
13027.0,6,6912.0,0.4,6,2011-08-18 09:39:00
13028.0,2,661.3199999999999,1.014,40,2011-11-17 11:10:00
13029.0,3,1247.5,7.388,8,2011-11-09 09:13:00
13030.0,2,799.48,3.17989898989899,76,2011-11-28 14:30:00
13032.0,2,1010.18,3.81943661971831,55,2011-10-18 15:54:00
13033.0,1,190.55,2.640909090909091,11,2010-12-17 14:23:00
13034.0,2,642.77,2.3721621621621622,37,2011-10-16 12:21:00
13035.0,2,921.88,1.8218518518518518,23,2011-09-27 08:57:00
13037.0,3,881.07,3.8214583333333336,44,2011-07-24 15:46:00
13038.0,3,908.46,2.7582142857142857,24,2011-09-20 14:37:00
13040.0,2,676.99,2.8039534883720934,38,2011-12-01 10:38:00
13043.0,1,516.42,5.680000000000001,13,2011-03-11 14:52:00
13044.0,1,560.47,3.258787878787879,33,2011-02-21 15:20:00
13045.0,1,305.28000000000003,1.5705555555555555,18,2011-09-01 15:04:00
13046.0,2,629.31,6.142857142857143,33,2011-11-09 08:36:00
13047.0,10,3237.54,3.9320348837209305,106,2011-11-08 12:06:00
13048.0,4,1835.91,1.8322058823529412,77,2011-11-25 13:23:00
13049.0,2,656.6800000000001,3.9335714285714287,14,2011-10-06 15:31:00
13050.0,17,5836.86,2.9888833746898262,246,2011-11-25 09:18:00
13052.0,1,348.15000000000003,3.2938888888888886,18,2011-05-11 14:12:00
13055.0,3,1214.41,2.4710526315789476,74,2011-09-22 14:26:00
13058.0,3,271.40000000000003,5.825,5,2011-11-15 12:43:00
13059.0,1,183.4,5.21875,8,2011-04-04 10:40:00
13060.0,1,307.53,3.982666666666667,15,2011-03-31 11:37:00
13061.0,1,248.61,3.403,10,2011-09-28 16:04:00
13062.0,1,346.98,6.819090909090908,11,2011-06-01 15:12:00
13064.0,4,1119.49,3.555217391304348,51,2011-11-27 12:31:00
13065.0,1,205.86,5.222142857142857,14,2010-12-01 16:52:00
13066.0,2,470.8,3.1733333333333333,48,2011-11-15 12:57:00
13067.0,1,115.46000000000001,3.86,14,2011-09-18 13:38:00
13068.0,2,344.0,1.72,1,2011-11-29 15:00:00
13069.0,24,4436.12,1.705764705882353,281,2011-12-09 08:39:00
13070.0,1,228.8,2.08,9,2011-05-31 13:45:00
13072.0,1,177.15,3.3500000000000005,7,2011-03-18 08:12:00
13075.0,1,919.61,2.0395454545454546,22,2011-08-02 10:19:00
13077.0,4,729.27,1.7558035714285716,99,2011-12-08 19:24:00
13078.0,26,12627.94,3.9574301675977654,95,2011-12-06 15:36:00
13079.0,5,220.10000000000002,4.166666666666667,2,2011-12-05 16:53:00
13080.0,1,58.08,0.5783333333333333,6,2011-06-13 14:59:00
13081.0,11,28337.38,2.3001953125,503,2011-11-28 10:54:00
13082.0,9,3613.63,2.9687671232876713,63,2011-08-05 16:16:00
13083.0,2,303.75,3.4066666666666667,15,2011-12-05 15:01:00
13085.0,2,416.08000000000004,4.003636363636364,17,2011-07-05 12:11:00
13089.0,97,58825.83,2.737816281628163,636,2011-12-07 09:02:00
13090.0,14,8910.82,4.534516129032259,98,2011-12-01 12:39:00
13091.0,1,345.82,0.9933333333333333,21,2011-11-11 15:54:00
13092.0,5,477.83,5.018,19,2011-09-30 11:18:00
13093.0,8,7832.47,3.273647798742138,97,2011-03-09 12:14:00
13094.0,12,1927.3200000000002,1.2525000000000002,4,2011-11-18 14:07:00
13095.0,1,74.39999999999999,0.6933333333333334,6,2011-09-30 12:03:00
13097.0,10,6010.42,4.244113475177305,214,2011-11-07 10:43:00
13098.0,28,28882.44,2.7601223776223778,156,2011-12-08 14:14:00
13099.0,1,207.35999999999999,0.72,1,2011-09-01 17:40:00
13101.0,1,101.19,2.9675,8,2011-04-19 14:37:00
13102.0,24,6424.09,2.5820394736842105,140,2011-12-08 12:52:00
13103.0,1,243.94,3.9675,8,2011-10-31 09:38:00
13104.0,6,1098.48,2.1715,14,2011-12-06 13:10:00
13106.0,1,76.5,4.25,1,2011-07-29 15:12:00
13107.0,4,1531.6200000000001,1.7613793103448274,54,2011-10-26 14:52:00
13108.0,1,350.06,1.752,10,2010-12-02 10:35:00
13109.0,2,786.54,2.6465957446808512,41,2011-10-11 10:16:00
13110.0,7,1488.67,4.7364137931034485,109,2011-11-08 14:30:00
13113.0,24,12245.960000000001,3.45205,95,2011-12-09 12:49:00
13115.0,4,2294.78,2.5444999999999998,88,2011-11-28 12:38:00
13116.0,1,501.14,4.5216666666666665,30,2011-07-24 14:33:00
13117.0,8,984.91,2.4343421052631578,66,2011-11-18 12:02:00
13118.0,5,1197.81,3.588354430379747,68,2011-11-20 12:46:00
13120.0,1,30.599999999999998,2.55,1,2011-04-15 10:19:00
13121.0,1,283.73,1.6887999999999999,50,2011-03-15 16:47:00
13122.0,2,922.39,2.6365454545454545,54,2011-09-06 15:53:00
13124.0,3,3866.33,3.3234893617021277,185,2011-09-11 12:45:00
13126.0,8,2099.64,2.100142857142857,124,2011-12-05 10:00:00
13127.0,1,259.17,2.8853333333333335,15,2011-09-23 10:26:00
13130.0,1,64.0,2.25,2,2011-09-06 15:30:00
13131.0,3,1073.3,3.1161363636363633,30,2011-11-16 13:21:00
13132.0,1,77.3,4.933333333333334,3,2011-03-23 12:44:00
13133.0,2,109.8,5.3428571428571425,7,2011-03-11 10:31:00
13134.0,4,1793.58,3.113163265306122,94,2011-09-15 10:35:00
13135.0,1,3096.0,0.72,1,2011-05-27 10:52:00
13136.0,5,2607.61,2.8439370078740156,94,2011-10-14 13:41:00
13137.0,8,3650.41,1.915241477272727,345,2011-11-29 12:09:00
13138.0,6,962.39,2.8215873015873014,31,2011-11-17 16:51:00
13139.0,7,5064.94,3.541235294117647,132,2011-11-23 13:54:00
13140.0,3,423.72,2.9486956521739134,40,2011-08-23 15:33:00
13141.0,5,2388.75,2.202444444444444,113,2011-09-16 09:54:00
13142.0,1,307.09,2.9969565217391305,23,2011-11-20 16:07:00
13144.0,1,110.95,6.216666666666666,3,2011-01-11 11:15:00
13145.0,4,618.52,51.71,5,2011-10-31 12:45:00
13146.0,1,228.91,2.027058823529412,16,2011-11-13 15:29:00
13147.0,4,712.8000000000001,4.95,1,2011-11-29 13:59:00
13148.0,12,3707.12,3.467742946708464,231,2011-11-10 15:23:00
13149.0,4,1676.06,2.881860465116279,76,2011-11-25 13:09:00
13151.0,1,1257.8700000000001,5.689324324324324,73,2011-02-17 12:29:00
13153.0,1,486.22,1.278,15,2011-12-04 12:14:00
13155.0,4,971.76,2.912,67,2011-11-06 15:41:00
13157.0,4,1741.22,1.8683908045977013,69,2011-10-21 13:50:00
13158.0,4,1201.06,2.0106329113924053,59,2011-09-06 11:58:00
13159.0,4,1437.85,2.7321487603305785,114,2011-12-01 11:20:00
13160.0,1,91.8,3.025,4,2011-11-17 13:07:00
13161.0,1,112.75,4.8625,8,2011-01-30 14:03:00
13162.0,4,1688.29,1.4626582278481013,74,2011-08-09 15:59:00
13165.0,2,1021.48,0.800952380952381,40,2011-10-24 15:05:00
13166.0,1,417.2,2.3914634146341465,39,2011-03-01 15:16:00
13167.0,4,791.33,2.9483076923076923,51,2011-11-21 12:24:00
13168.0,4,1319.19,3.165267175572519,102,2011-11-03 12:56:00
13169.0,2,712.88,3.7823076923076924,11,2011-10-07 12:11:00
13170.0,1,116.00999999999999,1.54625,29,2011-11-13 12:19:00
13171.0,3,468.41,4.0445652173913045,37,2011-11-18 10:27:00
13173.0,2,353.65,2.6467441860465115,41,2011-12-05 15:51:00
13174.0,3,2817.03,3.3874840764331213,228,2011-11-23 14:35:00
13176.0,1,492.84,2.7775,66,2011-10-24 15:43:00
13177.0,1,282.45,3.514705882352941,17,2011-10-06 09:56:00
13178.0,11,5725.47,2.046566037735849,95,2011-11-13 16:14:00
13182.0,1,121.18,0.6854545454545454,11,2011-10-25 13:46:00
13183.0,9,3957.78,2.032659574468085,51,2011-12-02 10:30:00
13184.0,10,1701.29,1.8393922651933703,138,2011-11-25 12:02:00
13185.0,1,71.4,5.95,1,2011-03-17 11:56:00
13186.0,3,1575.89,3.2486075949367086,69,2011-10-31 11:40:00
13187.0,1,236.02,3.765405405405405,37,2011-01-06 18:57:00
13188.0,1,114.60000000000001,9.575,2,2011-11-28 15:28:00
13189.0,2,260.68,0.39172413793103444,29,2011-11-21 10:39:00
13192.0,2,911.94,2.6287301587301584,57,2011-09-05 14:13:00
13193.0,1,117.88,2.870344827586207,22,2011-10-09 14:30:00
13194.0,1,60.7,2.65,3,2011-07-27 09:01:00
13196.0,4,1797.78,2.5078181818181817,97,2011-11-28 13:54:00
13198.0,6,3401.2400000000002,2.379336283185841,199,2011-11-29 15:17:00
13199.0,38,9817.12,2.6299159663865543,48,2011-12-06 12:30:00
13200.0,4,870.09,3.3756521739130436,42,2011-11-20 15:35:00
13203.0,4,869.46,2.3040350877192983,56,2011-11-30 10:45:00
13207.0,2,250.26000000000002,2.2912500000000002,7,2011-11-24 14:52:00
13208.0,6,1223.9,2.338456375838926,124,2011-10-12 09:54:00
13209.0,8,5891.61,2.2679127725856696,255,2011-11-09 13:54:00
13210.0,1,353.48,1.5118181818181817,22,2011-09-07 08:18:00
13211.0,3,1197.42,1.4396428571428572,45,2011-11-29 14:43:00
13212.0,3,788.08,3.745211267605634,128,2011-11-20 12:40:00
13213.0,5,1520.58,2.7209999999999996,82,2011-10-14 11:42:00
13216.0,1,333.74,1.448,5,2011-03-17 12:18:00
13217.0,3,533.98,2.38,3,2011-08-09 15:32:00
13218.0,1,62.63999999999999,0.9299999999999999,5,2011-08-04 16:59:00
13220.0,4,819.2900000000001,4.531904761904762,18,2011-09-22 13:38:00
13221.0,2,847.41,5.01439393939394,62,2011-04-13 16:58:00
13223.0,2,163.20000000000002,1.9600000000000002,5,2011-05-23 13:03:00
13224.0,2,2155.95,2.3142592592592592,101,2011-10-10 14:55:00
13225.0,7,6463.84,2.3603125,23,2011-12-06 13:29:00
13226.0,1,108.21000000000001,2.711875,16,2011-03-11 14:35:00
13227.0,1,257.7,2.5999999999999996,9,2011-05-22 11:47:00
13228.0,1,358.0,1.79,2,2011-09-19 14:28:00
13229.0,1,160.95,4.0600000000000005,10,2011-04-28 12:07:00
13230.0,14,2806.97,2.399050736497545,393,2011-12-05 16:03:00
13232.0,7,1357.6,3.2770531400966183,147,2011-11-27 10:39:00
13233.0,2,605.12,0.737906976744186,43,2011-09-26 13:25:00
13235.0,1,1031.07,2.7143103448275863,53,2011-05-11 17:13:00
13236.0,2,744.85,4.0344444444444445,34,2011-11-15 12:50:00
13238.0,4,700.73,4.110645161290323,20,2011-11-22 15:37:00
13239.0,1,329.56,1.590952380952381,21,2011-03-23 10:25:00
13240.0,4,663.65,3.3132835820895523,59,2011-09-04 14:08:00
13242.0,3,270.40000000000003,2.08,12,2011-08-19 12:53:00
13243.0,1,600.07,3.6174137931034482,56,2011-05-20 13:14:00
13244.0,1,121.74000000000001,3.747777777777778,27,2011-09-08 11:46:00
13245.0,1,430.5,6.23125,16,2011-10-20 11:40:00
13246.0,6,1987.3,1.851418439716312,110,2011-11-21 16:50:00
13247.0,4,501.12,2.1075999999999997,18,2011-11-22 10:59:00
13248.0,2,465.68,2.6873076923076926,25,2011-08-07 12:40:00
13249.0,3,711.41,3.430869565217391,21,2011-09-08 13:26:00
13253.0,2,1030.4,1.1419444444444444,35,2011-07-06 10:09:00
13255.0,2,399.51,4.96,13,2011-11-30 13:14:00
13258.0,3,698.58,3.663684210526316,28,2011-11-28 09:31:00
13259.0,1,292.32,2.308390804597701,77,2011-10-09 10:48:00
13260.0,1,557.62,4.9675,8,2011-10-09 13:21:00
13261.0,2,944.1,5.488888888888889,8,2011-03-16 12:22:00
13262.0,1,200.29,3.092727272727273,11,2011-03-21 15:06:00
13263.0,35,7454.07,2.2423792486583185,450,2011-12-08 13:59:00
13265.0,5,2107.66,2.3726373626373625,66,2011-10-17 15:02:00
13266.0,12,3834.2599999999998,1.9028877005347595,82,2011-11-28 14:39:00
13267.0,19,4521.49,3.5107582938388626,88,2011-12-07 11:12:00
13268.0,11,3214.69,1.5559545454545454,257,2011-11-22 11:51:00
13269.0,15,5346.2300000000005,2.545474683544304,177,2011-12-08 14:53:00
13270.0,1,590.0,2.95,1,2010-12-08 14:53:00
13271.0,1,217.38,1.1966666666666665,79,2011-11-02 14:31:00
13272.0,2,276.56,5.339333333333333,15,2011-11-08 14:00:00
13273.0,1,138.98,1.298125,16,2011-08-18 14:02:00
13276.0,2,590.9300000000001,5.097666666666667,30,2011-10-07 12:44:00
13277.0,4,258.4,1.45,5,2011-11-24 09:21:00
13278.0,1,542.73,1.9269565217391305,46,2011-10-30 11:49:00
13279.0,1,137.75,2.6033333333333335,9,2011-09-22 17:24:00
13280.0,3,814.86,2.6203529411764706,67,2011-08-09 13:14:00
13282.0,3,1132.14,4.676216216216217,29,2011-11-21 15:33:00
13283.0,2,93.66,1.3071428571428572,7,2011-10-11 09:50:00
13284.0,1,201.19,4.397692307692308,13,2011-01-13 09:23:00
13285.0,4,2709.12,2.1348663101604277,157,2011-11-16 13:19:00
13291.0,1,361.11,2.6642857142857146,41,2011-07-07 10:36:00
13292.0,2,578.9399999999999,3.7332258064516126,29,2011-11-01 10:04:00
13294.0,2,873.74,3.6888888888888887,48,2011-06-03 08:54:00
13295.0,1,201.20000000000002,3.4899999999999998,10,2010-12-15 11:21:00
13296.0,1,87.4,2.408,5,2011-07-25 13:46:00
13297.0,4,2089.85,2.977966101694915,52,2011-12-02 09:32:00
13298.0,1,360.0,3.75,2,2011-12-08 13:11:00
13299.0,1,142.5,4.75,5,2011-03-16 12:55:00
13300.0,1,371.89,2.3865,20,2011-06-23 13:09:00
13301.0,4,618.09,2.637654320987654,75,2011-08-28 11:25:00
13302.0,1,63.75,12.75,1,2011-07-07 17:56:00
13304.0,1,300.42,3.161904761904762,21,2010-12-23 14:35:00
13305.0,10,2000.86,3.3620987654320986,50,2011-12-05 15:15:00
13307.0,1,15.0,3.75,1,2011-08-11 17:14:00
13308.0,3,1385.51,3.0190740740740742,49,2011-11-17 09:31:00
13309.0,5,1456.79,1.6181308411214952,82,2011-12-02 16:34:00
13310.0,3,1132.03,3.2480555555555557,65,2011-11-11 17:23:00
13311.0,2,598.57,4.1207692307692305,25,2011-12-05 12:55:00
13313.0,5,1555.32,2.132307692307692,47,2011-11-17 16:48:00
13314.0,3,775.94,3.1879032258064517,55,2011-12-08 12:29:00
13316.0,4,5977.7300000000005,2.504022988505747,66,2011-11-02 13:40:00
13317.0,6,2273.68,4.001209677419355,100,2011-10-04 13:35:00
13318.0,3,640.76,2.857,14,2011-12-08 18:51:00
13319.0,26,10845.550000000001,3.273970588235294,209,2011-12-04 13:34:00
13320.0,4,1548.7,1.8131132075471699,77,2011-09-22 18:07:00
13321.0,2,567.36,2.1245454545454545,10,2011-09-28 15:24:00
13322.0,1,199.48000000000002,2.7704000000000004,25,2011-11-22 14:21:00
13323.0,5,787.85,4.55,6,2011-12-06 17:12:00
13324.0,10,7121.95,2.7862666666666667,25,2011-11-03 16:28:00
13325.0,1,675.3,3.0283333333333338,12,2011-09-19 10:36:00
13327.0,8,3627.77,2.772222222222222,74,2011-11-01 10:21:00
13328.0,1,1308.48,1.8776470588235292,17,2011-01-27 15:22:00
13329.0,2,789.0,2.2535294117647062,16,2011-11-08 10:29:00
13330.0,3,1140.93,2.020377358490566,37,2011-09-08 12:27:00
13332.0,1,350.9,3.0352380952380953,21,2011-11-25 13:30:00
13334.0,3,3536.82,2.926119402985075,207,2011-09-18 15:21:00
13336.0,1,795.12,2.5023529411764707,51,2011-09-23 14:05:00
13338.0,1,487.02,6.575263157894737,19,2011-07-05 09:06:00
13339.0,1,860.12,5.235555555555556,54,2011-05-23 08:31:00
13340.0,7,10736.48,2.760223880597015,128,2011-10-25 13:15:00
13341.0,1,775.85,4.182142857142857,42,2011-03-24 09:50:00
13343.0,1,353.43,6.25421052631579,19,2011-06-15 12:24:00
13344.0,3,2543.72,5.008487394957983,115,2011-10-03 09:45:00
13345.0,1,389.5,5.6450000000000005,20,2011-02-25 09:01:00
13347.0,1,341.36,7.52,8,2011-09-30 13:28:00
13348.0,1,233.76,2.2057142857142855,14,2011-10-06 17:28:00
13349.0,1,247.32,4.02625,16,2011-11-29 08:07:00
13350.0,2,979.12,8.31575,36,2011-11-23 16:33:00
13351.0,1,373.94,6.498125,16,2011-10-04 12:55:00
13352.0,1,397.97999999999996,3.779583333333333,24,2011-10-10 13:55:00
13354.0,1,743.53,1.8486274509803922,51,2011-09-29 13:17:00
13355.0,1,674.7,2.7259375,32,2011-08-09 14:48:00
13356.0,1,768.24,4.316190476190476,42,2011-09-20 14:33:00
13357.0,1,609.95,2.9174444444444445,85,2011-03-27 13:56:00
13358.0,1,439.03,5.006551724137931,29,2011-03-16 11:52:00
13359.0,1,439.56,5.8,23,2011-10-07 09:30:00
13362.0,4,3090.7400000000002,3.499277108433735,128,2011-11-30 14:41:00
13363.0,2,992.5,3.8373333333333335,47,2011-11-22 12:40:00
13364.0,1,134.95999999999998,2.598,10,2011-09-29 18:13:00
13365.0,2,2225.37,3.115703125,122,2011-11-06 12:36:00
13366.0,1,56.160000000000004,0.39,1,2011-10-20 13:37:00
13368.0,2,623.4,4.917586206896552,29,2011-03-28 09:59:00
13369.0,1,308.28000000000003,6.5442857142857145,14,2010-12-09 11:30:00
13370.0,1,754.87,3.7279487179487183,39,2010-12-03 10:26:00
13372.0,1,378.64,6.020434782608696,23,2011-09-11 12:46:00
13373.0,3,3312.25,3.27006329113924,135,2011-10-10 10:51:00
13375.0,1,778.65,3.137567567567568,37,2011-09-12 10:19:00
13376.0,3,1019.76,5.379811320754717,45,2011-09-01 16:16:00
13379.0,3,572.56,1.7503092783505154,85,2011-11-13 13:45:00
13381.0,6,3639.31,3.0504069767441857,77,2011-11-08 11:58:00
13382.0,1,222.99,2.7520000000000002,15,2011-03-04 10:03:00
13384.0,7,4151.93,3.173223684210526,123,2011-11-09 11:04:00
13385.0,1,534.57,4.533142857142857,35,2011-01-14 09:52:00
13388.0,2,677.1,4.5608571428571425,35,2011-07-31 12:52:00
13389.0,3,797.96,3.844901960784314,50,2011-11-28 14:01:00
13390.0,1,544.08,3.060769230769231,13,2011-09-26 08:38:00
13391.0,1,59.8,14.95,1,2011-05-20 10:50:00
13394.0,8,2520.02,1.6380000000000001,124,2011-12-08 11:36:00
13395.0,1,307.72,2.7238095238095235,21,2011-06-07 15:04:00
13396.0,2,1360.99,3.8948837209302325,42,2011-11-10 16:59:00
13397.0,5,1544.13,4.0,28,2011-09-28 10:56:00
13398.0,1,457.34,3.4296153846153845,26,2011-05-31 13:17:00
13402.0,2,621.23,1.97974358974359,32,2011-08-04 15:51:00
13403.0,1,75.0,2.9166666666666665,3,2011-11-22 08:28:00
13404.0,2,252.49,2.900909090909091,11,2011-12-08 15:37:00
13405.0,3,572.451,5.427814814814814,25,2011-09-26 17:01:00
13408.0,62,28117.04,2.439100418410042,234,2011-12-08 09:05:00
13410.0,5,1003.06,2.440714285714286,15,2011-11-15 15:33:00
13411.0,1,213.55,3.263888888888889,17,2011-08-24 13:57:00
13414.0,3,1390.5,1.8404166666666668,23,2011-07-29 11:45:00
13416.0,2,712.5,5.455263157894737,11,2011-10-27 08:56:00
13417.0,2,640.83,6.356428571428571,26,2011-12-05 08:49:00
13418.0,18,6127.43,2.9381578947368423,223,2011-11-28 10:23:00
13419.0,1,221.06,1.011875,16,2011-10-07 12:49:00
13420.0,2,159.85,3.5425,8,2011-07-13 08:48:00
13421.0,2,1851.08,2.088461538461538,88,2011-10-30 14:21:00
13422.0,1,2626.3,3.0306299212598424,127,2011-10-06 13:42:00
13425.0,3,1624.21,2.634102564102564,66,2011-08-23 17:13:00
13426.0,10,3641.32,1.8858598726114648,103,2011-12-09 08:59:00
13427.0,3,582.6,1.6500000000000001,25,2011-11-20 13:02:00
13428.0,1,218.47,1.9724324324324325,70,2011-11-29 14:20:00
13429.0,4,1006.8,1.2207462686567165,55,2011-11-29 09:10:00
13430.0,2,679.45,1.6575510204081632,48,2011-11-21 08:19:00
13431.0,2,1269.1,3.2167391304347825,44,2011-10-03 13:49:00
13434.0,2,534.24,1.652,9,2011-09-26 14:30:00
13435.0,7,3809.8900000000003,2.935247524752475,68,2011-12-04 14:45:00
13436.0,1,196.89,5.829999999999999,12,2011-12-08 10:33:00
13437.0,7,3408.06,4.8889820359281435,143,2011-11-25 14:00:00
13439.0,1,283.71,1.7253703703703704,54,2011-03-29 14:20:00
13441.0,1,296.64,1.926153846153846,13,2011-09-09 09:38:00
13447.0,3,1129.14,3.139830508474576,55,2011-11-16 13:38:00
13448.0,6,3539.37,3.182205128205128,137,2011-11-23 12:33:00
13449.0,1,291.88,1.924736842105263,19,2011-11-16 08:28:00
13450.0,6,2043.7199999999998,1.5401408450704224,32,2011-11-13 11:54:00
13451.0,5,2976.15,2.1018284424379234,315,2011-11-13 15:58:00
13452.0,2,590.0,295.0,1,2011-03-25 14:19:00
13453.0,2,356.97999999999996,4.546470588235294,16,2011-06-27 09:34:00
13455.0,2,1058.34,4.624347826086956,42,2011-11-15 11:21:00
13456.0,6,1766.72,3.458730158730159,43,2011-11-22 09:18:00
13458.0,14,9646.57,2.4352356020942407,242,2011-12-02 15:29:00
13460.0,2,183.44,1.06,16,2011-11-10 17:17:00
13461.0,3,1445.0,1.5685185185185186,14,2011-11-01 09:01:00
13462.0,1,151.5,3.388888888888889,9,2011-04-01 11:20:00
13464.0,1,674.68,3.205609756097561,41,2011-10-12 15:01:00
13466.0,1,307.9,2.841764705882353,17,2011-06-08 16:39:00
13467.0,2,1083.71,2.731818181818182,89,2011-11-29 10:01:00
13468.0,37,5704.97,4.103245033112583,184,2011-12-08 10:39:00
13470.0,2,165.0,1.65,7,2011-09-01 14:57:00
13471.0,4,2531.58,2.5075384615384615,214,2011-12-08 15:44:00
13473.0,2,422.64,3.728095238095238,21,2011-10-10 11:20:00
13474.0,1,229.59,2.32265625,59,2011-04-17 13:53:00
13475.0,4,1431.78,2.8886046511627907,64,2011-06-01 13:52:00
13476.0,2,1238.47,8.79551724137931,56,2011-06-14 12:00:00
13477.0,6,1454.58,2.530886075949367,57,2011-11-02 12:04:00
13479.0,2,300.95,4.6466666666666665,14,2011-05-23 10:45:00
13481.0,5,1804.56,2.2855963302752293,98,2011-10-25 09:07:00
13482.0,1,184.64,2.439090909090909,11,2011-04-21 17:03:00
13483.0,1,140.34,1.0559999999999998,10,2011-10-05 11:53:00
13484.0,1,313.8,7.5,8,2011-04-12 16:30:00
13485.0,1,454.24,2.425217391304348,23,2011-04-20 13:58:00
13486.0,3,1122.41,2.9099999999999997,69,2011-09-22 13:13:00
13487.0,3,575.4,4.451176470588235,26,2011-10-13 12:07:00
13488.0,13,8968.31,3.4669194312796208,271,2011-11-22 14:41:00
13489.0,4,449.52,1.417142857142857,11,2011-08-26 13:16:00
13491.0,10,1215.82,3.372093023255814,73,2011-10-19 08:32:00
13492.0,3,1269.84,4.5016,38,2011-07-26 14:25:00
13493.0,2,618.63,12.89625,6,2011-03-09 15:35:00
13494.0,1,316.26000000000005,3.665,18,2011-02-01 11:58:00
13495.0,5,2044.8700000000001,2.5783333333333336,34,2011-12-02 11:21:00
13496.0,2,653.33,3.108285714285714,28,2011-11-29 10:58:00
13497.0,2,348.05,2.973684210526316,19,2011-03-02 09:04:00
13499.0,5,1159.11,2.131666666666667,31,2011-11-22 11:21:00
13500.0,3,1166.77,3.627076923076923,60,2011-11-16 15:35:00
13501.0,1,1340.32,3.7321153846153843,52,2011-02-24 18:59:00
13502.0,3,292.0,1.7977777777777777,17,2011-11-23 10:39:00
13503.0,1,216.85,2.1811764705882353,17,2011-09-29 13:23:00
13504.0,1,295.93,3.7018181818181817,22,2011-10-06 13:20:00
13505.0,4,4393.63,3.2970232558139534,182,2011-09-28 11:56:00
13506.0,2,458.52,2.8611538461538464,26,2011-01-27 13:53:00
13507.0,4,2479.16,3.3541975308641976,146,2011-12-06 13:13:00
13508.0,1,110.97,5.1925,12,2011-04-10 11:58:00
13509.0,7,979.72,1.3643181818181818,27,2011-12-01 10:10:00
13510.0,4,1791.56,2.385913043478261,86,2011-12-08 13:46:00
13512.0,1,251.21,4.1353333333333335,15,2011-03-24 10:03:00
13513.0,1,205.1,3.685,10,2011-08-05 11:50:00
13514.0,1,152.20000000000002,4.175000000000001,4,2011-09-27 09:39:00
13515.0,4,891.12,2.1654237288135594,50,2011-09-28 11:26:00
13516.0,3,1389.41,2.9477272727272723,43,2011-11-18 13:15:00
13517.0,3,2128.42,2.921631205673759,125,2011-10-11 11:43:00
13518.0,1,659.4399999999999,2.7518421052631576,36,2011-09-15 10:29:00
13519.0,1,122.75,6.34375,8,2011-09-22 18:24:00
13520.0,6,3624.35,4.549462365591398,49,2011-10-12 10:20:00
13521.0,3,1093.65,1.8141743119266056,313,2011-12-08 13:50:00
13522.0,1,125.80000000000001,3.2700000000000005,5,2011-11-09 15:11:00
13523.0,5,3964.88,6.2013372093023245,157,2011-11-06 15:11:00
13524.0,5,680.1800000000001,3.4651851851851854,17,2011-10-30 12:34:00
13525.0,2,628.78,3.901666666666667,5,2011-11-25 12:01:00
13527.0,7,2287.51,2.858340807174888,153,2011-11-06 12:04:00
13529.0,2,307.76,5.598666666666667,15,2011-09-22 09:15:00
13531.0,2,483.8,4.539545454545455,17,2011-05-18 16:56:00
13532.0,1,210.31,2.223181818181818,66,2011-11-06 12:25:00
13533.0,3,270.79,1.9332894736842106,61,2011-06-10 11:54:00
13534.0,25,5870.08,2.811013513513514,119,2011-12-07 14:52:00
13536.0,7,3448.29,3.2182681564245814,91,2011-12-08 16:38:00
13538.0,7,1280.85,7.4764,10,2011-10-27 16:34:00
13539.0,3,631.34,4.195135135135135,35,2011-09-15 10:18:00
13544.0,2,291.41,2.943448275862069,76,2011-10-31 11:57:00
13546.0,3,626.99,2.204285714285714,72,2011-11-27 14:50:00
13548.0,2,682.41,2.8149193548387097,114,2011-09-04 14:50:00
13549.0,7,918.2,3.5321568627450985,37,2011-11-14 09:20:00
13551.0,1,91.80000000000001,7.65,4,2011-01-24 14:46:00
13552.0,12,3740.07,3.9112844036697245,82,2011-10-04 15:19:00
13555.0,4,4149.28,2.388235294117647,128,2011-09-27 12:36:00
13557.0,2,584.06,1.4773529411764705,31,2011-11-11 15:24:00
13558.0,4,605.06,2.2094857142857145,123,2011-12-04 11:24:00
13560.0,1,174.37,2.9854545454545454,32,2011-12-02 13:11:00
13561.0,1,141.85999999999999,3.5464285714285713,14,2011-05-08 12:39:00
13562.0,3,1799.33,3.83719512195122,50,2011-09-19 10:51:00
13563.0,2,777.53,8.512857142857143,49,2011-09-16 14:45:00
13564.0,3,1749.02,10.248795180722892,68,2011-07-18 14:33:00
13565.0,2,240.22,1.7186842105263158,35,2011-11-20 14:33:00
13566.0,2,874.71,1.8909090909090909,134,2011-10-30 11:59:00
13568.0,1,192.85,3.001136363636364,41,2011-06-19 14:42:00
13569.0,2,373.75,3.1531764705882352,73,2011-11-22 13:07:00
13570.0,1,239.49,2.102592592592593,27,2011-04-10 13:36:00
13571.0,12,2092.32,1.7267741935483871,157,2011-11-27 10:47:00
13572.0,1,1384.25,4.502424242424243,32,2011-05-18 11:59:00
13573.0,2,294.4,3.5473076923076925,24,2011-10-20 14:33:00
13575.0,5,732.0699999999999,2.1478260869565218,41,2011-11-16 13:14:00
13576.0,18,6717.34,3.223492063492064,78,2011-11-29 15:34:00
13577.0,4,1687.6000000000001,3.086987951807229,61,2011-11-14 15:19:00
13579.0,2,467.04,4.260434782608695,19,2011-11-25 08:41:00
13581.0,1,118.0,4.48,10,2011-02-03 14:41:00
13583.0,1,781.03,2.0120754716981133,53,2011-07-07 10:40:00
13584.0,1,142.4,4.164583333333333,24,2011-02-06 12:49:00
13587.0,1,712.4,6.63625,8,2011-10-07 12:31:00
13588.0,9,2478.95,1.376494252873563,131,2011-11-24 10:42:00
13589.0,2,379.65,6.701428571428571,21,2011-11-25 12:10:00
13590.0,6,1981.92,1.8458620689655172,70,2011-11-28 12:54:00
13591.0,3,1117.13,3.979310344827586,56,2011-10-06 12:26:00
13592.0,4,247.95999999999998,6.26,15,2011-11-04 09:49:00
13593.0,5,2037.0800000000002,4.3735156250000005,77,2011-08-23 13:35:00
13594.0,1,396.97,1.5953846153846152,26,2011-10-18 10:19:00
13596.0,2,697.04,2.282951807228916,133,2011-12-04 12:01:00
13598.0,1,180.17000000000002,3.3560000000000003,33,2011-10-23 14:28:00
13599.0,21,5153.67,2.7971659919028338,171,2011-12-08 16:10:00
13600.0,1,219.52,3.0642105263157893,19,2011-01-31 15:27:00
13601.0,2,693.32,1.8624242424242423,90,2011-10-25 17:31:00
13602.0,1,428.89,2.0608695652173914,23,2011-10-06 11:47:00
13603.0,1,164.34,2.111851851851852,27,2011-11-13 15:57:00
13606.0,3,280.53999999999996,2.2688372093023257,40,2011-11-10 17:46:00
13607.0,1,678.01,3.150612244897959,93,2011-10-30 16:17:00
13610.0,7,1131.88,2.8789823008849558,165,2011-11-27 15:38:00
13611.0,3,1171.8,2.35472972972973,67,2011-09-11 14:51:00
13614.0,4,1610.46,3.7748756218905473,171,2011-11-15 14:47:00
13615.0,1,417.69,3.387391304347826,23,2011-01-25 08:21:00
13617.0,3,544.18,2.789772727272727,31,2011-10-30 13:50:00
13618.0,1,177.34,1.0353846153846153,13,2011-06-19 11:09:00
13621.0,1,213.85,1.1289473684210527,19,2011-08-15 08:26:00
13623.0,5,747.78,3.594444444444444,75,2011-11-09 12:00:00
13626.0,1,257.23,2.1405263157894736,19,2011-04-01 10:05:00
13627.0,5,1638.47,2.9745652173913046,84,2011-10-11 14:20:00
13629.0,11,7792.36,2.3242372881355933,28,2011-11-16 13:21:00
13630.0,7,2031.78,2.003098591549296,51,2011-12-04 15:16:00
13631.0,11,3070.42,6.16090909090909,6,2011-09-01 09:57:00
13632.0,5,2121.27,3.1735616438356162,121,2011-11-15 10:51:00
13634.0,5,1575.16,3.3305851063829786,156,2011-11-06 13:40:00
13635.0,1,1071.03,2.405806451612903,62,2011-10-03 10:55:00
13636.0,5,949.12,3.785396825396825,57,2011-11-03 10:30:00
13637.0,3,810.5,2.365841584158416,79,2011-10-18 13:32:00
13638.0,1,122.64,2.9925,8,2011-11-24 10:38:00
13639.0,1,1033.34,1.443,39,2011-09-26 13:36:00
13642.0,1,354.8,3.251212121212121,57,2011-05-08 12:34:00
13643.0,3,519.44,2.394642857142857,24,2011-11-08 15:37:00
13644.0,4,2624.26,3.043013698630137,144,2011-11-23 14:07:00
13645.0,1,252.1,3.3699999999999997,5,2011-08-11 16:11:00
13647.0,4,1678.1200000000001,3.3203797468354432,65,2011-11-30 12:00:00
13649.0,2,346.6,3.191304347826087,23,2011-03-28 11:51:00
13650.0,6,1836.34,3.1525,79,2011-11-23 12:22:00
13651.0,2,94.2,6.058333333333334,6,2011-11-04 14:59:00
13652.0,3,1095.08,3.1233333333333335,48,2011-10-25 08:51:00
13654.0,6,2707.33,2.5266867469879517,157,2011-10-27 16:24:00
13655.0,2,932.97,3.3296428571428573,52,2011-08-17 14:25:00
13656.0,2,379.65,1.7189795918367348,49,2011-06-28 10:31:00
13657.0,2,382.14,2.993125,16,2011-11-29 12:32:00
13658.0,5,2639.17,4.0226851851851855,91,2011-11-30 10:13:00
13659.0,2,1573.2,3.8291346153846155,92,2011-05-18 12:37:00
13662.0,3,897.76,3.2800000000000002,50,2011-09-15 12:04:00
13663.0,1,189.47,4.5,13,2011-06-13 15:44:00
13666.0,3,84.65,3.7416666666666667,12,2011-10-10 15:39:00
13667.0,1,305.02,2.4348275862068967,82,2011-07-13 15:42:00
13668.0,21,6363.59,2.976063829787234,284,2011-12-07 12:11:00
13669.0,2,218.55,2.7511111111111113,9,2011-10-20 09:32:00
13670.0,1,349.7,1.8768,25,2011-09-25 15:25:00
13672.0,2,186.39000000000001,4.463333333333334,4,2011-02-11 13:53:00
13673.0,2,396.92,3.301846153846154,47,2011-11-21 12:11:00
13675.0,2,486.82000000000005,1.9028,25,2011-07-11 12:57:00
13678.0,1,232.6,0.39375,16,2011-07-11 10:14:00
13680.0,4,3722.42,2.205230769230769,164,2011-12-08 13:47:00
13681.0,4,827.83,2.902456140350877,37,2011-11-22 11:13:00
13682.0,1,59.5,7.083333333333333,3,2011-06-05 14:06:00
13684.0,1,67.23,1.7446666666666668,29,2011-02-27 10:13:00
13685.0,7,3119.44,0.7007692307692308,29,2011-12-07 11:41:00
13686.0,1,72.0,1.1625,8,2011-06-10 09:10:00
13689.0,1,910.0,1.7,6,2011-10-07 13:21:00
13690.0,1,172.25,5.972222222222222,9,2011-10-11 15:03:00
13692.0,3,1488.32,2.5984905660377358,48,2011-11-15 11:17:00
13694.0,50,65039.62,1.5689964788732396,366,2011-12-06 09:32:00
13695.0,15,2504.13,2.646888888888889,46,2011-11-08 14:26:00
13697.0,1,151.29999999999998,1.3933333333333333,12,2011-11-01 09:14:00
13699.0,1,308.58000000000004,6.3064285714285715,14,2011-07-07 16:51:00
13700.0,10,2265.12,1.585736040609137,139,2011-11-13 13:00:00
13703.0,1,99.5,9.95,1,2011-01-25 13:10:00
13704.0,9,2308.06,3.328805970149254,111,2011-12-04 15:13:00
13705.0,3,711.86,7.6085714285714285,25,2011-12-02 12:32:00
13706.0,1,330.79,2.774,20,2011-02-10 09:21:00
13707.0,2,806.41,4.463333333333334,48,2011-03-17 18:03:00
13708.0,1,296.88,2.057450980392157,49,2011-03-13 13:46:00
13709.0,13,6328.05,3.551071428571429,244,2011-12-06 10:28:00
13710.0,1,180.48,1.16625,8,2011-11-08 08:16:00
13711.0,2,252.06,3.7800000000000002,11,2011-05-05 10:31:00
13712.0,1,228.84,1.2349999999999999,10,2011-04-07 12:33:00
13715.0,5,1079.34,2.284761904761905,89,2011-03-03 19:21:00
13716.0,1,138.28,1.4195238095238094,21,2011-03-15 13:49:00
13717.0,6,1445.01,2.0434313725490196,92,2011-11-07 14:13:00
13718.0,2,306.55,5.529166666666666,9,2011-04-07 13:24:00
13719.0,5,1041.68,3.266,56,2011-11-24 15:26:00
13720.0,4,799.9,3.17906976744186,42,2011-08-15 12:46:00
13721.0,1,524.14,2.8510714285714287,28,2011-11-03 14:05:00
13722.0,3,2375.41,2.8843529411764703,75,2011-07-31 12:44:00
13723.0,1,199.85000000000002,5.283333333333333,6,2011-05-06 17:04:00
13725.0,8,1980.56,4.336057692307692,95,2011-10-21 10:03:00
13726.0,2,1079.6599999999999,1.0761904761904761,39,2011-11-01 10:49:00
13727.0,2,333.48,2.941,19,2011-11-11 09:46:00
13728.0,6,1016.14,5.451746031746032,38,2011-11-03 10:49:00
13730.0,2,752.6,3.238139534883721,38,2011-07-27 08:35:00
13731.0,2,610.59,4.2894736842105265,36,2011-05-04 14:33:00
13732.0,1,491.86,1.58,33,2011-11-11 15:49:00
13735.0,4,2885.2400000000002,4.036377551020408,158,2011-11-15 11:14:00
13736.0,2,731.9,2.177696335078534,166,2011-12-04 15:19:00
13737.0,1,339.59999999999997,3.848666666666667,29,2011-05-23 16:32:00
13739.0,1,216.9,5.483333333333333,3,2011-11-21 13:35:00
13740.0,1,350.75,1.5960869565217393,23,2011-04-13 10:32:00
13741.0,3,668.4300000000001,5.225588235294118,34,2011-09-29 09:19:00
13742.0,12,3131.02,4.103551401869159,200,2011-11-23 11:07:00
13743.0,7,1341.6,1.1202439024390243,8,2011-12-07 10:09:00
13744.0,2,1156.36,1.7072222222222222,54,2011-09-05 15:19:00
13745.0,1,300.04,0.6456000000000001,25,2011-06-30 16:43:00
13747.0,1,79.6,9.95,1,2010-12-01 10:37:00
13748.0,5,948.25,3.9964285714285714,24,2011-09-05 09:45:00
13750.0,5,1647.26,5.020416666666667,20,2011-10-17 12:16:00
13751.0,1,296.25,3.5300000000000002,9,2011-02-24 15:56:00
13752.0,6,1186.28,3.0701315789473687,64,2011-08-07 14:16:00
13753.0,1,741.26,1.7942857142857143,35,2011-02-25 12:48:00
13754.0,2,282.59999999999997,2.3375,11,2011-07-11 11:51:00
13755.0,9,2161.35,3.0728947368421053,232,2011-12-06 12:26:00
13756.0,14,5189.52,2.7371126760563382,66,2011-12-07 16:44:00
13758.0,7,3190.55,3.287948717948718,104,2011-11-28 11:11:00
13759.0,2,659.4100000000001,3.3627999999999996,24,2011-11-06 14:47:00
13760.0,2,286.79,1.984561403508772,50,2011-10-16 16:13:00
13761.0,2,1070.65,2.9494285714285717,68,2011-10-20 14:01:00
13762.0,1,306.72,1.26,7,2011-05-05 09:15:00
13763.0,1,1714.96,2.598,15,2011-10-07 15:13:00
13764.0,3,1521.76,2.7239903846153846,183,2011-09-30 12:03:00
13767.0,37,17220.36,3.713532608695652,55,2011-12-07 15:00:00
13769.0,10,2796.51,3.727777777777778,73,2011-12-07 15:08:00
13771.0,4,2634.45,2.6267226890756303,114,2011-10-06 14:18:00
13772.0,3,1132.13,2.463898305084746,141,2011-11-06 11:43:00
13774.0,1,345.0,3.290909090909091,22,2011-09-19 12:06:00
13777.0,33,25977.16,2.269137055837563,36,2011-12-09 12:25:00
13778.0,1,178.7,3.3,9,2011-08-28 15:25:00
13780.0,2,360.01,2.5831578947368423,56,2011-12-02 13:49:00
13781.0,1,127.84,4.557058823529411,17,2011-04-03 12:08:00
13782.0,6,912.0,3.508521739130435,96,2011-11-27 11:54:00
13784.0,11,2462.79,2.6380645161290324,9,2011-11-30 09:33:00
13786.0,1,230.39999999999998,1.8928571428571428,7,2010-12-07 13:53:00
13787.0,2,309.04,2.4777419354838712,24,2011-09-25 12:06:00
13790.0,1,348.8,0.7717777777777777,45,2011-12-05 15:48:00
13791.0,2,1516.0,1.2463636363636363,7,2011-08-04 11:44:00
13792.0,2,195.55,3.5461538461538464,13,2011-10-04 14:31:00
13798.0,57,37153.85,2.1165329512893982,113,2011-12-08 15:51:00
13799.0,2,688.86,2.1302564102564103,32,2011-08-15 12:07:00
13800.0,1,558.32,2.553939393939394,33,2011-02-03 12:27:00
13801.0,1,324.8,3.9543478260869565,23,2011-10-04 10:15:00
13802.0,3,4599.42,2.6631666666666667,55,2011-07-24 10:54:00
13803.0,1,277.07,2.922941176470588,17,2011-03-29 12:57:00
13804.0,7,2635.79,3.0835036496350363,124,2011-11-09 12:32:00
13805.0,2,924.6,0.5930769230769231,10,2011-10-18 14:50:00
13806.0,1,256.38,5.233,10,2011-10-07 11:43:00
13807.0,1,112.6,5.1499999999999995,7,2010-12-07 15:48:00
13808.0,5,1747.66,3.7531578947368422,70,2011-12-04 12:18:00
13809.0,1,155.05,7.108333333333333,11,2011-02-07 13:15:00
13810.0,3,1499.01,21.278000000000002,32,2011-11-11 08:33:00
13811.0,3,814.5,26.25,7,2011-06-09 09:54:00
13812.0,3,539.0,3.586111111111111,33,2011-10-28 14:27:00
13813.0,4,1366.8600000000001,4.282608695652174,54,2011-10-31 10:38:00
13814.0,2,1579.12,3.020701754385965,37,2011-09-08 13:48:00
13815.0,4,4027.36,2.566875,132,2011-11-17 14:19:00
13816.0,2,571.6700000000001,4.742142857142857,25,2011-11-16 08:38:00
13817.0,2,382.98,3.219583333333333,20,2011-11-10 17:49:00
13819.0,3,1140.35,2.003611111111111,26,2011-02-11 10:38:00
13821.0,2,385.64,3.2916949152542374,51,2011-07-18 09:49:00
13822.0,2,632.0,1.7905208333333331,90,2011-12-04 12:13:00
13823.0,2,957.66,3.9204999999999997,39,2011-11-21 10:22:00
13824.0,5,1698.94,2.7528260869565218,34,2011-11-07 12:41:00
13826.0,1,189.5,5.7299999999999995,10,2011-06-16 13:48:00
13827.0,3,412.05,3.7441935483870967,83,2011-10-13 12:38:00
13828.0,1,209.49,1.9046666666666667,15,2011-11-17 16:02:00
13831.0,6,2202.99,3.957432432432433,58,2011-11-23 15:41:00
13832.0,1,52.199999999999996,2.283333333333333,3,2011-11-20 15:36:00
13833.0,1,384.8,4.8999999999999995,28,2011-07-03 13:27:00
13835.0,4,834.57,3.2005454545454546,48,2011-11-14 15:37:00
13837.0,2,271.24,2.1978947368421053,17,2011-05-12 12:10:00
13838.0,4,691.73,3.102528735632184,144,2011-12-04 11:00:00
13841.0,1,85.0,0.85,1,2011-04-01 12:10:00
13842.0,9,3385.62,4.044271844660194,155,2011-10-12 10:51:00
13844.0,1,361.62,2.4605,20,2011-11-28 13:21:00
13845.0,1,312.98,1.9544444444444444,9,2011-10-06 08:25:00
13846.0,3,865.0600000000001,3.524909090909091,55,2011-11-15 12:07:00
13848.0,3,1255.0,0.462,3,2011-09-08 12:58:00
13849.0,2,1537.95,3.023960396039604,97,2011-10-19 10:59:00
13850.0,1,1595.48,2.4186021505376343,93,2011-08-02 14:04:00
13851.0,3,2651.46,2.238888888888889,77,2011-09-05 12:36:00
13853.0,1,1090.14,4.546086956521739,23,2011-10-13 14:18:00
13854.0,25,8109.5199999999995,4.628363636363637,39,2011-12-01 09:06:00
13856.0,3,388.5,1.06,10,2011-06-24 10:03:00
13858.0,1,216.17,4.335454545454545,11,2011-10-13 16:17:00
13859.0,1,201.16,2.887857142857143,27,2011-01-17 16:14:00
13860.0,5,1245.9,3.514605263157895,58,2011-12-08 12:57:00
13862.0,8,2209.36,1.6970503597122304,97,2011-11-21 16:24:00
13863.0,1,305.78,2.5965,20,2011-04-06 10:20:00
13865.0,4,501.56,3.902333333333333,26,2011-10-12 13:31:00
13866.0,1,145.67000000000002,3.375714285714286,7,2011-09-26 14:54:00
13867.0,3,1015.29,3.9440983606557376,51,2011-11-08 15:48:00
13868.0,2,3192.54,1.8542424242424242,32,2011-12-02 16:32:00
13869.0,4,3104.95,2.9445928338762215,234,2011-08-08 13:53:00
13870.0,8,2770.94,3.378608695652174,91,2011-12-07 13:23:00
13871.0,13,6403.25,3.7608928571428573,155,2011-11-17 10:49:00
13873.0,3,389.6,4.609565217391304,21,2011-08-12 10:08:00
13874.0,1,540.45,5.5055555555555555,18,2010-12-16 18:20:00
13875.0,5,1786.79,1.9584615384615385,79,2011-10-17 09:36:00
13876.0,1,122.7,5.114285714285714,7,2011-10-07 10:22:00
13877.0,1,117.24,1.1766666666666665,3,2011-09-14 15:49:00
13878.0,1,1281.53,4.655277777777778,35,2011-10-16 12:19:00
13880.0,13,3219.77,2.68830303030303,125,2011-11-18 13:44:00
13881.0,20,17159.52,2.6765168539325845,72,2011-12-06 12:50:00
13882.0,5,1191.13,3.381846153846154,54,2011-12-07 11:16:00
13883.0,5,2674.48,3.3760563380281687,108,2011-11-29 10:45:00
13884.0,5,787.6,3.5635593220338984,45,2011-12-02 16:30:00
13885.0,2,506.8,3.960714285714286,28,2011-06-03 15:07:00
13886.0,1,243.56,3.805,16,2011-09-29 13:17:00
13887.0,1,349.55,3.8542105263157898,19,2011-05-19 17:22:00
13888.0,2,605.63,4.1217500000000005,38,2011-08-12 10:13:00
13889.0,1,416.90000000000003,3.8333333333333335,15,2011-09-08 09:13:00
13890.0,10,1883.8100000000002,3.4015454545454546,74,2011-12-08 15:36:00
13892.0,4,632.97,1.1092592592592592,26,2011-11-13 11:50:00
13893.0,1,821.1,6.199999999999999,21,2011-02-15 11:30:00
13894.0,3,564.62,2.6707407407407406,25,2011-11-16 09:44:00
13895.0,4,2593.07,2.9353389830508476,97,2011-11-11 16:57:00
13897.0,1,311.16,1.9476470588235293,17,2011-10-20 14:30:00
13898.0,1,155.93,2.6141666666666667,12,2011-01-18 10:28:00
13899.0,2,388.52,3.0310526315789477,19,2011-11-23 13:40:00
13900.0,3,740.95,3.113720930232558,42,2011-06-09 19:26:00
13901.0,5,2867.2,3.7404697986577182,144,2011-09-28 14:48:00
13904.0,2,332.64,1.323846153846154,24,2011-11-02 13:41:00
13908.0,4,2369.55,2.867540983606557,104,2011-09-21 11:49:00
13911.0,9,2580.91,2.389189189189189,120,2011-10-13 15:43:00
13914.0,2,626.45,2.5521212121212122,28,2011-11-28 10:35:00
13917.0,2,272.04,2.022222222222222,16,2011-10-21 09:56:00
13918.0,2,1212.8400000000001,2.1853333333333333,30,2011-10-21 12:25:00
13919.0,2,384.81,2.8360714285714286,24,2011-10-11 14:24:00
13922.0,1,172.25,4.988571428571428,7,2010-12-23 10:38:00
13923.0,1,351.13,2.9745,20,2011-10-17 12:33:00
13924.0,6,1838.8500000000001,2.6076068376068373,90,2011-12-08 09:39:00
13925.0,4,678.25,5.914390243902439,28,2011-09-08 12:47:00
13926.0,1,223.85000000000002,6.533636363636364,11,2011-11-16 13:16:00
13927.0,1,348.99,2.6957142857142857,21,2011-09-26 12:00:00
13928.0,4,464.57,5.767407407407408,23,2011-11-29 10:33:00
13929.0,2,842.65,5.294444444444444,8,2011-06-23 15:26:00
13930.0,2,337.34,1.6405882352941177,15,2011-10-13 09:45:00
13931.0,2,1237.53,2.0460344827586208,56,2011-09-05 10:12:00
13932.0,1,307.4,6.103125,16,2011-02-18 12:02:00
13933.0,2,608.7900000000001,3.460434782608696,23,2011-08-22 14:03:00
13934.0,1,922.1,3.1870967741935483,31,2011-03-21 08:39:00
13936.0,1,376.58,1.5419230769230767,26,2011-06-13 08:47:00
13937.0,1,158.85,1.6944444444444444,9,2011-06-23 16:35:00
13938.0,1,71.66,1.012857142857143,7,2011-11-04 14:37:00
13939.0,3,568.55,1.1835555555555555,43,2011-11-16 13:33:00
13940.0,4,839.14,3.121428571428571,39,2011-11-22 15:15:00
13941.0,5,5112.96,3.8584444444444443,24,2011-11-18 09:43:00
13946.0,3,561.5699999999999,1.679090909090909,11,2011-09-21 13:33:00
13947.0,1,90.6,2.93,5,2011-10-05 14:42:00
13948.0,1,102.0,3.9499999999999997,3,2010-12-14 10:18:00
13949.0,6,2427.32,1.456625,124,2011-12-07 09:35:00
13950.0,4,745.06,4.589714285714285,33,2011-11-28 14:44:00
13951.0,3,674.45,3.4892307692307694,38,2011-06-16 16:43:00
13952.0,2,3251.071,3.9832919708029197,120,2011-05-06 09:00:00
13953.0,7,3515.68,2.293,8,2011-12-02 16:04:00
13954.0,2,439.92,5.4508,24,2011-12-08 12:50:00
13955.0,2,322.96,3.016060606060606,33,2011-07-08 17:19:00
13956.0,5,1026.42,3.4226973684210527,123,2011-12-04 13:20:00
13959.0,3,598.2,2.2039130434782606,79,2011-09-21 15:06:00
13960.0,2,230.22,2.105,11,2011-11-18 15:27:00
13962.0,2,169.55,7.019090909090909,11,2011-11-18 08:47:00
13963.0,4,664.54,3.2680000000000002,35,2011-02-04 14:43:00
13967.0,1,80.7,3.6,2,2011-07-17 12:02:00
13969.0,18,9053.94,2.954297124600639,334,2011-12-02 15:11:00
13971.0,8,2758.26,2.225167785234899,118,2011-11-21 12:06:00
13972.0,2,190.25,2.546,15,2011-09-30 11:54:00
13973.0,1,264.7,3.7563636363636363,11,2011-02-25 15:21:00
13974.0,1,413.59000000000003,2.1967857142857143,28,2011-10-21 14:41:00
13975.0,6,2526.28,2.1954142011834317,240,2011-11-08 13:19:00
13976.0,1,357.98,3.568,10,2011-05-17 09:13:00
13978.0,2,196.79000000000002,1.2106666666666668,14,2011-11-25 11:36:00
13979.0,1,869.87,1.8322222222222222,54,2011-09-27 13:32:00
13980.0,1,200.14,3.9145454545454546,11,2011-10-10 13:34:00
13982.0,4,1871.81,2.232072072072072,72,2011-10-31 16:24:00
13983.0,12,2603.43,6.329999999999999,91,2011-11-10 11:06:00
13984.0,5,920.51,2.10875,14,2011-11-13 12:38:00
13985.0,15,7060.13,2.384498567335244,108,2011-12-05 17:06:00
13986.0,1,320.46,1.8615384615384616,12,2011-11-22 15:00:00
13988.0,6,4147.96,2.99974358974359,188,2011-11-20 10:15:00
13989.0,2,1266.08,2.6253658536585367,33,2011-10-05 09:47:00
13990.0,1,311.3,2.66,16,2011-05-10 15:19:00
13991.0,6,855.97,1.4925000000000002,58,2011-11-27 16:18:00
13992.0,1,76.8,1.17,5,2011-11-09 15:23:00
13993.0,9,3466.36,5.586942148760331,66,2011-10-28 09:06:00
13994.0,6,2313.14,3.8118064516129033,122,2011-12-06 11:05:00
13995.0,5,1393.69,2.227558139534884,55,2011-11-24 14:22:00
13999.0,12,3901.81,2.274903846153846,102,2011-11-29 13:40:00
14000.0,1,635.66,1.9493333333333334,15,2011-05-12 16:50:00
14001.0,3,2043.0800000000002,3.536153846153846,34,2011-10-25 10:31:00
14002.0,2,529.73,2.411489361702128,47,2011-07-28 15:55:00
14004.0,7,4582.64,2.8440350877192984,102,2011-10-27 14:40:00
14005.0,5,2874.72,2.205238095238095,53,2011-11-30 12:41:00
14006.0,3,962.19,2.3706666666666667,22,2011-08-16 09:39:00
14009.0,2,695.61,2.822142857142857,42,2011-05-25 15:47:00
14012.0,1,328.8,2.8318181818181816,11,2011-03-07 12:26:00
14013.0,3,473.02,1.3817647058823528,30,2011-08-21 15:01:00
14014.0,1,505.18,0.5679487179487179,39,2011-09-23 13:18:00
14015.0,1,917.34,3.107,20,2011-10-18 10:02:00
14016.0,4,4341.21,3.9495652173913043,154,2011-07-01 11:29:00
14019.0,3,1421.61,2.4148484848484846,37,2011-10-24 10:13:00
14020.0,2,642.8,2.848974358974359,37,2011-11-23 09:22:00
14021.0,3,631.9,4.502272727272727,22,2011-07-07 15:46:00
14022.0,1,440.0,1.2953571428571429,28,2011-04-28 14:39:00
14023.0,2,584.07,2.870967741935484,30,2011-12-02 13:58:00
14024.0,2,327.7,3.70125,16,2011-08-10 11:30:00
14027.0,1,104.82,2.143333333333333,6,2011-10-10 09:01:00
14029.0,2,467.66,4.366,15,2011-10-07 14:46:00
14030.0,8,2360.09,4.054444444444445,210,2011-11-21 16:48:00
14031.0,19,17286.86,4.32708,119,2011-12-02 17:13:00
14032.0,11,2975.59,2.38993006993007,53,2011-12-07 15:23:00
14034.0,3,651.8199999999999,2.354494382022472,82,2011-11-17 14:02:00
14035.0,5,1428.02,2.81030303030303,41,2011-11-11 10:03:00
14036.0,1,626.65,4.371842105263158,38,2011-02-28 09:26:00
14037.0,2,147.20000000000002,3.460714285714286,27,2011-06-16 13:57:00
14038.0,3,1560.38,1.917717391304348,64,2011-09-22 13:37:00
14039.0,1,152.2,2.033333333333333,6,2011-11-06 13:48:00
14040.0,12,3614.92,3.8171063829787233,146,2011-10-30 12:42:00
14041.0,1,141.41,1.870952380952381,21,2011-03-18 13:25:00
14044.0,4,652.82,2.5656937799043065,165,2011-11-13 12:05:00
14045.0,4,1659.75,4.233333333333333,4,2011-08-22 15:27:00
14046.0,1,154.99,0.5407142857142857,14,2011-02-28 14:48:00
14047.0,5,1308.6100000000001,4.8353125,22,2011-12-01 11:43:00
14048.0,1,409.93,2.1890588235294115,83,2011-02-07 14:53:00
14049.0,4,5681.72,2.570655737704918,348,2011-11-23 12:20:00
14050.0,2,746.36,1.5387037037037037,49,2011-11-08 10:00:00
14051.0,23,15610.390000000001,4.660714285714286,52,2011-12-09 10:20:00
14052.0,1,225.36,2.882142857142857,56,2011-11-20 12:30:00
14053.0,2,260.25,1.3775,2,2011-08-07 14:27:00
14054.0,1,92.46,1.5133333333333334,6,2011-10-05 15:49:00
14055.0,1,725.6400000000001,4.453,10,2011-08-25 15:04:00
14056.0,23,8214.65,2.8268083182640145,320,2011-12-08 13:36:00
14057.0,17,6217.96,1.9360211267605636,179,2011-11-16 10:32:00
14059.0,1,183.6,2.3125,8,2011-03-18 10:06:00
14060.0,19,6140.42,1.4406930693069306,86,2011-12-05 12:29:00
14062.0,12,10464.85,2.8256756756756753,60,2011-11-30 10:04:00
14064.0,5,1353.74,1.58,59,2011-11-10 13:14:00
14066.0,1,152.55,4.364285714285715,7,2011-03-18 12:21:00
14067.0,2,374.7,2.8625,51,2011-10-07 10:21:00
14068.0,1,265.85,4.091666666666667,22,2011-01-23 16:02:00
14071.0,8,1438.82,2.4038271604938273,271,2011-12-06 12:27:00
14073.0,1,151.04,2.1415384615384614,13,2011-11-07 15:49:00
14075.0,3,942.26,1.8132558139534884,33,2011-12-05 08:38:00
14076.0,1,122.47,2.009130434782609,43,2011-08-02 15:19:00
14077.0,5,499.41999999999996,2.665952380952381,33,2011-10-30 12:35:00
14078.0,6,1049.37,2.6804615384615382,46,2011-08-30 12:16:00
14079.0,1,375.1,3.2733333333333334,12,2011-08-07 12:10:00
14080.0,1,45.599999999999994,0.95,4,2011-11-07 11:09:00
14081.0,2,934.52,3.0334640522875818,126,2011-02-10 16:17:00
14082.0,1,182.25,2.587586206896552,28,2010-12-10 11:02:00
14083.0,9,1018.43,2.806243093922652,162,2011-12-05 13:14:00
14085.0,18,4448.54,2.401177777777778,272,2011-12-07 13:46:00
14087.0,1,194.42,1.4207246376811595,61,2011-12-07 12:41:00
14088.0,13,50491.81,5.730696095076401,379,2011-11-29 16:16:00
14089.0,1,161.0,2.207142857142857,13,2011-10-14 10:38:00
14090.0,1,76.32000000000001,1.06,1,2011-01-19 10:51:00
14092.0,14,4076.91,2.7328971962616824,117,2011-12-02 12:13:00
14093.0,1,442.85,1.4897142857142855,95,2011-11-27 16:27:00
14096.0,17,65164.79,6.5217080806104475,1119,2011-12-05 17:17:00
14098.0,1,147.35,1.7047619047619047,21,2011-11-03 10:13:00
14099.0,11,3104.17,2.59356,167,2011-11-23 13:53:00
14100.0,1,194.9,3.388461538461539,24,2011-07-25 11:01:00
14101.0,6,5976.79,1.73,15,2011-09-27 12:28:00
14102.0,5,1360.28,2.0744303797468353,35,2011-12-04 15:38:00
14104.0,2,216.20999999999998,7.933809523809523,21,2011-07-08 12:50:00
14105.0,1,1266.23,2.9174324324324328,74,2011-04-14 17:58:00
14107.0,7,2703.23,2.6591056910569106,61,2011-10-19 12:12:00
14108.0,2,597.91,3.093235294117647,33,2011-11-09 10:41:00
14109.0,1,144.2,2.466666666666667,9,2011-09-28 10:18:00
14110.0,12,5683.15,2.3614193548387097,94,2011-12-06 12:26:00
14111.0,4,692.85,3.6799999999999997,10,2011-11-25 13:44:00
14112.0,7,2915.15,2.5103125,117,2011-11-17 12:30:00
14113.0,4,1840.42,2.481176470588235,26,2011-12-06 12:18:00
14114.0,2,386.53,6.312666666666667,15,2011-03-11 09:42:00
14116.0,5,1382.74,3.251666666666667,61,2011-11-20 10:29:00
14117.0,1,90.0,1.25,3,2011-07-19 09:49:00
14121.0,4,2780.15,2.2942138364779874,148,2011-12-06 12:19:00
14124.0,1,419.58000000000004,0.358,4,2011-09-16 13:32:00
14125.0,3,2740.43,3.1613173652694613,159,2011-11-29 12:47:00
14126.0,3,706.1300000000001,4.040666666666667,14,2011-12-02 11:45:00
14127.0,3,709.71,3.9595454545454545,39,2011-08-09 10:49:00
14128.0,2,637.5,1.895,40,2011-10-10 12:00:00
14129.0,5,1123.8600000000001,2.734423076923077,31,2011-12-08 11:02:00
14130.0,1,483.86,2.865373134328358,66,2011-01-24 16:05:00
14132.0,11,3586.0299999999997,1.71775,100,2011-12-07 13:35:00
14133.0,3,605.64,3.7950000000000004,25,2011-08-02 11:34:00
14135.0,15,4690.31,2.472462686567164,95,2011-12-08 11:38:00
14138.0,2,982.3800000000001,2.3117021276595744,40,2011-12-08 12:44:00
14139.0,1,415.82,1.4576923076923076,26,2011-10-24 13:34:00
14140.0,2,935.05,1.823939393939394,60,2011-12-06 09:05:00
14141.0,4,915.13,3.5195,27,2011-12-07 09:53:00
14142.0,1,311.81,1.7704545454545455,22,2010-12-01 16:33:00
14143.0,1,115.8,5.485714285714286,7,2011-07-29 09:48:00
14145.0,4,3742.2,4.95,6,2011-10-24 12:10:00
14146.0,5,4191.0,2.6339047619047617,183,2011-12-01 10:18:00
14147.0,2,483.4,4.55,4,2011-09-22 18:10:00
14148.0,1,157.2,7.55,3,2011-04-20 12:02:00
14149.0,1,446.62,2.9699999999999998,28,2011-05-03 09:44:00
14150.0,2,658.64,1.6823076923076923,23,2011-11-04 10:05:00
14152.0,2,621.29,1.143469387755102,47,2011-09-25 12:54:00
14154.0,2,1345.62,7.893076923076923,52,2011-04-14 16:26:00
14155.0,1,118.75,5.45,6,2011-03-18 14:13:00
14156.0,55,117379.63,3.826914285714286,714,2011-11-30 10:54:00
14157.0,2,432.88,2.1975000000000002,45,2011-11-20 11:32:00
14158.0,1,507.66,1.5365853658536586,41,2011-10-30 15:08:00
14159.0,11,4693.01,1.4932392026578072,501,2011-11-20 12:36:00
14161.0,3,1110.52,3.1771296296296296,87,2011-05-08 11:41:00
14162.0,2,289.36,3.8892,25,2011-06-19 11:36:00
14163.0,4,2445.91,4.738076923076923,36,2011-09-13 15:18:00
14164.0,2,1631.77,1.5541379310344827,28,2011-09-30 12:24:00
14165.0,1,122.53999999999999,3.2376,23,2011-03-09 12:39:00
14167.0,4,574.84,4.298461538461539,27,2011-10-31 14:29:00
14171.0,1,363.79,2.8863793103448274,57,2011-09-02 16:43:00
14173.0,4,450.84,4.376896551724138,28,2011-11-29 11:54:00
14174.0,1,134.46,1.9373076923076922,26,2011-11-06 13:17:00
14175.0,3,3222.3,3.7063758389261743,139,2011-10-11 11:55:00
14176.0,4,576.9000000000001,3.574193548387097,28,2011-02-15 13:12:00
14177.0,4,559.41,4.346666666666667,37,2011-09-14 15:11:00
14178.0,7,1620.93,1.7031192660550458,191,2011-12-01 12:01:00
14179.0,2,719.78,2.813575757575758,135,2011-10-30 12:07:00
14180.0,25,4748.52,9.311208333333333,112,2011-11-29 10:56:00
14184.0,1,452.89,5.418333333333333,24,2011-10-04 12:43:00
14185.0,1,197.65,59.73333333333333,3,2011-01-12 13:52:00
14188.0,6,2054.36,1.975076923076923,34,2011-11-09 12:45:00
14189.0,15,4654.08,2.158,176,2011-12-07 15:55:00
14191.0,13,4684.76,1.9932818532818533,145,2011-12-08 09:23:00
14193.0,2,853.39,2.724047619047619,35,2011-10-03 09:34:00
14194.0,21,11349.52,3.387288428324698,269,2011-12-05 10:38:00
14195.0,2,1012.0,5.992857142857143,7,2011-05-22 10:29:00
14196.0,1,335.52,3.265,6,2011-08-25 10:25:00
14198.0,4,701.4,4.7356410256410255,35,2011-11-21 16:35:00
14199.0,1,185.39999999999998,5.8999999999999995,2,2011-05-05 13:44:00
14201.0,7,747.44,2.545945945945946,32,2011-10-10 13:27:00
14204.0,1,161.03,2.4050000000000002,36,2011-12-07 13:38:00
14205.0,2,466.7,4.167916666666667,23,2011-11-23 10:55:00
14206.0,1,328.15999999999997,1.797,20,2011-04-14 16:38:00
14208.0,1,151.74,3.5269999999999997,10,2011-09-06 12:48:00
14209.0,6,2073.43,5.291494252873563,55,2011-11-29 10:18:00
14210.0,6,1905.8400000000001,3.816372549019608,66,2011-08-26 12:36:00
14211.0,9,2241.1,2.7716964285714285,87,2011-10-17 13:23:00
14212.0,1,1070.48,1.2522222222222221,9,2011-09-11 12:45:00
14214.0,5,1004.38,2.3407462686567166,64,2011-11-09 10:31:00
14215.0,6,1789.72,2.221111111111111,98,2011-11-28 12:19:00
14216.0,4,1839.3,4.716271186440678,47,2011-12-06 14:56:00
14217.0,17,2004.98,5.4955,78,2011-12-08 11:53:00
14218.0,1,169.48000000000002,1.4400000000000002,12,2011-10-28 10:00:00
14219.0,1,89.94,2.2885714285714287,7,2011-12-05 16:23:00
14220.0,2,632.4,3.3961904761904766,21,2011-04-06 13:23:00
14221.0,9,3432.8,3.2711398963730574,123,2011-10-28 13:42:00
14222.0,1,683.17,1.706829268292683,41,2011-06-15 16:42:00
14223.0,3,991.13,3.8998333333333335,50,2011-09-08 13:38:00
14224.0,4,1050.12,3.8577966101694914,105,2011-08-21 13:24:00
14226.0,5,2232.19,2.8997014925373135,64,2011-11-11 11:34:00
14227.0,10,3350.96,2.8489714285714287,117,2011-11-13 15:48:00
14229.0,3,1547.2,3.22,29,2011-10-19 10:04:00
14231.0,3,925.71,3.6696000000000004,47,2011-06-09 11:05:00
14232.0,5,2048.07,1.8238260869565217,81,2011-10-28 11:09:00
14233.0,4,1462.72,2.7905714285714285,30,2011-10-21 15:54:00
14234.0,4,775.46,1.591069182389937,122,2011-11-17 17:53:00
14235.0,5,3144.86,2.017974683544304,65,2011-09-25 14:37:00
14236.0,2,490.86,2.0653333333333332,15,2011-09-20 09:13:00
14237.0,1,161.0,7.122222222222222,9,2010-12-01 13:20:00
14238.0,1,146.85,2.2874999999999996,8,2011-01-17 14:40:00
14239.0,11,2380.85,3.6066964285714285,83,2011-10-27 14:40:00
14240.0,2,890.34,3.439761904761905,37,2011-11-09 13:45:00
14241.0,1,213.70000000000002,1.955,10,2011-06-09 11:46:00
14242.0,2,280.55,3.720625,13,2011-04-19 11:46:00
14243.0,10,2588.77,3.9612765957446805,99,2011-12-01 11:12:00
14245.0,2,1693.45,3.1289814814814814,107,2011-05-04 08:40:00
14246.0,3,1474.06,2.9734666666666665,57,2011-08-21 11:50:00
14247.0,1,136.76999999999998,3.912,19,2011-03-06 15:21:00
14248.0,1,302.58,3.0525,8,2011-01-25 14:45:00
14250.0,3,1904.05,2.487207207207207,94,2011-12-02 14:30:00
14251.0,5,2879.7000000000003,2.0692307692307694,37,2011-12-08 08:32:00
14256.0,2,969.0600000000001,4.05188679245283,51,2011-03-24 13:17:00
14257.0,5,3099.7200000000003,2.838867924528302,88,2011-10-06 16:54:00
14258.0,9,12669.98,3.8380180180180177,58,2011-11-30 15:27:00
14259.0,1,120.0,2.83,5,2011-07-21 10:44:00
14261.0,2,1163.45,5.064038461538461,52,2011-10-20 10:04:00
14262.0,8,2618.23,2.090699300699301,87,2011-12-01 14:17:00
14264.0,2,333.97,6.62,15,2011-07-08 10:20:00
14265.0,2,530.18,5.862903225806452,31,2011-08-22 13:32:00
14267.0,3,1516.24,4.3910909090909085,25,2011-06-30 10:09:00
14270.0,1,492.65000000000003,4.570689655172414,29,2011-01-12 09:33:00
14271.0,1,112.32,2.491,10,2011-04-28 12:47:00
14272.0,2,437.96,2.2675757575757576,33,2011-09-27 10:08:00
14273.0,4,559.97,2.4848275862068965,22,2011-10-19 13:20:00
14276.0,3,1119.74,2.2271875,52,2011-09-02 09:45:00
14277.0,3,4216.2,3.8665777777777777,195,2011-11-24 15:01:00
14280.0,1,134.04,4.73375,8,2011-05-27 10:37:00
14282.0,15,3729.34,1.600320512820513,70,2011-12-06 17:04:00
14284.0,2,595.25,4.821875,24,2011-11-09 08:11:00
14285.0,4,1910.01,4.82037037037037,18,2011-11-18 14:50:00
14286.0,3,4628.75,1.5431785714285713,220,2011-11-16 10:34:00
14287.0,3,176.63,1.913333333333333,9,2011-12-01 13:25:00
14288.0,1,426.6,3.00625,16,2011-05-10 13:22:00
14289.0,6,911.26,5.346382978723404,33,2011-12-01 11:44:00
14290.0,5,2314.65,3.6530693069306936,89,2011-11-28 14:02:00
14291.0,11,3883.25,2.5928691983122363,145,2011-12-08 10:26:00
14292.0,9,4871.93,3.346,64,2011-12-02 11:50:00
14293.0,4,1046.56,2.206393442622951,51,2011-12-06 15:17:00
14295.0,1,166.20000000000002,1.9300000000000002,5,2011-10-30 15:50:00
14297.0,4,1305.33,2.3419354838709676,48,2011-11-22 09:06:00
14298.0,44,51527.3,1.4979780085522296,884,2011-12-01 13:12:00
14299.0,9,3965.62,3.091818181818182,94,2011-12-01 16:05:00
14300.0,1,43.2,1.383333333333333,3,2011-11-21 08:57:00
14301.0,1,640.14,1.3523076923076922,13,2011-08-14 15:33:00
14304.0,1,383.45,4.885294117647058,17,2011-05-01 11:50:00
14305.0,3,1858.96,2.3532380952380954,96,2011-09-29 15:29:00
14306.0,2,2093.32,4.135151515151516,33,2011-10-19 13:23:00
14307.0,6,2995.72,2.4864444444444445,150,2011-09-12 09:38:00
14309.0,9,2352.53,2.456153846153846,74,2011-12-01 13:33:00
14311.0,1,310.26,5.084,20,2011-04-11 10:14:00
14312.0,6,1611.59,3.5480459770114945,74,2011-10-24 09:46:00
14314.0,1,120.0,0.66625,8,2011-08-25 10:39:00
14315.0,6,2481.13,3.71,64,2011-10-26 12:06:00
14317.0,1,508.58000000000004,3.0975,24,2011-10-06 10:44:00
14320.0,2,477.79,1.957741935483871,29,2011-05-17 09:24:00
14321.0,5,1530.75,1.41869918699187,111,2011-11-29 09:47:00
14323.0,2,605.0600000000001,2.996388888888889,32,2011-08-17 11:37:00
14326.0,1,183.85,2.8000000000000003,8,2011-04-11 15:04:00
14327.0,1,311.65,2.5875,12,2011-06-29 13:58:00
14329.0,7,5014.84,2.8467181467181466,218,2011-11-22 15:50:00
14331.0,2,462.65999999999997,3.019285714285714,27,2011-08-07 13:17:00
14332.0,3,866.31,2.1165384615384615,22,2011-11-17 11:54:00
14333.0,1,415.2,8.063333333333334,15,2011-10-03 10:38:00
14334.0,8,2552.21,3.291543209876543,98,2011-11-23 10:01:00
14335.0,2,468.26,2.2895238095238097,55,2011-11-23 13:41:00
14336.0,4,1614.91,1.6151111111111112,77,2011-11-23 11:40:00
14338.0,2,588.22,3.6470967741935483,30,2011-07-01 14:08:00
14339.0,1,309.52,2.032857142857143,14,2011-04-11 11:06:00
14340.0,1,134.7,2.9333333333333336,6,2011-05-05 09:44:00
14341.0,8,2182.28,2.553875968992248,109,2011-10-25 15:48:00
14342.0,4,668.5600000000001,2.8904761904761904,18,2011-11-18 13:21:00
14344.0,8,889.9300000000001,4.225633802816901,56,2011-08-04 13:51:00
14345.0,1,108.97999999999999,3.49,6,2011-11-01 09:51:00
14346.0,2,1021.58,4.602333333333333,55,2011-08-11 09:47:00
14348.0,1,409.57,2.962222222222222,18,2011-03-24 16:23:00
14349.0,1,133.5,2.3193548387096774,31,2011-11-29 15:39:00
14350.0,1,282.93,2.2866666666666666,18,2011-03-10 14:14:00
14351.0,1,51.0,4.25,1,2011-06-28 11:56:00
14352.0,4,1078.96,3.8659574468085105,44,2011-07-05 15:41:00
14353.0,1,90.6,1.3666666666666665,6,2011-05-08 16:06:00
14354.0,2,163.62,1.2377777777777779,9,2011-12-04 11:32:00
14355.0,1,174.4,2.85,11,2010-12-09 12:16:00
14356.0,2,701.23,3.9027272727272724,33,2011-09-21 09:18:00
14357.0,1,225.77,1.9502439024390246,39,2011-10-27 16:23:00
14359.0,3,912.18,3.922727272727273,44,2011-11-20 13:17:00
14360.0,4,2128.23,3.1004237288135594,104,2011-11-08 09:12:00
14362.0,1,161.2,2.3285365853658537,37,2011-11-17 15:08:00
14364.0,8,3717.35,3.0260869565217394,61,2011-08-23 11:01:00
14367.0,16,9261.52,3.1757251908396946,270,2011-12-01 13:19:00
14368.0,1,155.0,6.125,8,2011-01-24 09:52:00
14371.0,1,100.5,3.775,4,2011-02-17 16:35:00
14373.0,1,76.55,11.625,4,2010-12-16 15:40:00
14375.0,1,257.68,1.8789333333333331,57,2011-06-07 13:44:00
14377.0,2,617.05,9.15,11,2011-06-01 13:32:00
14379.0,2,348.1,2.1617391304347824,39,2011-10-26 16:43:00
14381.0,1,202.68,1.627857142857143,56,2011-10-18 17:10:00
14382.0,1,626.0699999999999,1.6106870229007633,121,2011-11-13 16:18:00
14383.0,3,1247.69,3.32593220338983,49,2011-11-01 15:53:00
14385.0,3,202.11,1.6164285714285715,13,2011-11-30 15:36:00
14386.0,1,142.4,3.885714285714286,7,2011-02-16 09:45:00
14387.0,3,1770.56,3.382142857142857,125,2011-11-07 12:29:00
14388.0,8,3212.84,2.7180645161290324,124,2011-11-29 13:32:00
14389.0,2,1043.46,2.1333333333333333,33,2011-10-05 15:17:00
14390.0,9,4652.82,3.07986013986014,135,2011-11-29 13:49:00
14393.0,1,67.95,5.390000000000001,5,2011-05-05 18:16:00
14395.0,9,3507.71,2.787057142857143,181,2011-12-07 14:34:00
14396.0,2,487.99,2.626849315068493,71,2011-10-05 16:09:00
14397.0,19,2612.96,2.0789655172413792,18,2011-12-07 09:22:00
14400.0,1,574.7,1.7368000000000001,25,2011-07-13 15:50:00
14401.0,13,4051.48,1.3996153846153845,113,2011-12-05 13:30:00
14403.0,4,1475.81,6.2535,17,2011-08-01 12:57:00
14404.0,6,1474.32,3.066116504854369,70,2011-11-06 12:30:00
14406.0,1,156.75,3.795,8,2011-08-12 16:54:00
14407.0,6,2157.73,3.5512328767123287,67,2011-08-24 14:02:00
14408.0,7,2606.53,1.8925233644859814,60,2011-11-29 11:41:00
14409.0,6,2059.4500000000003,2.8044444444444445,40,2011-09-29 18:18:00
14410.0,9,1105.07,2.3759067357512955,153,2011-09-08 15:08:00
14411.0,1,1063.0,8.175,14,2011-02-02 10:56:00
14412.0,2,770.03,2.304418604651163,43,2011-10-28 10:45:00
14413.0,1,122.7,2.8065217391304347,22,2010-12-12 13:37:00
14414.0,7,1496.98,0.9145360824742267,79,2011-09-09 12:09:00
14415.0,13,5900.28,2.9509661016949154,283,2011-12-08 14:38:00
14416.0,2,490.22,1.6685714285714286,13,2011-11-17 15:22:00
14418.0,3,1937.25,2.1406451612903226,114,2011-12-06 11:39:00
14419.0,6,1058.06,2.5041747572815534,112,2011-11-29 11:22:00
14420.0,1,387.52,1.5313793103448274,29,2011-09-01 18:07:00
14421.0,2,813.11,2.6351851851851853,25,2011-10-13 13:24:00
14422.0,6,4263.64,2.810225225225225,189,2011-12-09 11:26:00
14423.0,1,265.2,1.9833333333333332,3,2011-05-05 15:12:00
14424.0,1,322.08,6.71,1,2011-11-22 11:48:00
14426.0,10,4481.67,3.2663392857142854,183,2011-11-16 12:25:00
14427.0,2,363.34000000000003,1.9870588235294118,16,2011-10-20 14:23:00
14428.0,5,1244.83,4.181319444444444,108,2011-12-02 13:17:00
14431.0,1,470.36,4.69,17,2011-02-10 10:40:00
14432.0,6,2255.51,1.4508115183246075,256,2011-11-30 08:04:00
14434.0,6,1372.8,4.451666666666667,3,2011-11-18 08:56:00
14436.0,1,89.06,2.1177777777777775,9,2011-09-02 10:13:00
14437.0,1,63.0,1.05,5,2010-12-09 09:27:00
14438.0,1,131.9,1.5944444444444443,9,2011-02-06 14:56:00
14439.0,1,2661.24,6.4809375,32,2011-01-24 11:39:00
14440.0,5,2357.6800000000003,4.7023636363636365,33,2011-12-01 15:42:00
14441.0,4,1712.89,5.544117647058823,43,2011-12-09 09:07:00
14442.0,2,1589.82,6.323492063492063,58,2011-05-19 11:36:00
14443.0,4,1420.2,2.5386021505376344,84,2011-10-17 10:10:00
14446.0,4,1039.58,1.8383276450511945,233,2011-12-09 11:34:00
14447.0,5,1163.23,2.576571428571429,54,2011-11-21 08:28:00
14448.0,2,375.35,2.7175000000000002,20,2011-11-30 13:50:00
14449.0,4,907.1,1.6575968992248062,201,2011-11-21 12:06:00
14450.0,3,483.25,2.7905,32,2011-06-12 10:46:00
14451.0,2,662.59,1.9695412844036697,86,2011-10-10 13:38:00
14452.0,2,264.44,3.127741935483871,55,2011-11-29 12:06:00
14453.0,1,119.93,3.777272727272727,22,2011-06-02 14:15:00
14456.0,9,3062.4,1.7757628865979382,580,2011-12-04 13:59:00
14457.0,1,113.64,1.2550000000000001,4,2011-02-02 09:39:00
14459.0,1,1837.92,3.4364864864864866,37,2011-07-07 13:35:00
14460.0,3,434.34,0.6643749999999999,14,2011-08-21 14:19:00
14461.0,3,2103.06,3.721833333333333,173,2011-07-14 17:11:00
14462.0,11,2004.02,2.8845416666666663,150,2011-10-04 15:55:00
14463.0,3,529.62,5.976666666666667,6,2011-09-02 15:20:00
14465.0,3,1058.6200000000001,2.8282307692307693,107,2011-04-07 12:38:00
14466.0,7,2272.4,3.7937499999999997,35,2011-11-10 14:07:00
14467.0,4,598.76,2.7585555555555556,67,2011-11-22 12:48:00
14470.0,2,461.19,4.8388372093023255,43,2011-11-28 10:31:00
14472.0,8,1936.84,2.7660142348754446,153,2011-08-28 11:01:00
14473.0,2,234.34000000000003,4.107142857142857,7,2011-09-26 15:10:00
14474.0,1,547.66,6.527931034482759,29,2011-10-24 13:26:00
14475.0,3,925.85,3.125238095238095,35,2011-09-29 10:46:00
14476.0,1,215.7,3.2710526315789474,17,2011-03-27 15:39:00
14477.0,4,1309.6,1.8920000000000001,7,2011-11-20 11:11:00
14479.0,2,316.25,4.016666666666667,18,2011-03-31 09:07:00
14480.0,1,279.05,3.0015384615384617,13,2011-11-28 16:35:00
14481.0,2,636.51,1.994,25,2011-06-28 10:38:00
14482.0,6,2068.15,2.442361111111111,110,2011-11-21 13:14:00
14483.0,1,137.1,1.8522222222222224,9,2011-03-03 10:26:00
14484.0,1,321.92,2.0957142857142856,14,2011-10-20 14:11:00
14485.0,1,165.75,2.682978723404255,44,2011-11-01 12:25:00
14487.0,6,1196.33,2.496111111111111,112,2011-11-13 12:17:00
14488.0,1,1064.28,2.131304347826087,46,2011-10-03 09:30:00
14489.0,1,463.38,1.7770000000000001,30,2011-05-16 14:51:00
14491.0,2,340.93,4.54235294117647,17,2011-06-17 15:22:00
14493.0,5,2383.2400000000002,3.024583333333333,95,2011-12-02 16:14:00
14494.0,1,139.56,1.6614285714285713,7,2011-11-14 09:21:00
14495.0,2,123.8,2.0083333333333333,6,2011-10-20 12:28:00
14496.0,2,538.8100000000001,5.65421052631579,16,2011-02-01 09:01:00
14497.0,1,475.37,4.478620689655172,29,2011-02-03 17:01:00
14498.0,5,1957.32,2.807720207253886,162,2011-10-28 12:09:00
14499.0,3,815.32,1.9600515463917525,146,2011-11-13 13:01:00
14500.0,3,356.85,6.214285714285714,6,2011-09-12 16:45:00
14501.0,2,251.21,2.175,9,2011-06-09 12:02:00
14502.0,11,2470.67,2.378974358974359,368,2011-11-20 11:50:00
14503.0,6,3543.26,2.6662195121951218,113,2011-12-06 13:30:00
14504.0,4,673.26,3.4827102803738317,85,2011-10-23 16:00:00
14505.0,8,5905.64,2.888247809762203,540,2011-11-22 15:45:00
14506.0,5,2012.17,3.365221518987342,204,2011-11-22 13:02:00
14507.0,6,1383.18,3.1722916666666667,79,2011-11-16 12:21:00
14508.0,2,276.42,3.432280701754386,52,2011-11-17 19:48:00
14511.0,5,1314.81,2.501764705882353,53,2011-11-28 17:05:00
14512.0,2,275.28,4.611739130434782,19,2011-06-05 12:39:00
14513.0,3,455.59000000000003,2.4391666666666665,11,2011-08-31 11:25:00
14514.0,3,1055.35,3.2264383561643837,65,2011-10-09 16:05:00
14515.0,6,2102.09,2.7978217821782176,68,2011-11-22 11:37:00
14517.0,2,330.45,5.333333333333333,17,2011-11-06 14:20:00
14518.0,1,174.37,2.699375,16,2011-10-06 14:43:00
14520.0,2,270.6,3.2075,3,2011-12-08 09:46:00
14522.0,4,974.54,2.531764705882353,15,2011-11-15 13:24:00
14523.0,1,241.09,2.72,12,2011-08-23 13:13:00
14524.0,9,1867.68,4.042660098522167,161,2011-11-08 12:29:00
14525.0,9,4332.2,3.239209621993127,217,2011-11-20 11:37:00
14527.0,55,8508.82,5.357716049382716,330,2011-12-07 12:19:00
14528.0,1,364.21999999999997,1.973888888888889,18,2011-11-02 17:09:00
14529.0,3,620.04,1.9686026200873363,177,2011-10-10 15:27:00
14530.0,6,2925.91,4.156435185185185,140,2011-11-14 10:38:00
14532.0,4,932.85,5.6234375000000005,45,2011-04-17 13:05:00
14533.0,7,1949.72,1.4325806451612904,53,2011-11-15 12:05:00
14534.0,18,4447.05,3.3136030828516376,331,2011-12-07 12:19:00
14535.0,3,2864.19,2.5123333333333333,280,2011-10-10 15:39:00
14536.0,1,171.8,4.8315789473684205,18,2011-03-25 12:21:00
14537.0,1,355.56,2.963,10,2011-10-13 10:54:00
14538.0,2,388.25,3.318947368421053,19,2011-10-06 10:31:00
14539.0,2,537.48,2.0790625,31,2011-11-24 09:50:00
14540.0,3,996.26,3.8622368421052626,64,2011-11-30 10:15:00
14541.0,8,1461.65,2.464054054054054,71,2011-10-12 10:08:00
14542.0,1,103.25,5.41,5,2011-06-07 08:19:00
14543.0,16,3630.33,6.137222222222222,43,2011-11-11 12:45:00
14544.0,2,2024.45,2.4168421052631577,97,2011-11-15 15:06:00
14546.0,5,2578.09,2.679122807017544,250,2011-12-04 13:00:00
14547.0,8,4007.54,2.8737704918032785,198,2011-12-06 11:06:00
14548.0,2,652.8,2.55,2,2011-07-12 12:19:00
14549.0,1,289.24,3.2125,56,2011-02-01 13:47:00
14550.0,2,765.62,2.184375,38,2011-11-29 12:12:00
14551.0,2,186.23,4.702,9,2011-11-21 13:36:00
14552.0,1,165.07,1.8751724137931036,57,2011-07-11 12:49:00
14553.0,5,859.27,3.723628318584071,103,2011-11-20 13:20:00
14554.0,4,2381.04,2.756851851851852,147,2011-11-29 16:44:00
14555.0,2,324.14,3.0109523809523813,18,2011-10-13 16:24:00
14557.0,1,788.38,1.59,16,2011-09-15 15:48:00
14560.0,22,2237.77,4.907027027027027,39,2011-12-02 15:22:00
14561.0,3,1080.76,1.9856521739130433,67,2011-09-25 12:39:00
14562.0,18,5074.77,3.4981560283687942,187,2011-12-06 11:05:00
14565.0,4,3099.12,3.911732283464567,111,2011-09-05 09:07:00
14566.0,1,1432.0,1.79,4,2011-08-21 11:05:00
14567.0,2,1530.3600000000001,3.7118181818181815,33,2011-10-14 10:21:00
14569.0,1,227.39,3.92,10,2011-12-08 14:58:00
14570.0,2,218.06,3.372068965517242,29,2011-03-04 10:58:00
14572.0,7,2832.84,2.987888888888889,190,2011-12-06 14:40:00
14573.0,9,1653.42,4.4331489361702126,127,2011-06-13 11:15:00
14576.0,1,35.400000000000006,2.95,1,2010-12-02 17:51:00
14577.0,4,859.71,2.643333333333333,86,2011-11-27 12:47:00
14578.0,1,168.63,2.45125,24,2011-12-06 17:18:00
14581.0,1,138.6,1.5829411764705883,16,2011-11-23 12:39:00
14582.0,1,114.11,3.39,6,2011-10-30 11:56:00
14583.0,5,1052.55,1.9964545454545455,243,2011-12-04 12:32:00
14584.0,4,1042.26,3.5141000000000004,68,2011-06-23 18:33:00
14585.0,1,157.05,1.9896551724137932,29,2011-10-20 14:33:00
14586.0,1,237.36,0.6984210526315789,19,2011-03-08 10:04:00
14587.0,9,1601.14,2.3890339425587466,170,2011-11-21 11:34:00
14589.0,1,39.75,7.95,3,2010-12-03 11:42:00
14591.0,4,1447.14,2.8107106598984775,138,2011-11-24 13:57:00
14592.0,3,570.46,2.0446341463414632,132,2011-11-04 16:35:00
14593.0,3,617.99,2.0631578947368423,127,2011-11-18 12:48:00
14594.0,2,379.83,3.3492452830188677,48,2011-12-02 13:28:00
14595.0,6,1740.6,2.9027450980392153,94,2011-11-20 12:12:00
14597.0,2,883.15,1.4760000000000002,45,2011-11-28 13:13:00
14598.0,1,221.97,1.5216,49,2011-10-26 13:19:00
14600.0,1,393.33000000000004,5.3628,25,2011-02-07 09:48:00
14601.0,1,213.96,1.4342857142857142,7,2011-11-29 09:48:00
14603.0,1,660.0,1.65,2,2011-03-10 10:27:00
14606.0,93,12156.65,2.8132407407407407,819,2011-12-08 19:28:00
14607.0,14,16569.5,2.1001162790697676,38,2011-11-24 10:35:00
14608.0,4,1785.15,4.225,8,2011-12-05 16:52:00
14609.0,4,601.56,0.1225,2,2011-09-28 12:54:00
14616.0,3,406.08000000000004,3.44,2,2011-04-11 09:54:00
14618.0,3,553.44,4.274375,10,2011-11-30 13:45:00
14619.0,1,394.44,4.706,20,2011-04-08 07:37:00
14620.0,2,412.78000000000003,3.4223076923076925,26,2011-05-18 11:58:00
14621.0,5,1788.3600000000001,3.0166304347826083,80,2011-12-08 16:22:00
14622.0,1,320.58000000000004,3.212380952380953,21,2011-06-08 12:42:00
14623.0,5,889.25,3.0276119402985073,108,2011-11-07 13:56:00
14624.0,2,225.85,2.0707692307692307,13,2011-10-13 13:44:00
14625.0,2,899.63,4.738490566037736,51,2011-05-27 15:32:00
14626.0,4,2791.27,3.4078688524590164,108,2011-11-16 10:37:00
14628.0,2,671.96,4.545416666666667,22,2011-09-09 14:58:00
14629.0,2,959.01,3.738815789473684,133,2011-12-05 16:55:00
14631.0,3,1006.98,2.38390243902439,38,2011-10-20 11:17:00
14632.0,1,114.56,2.54,8,2011-03-22 08:49:00
14633.0,1,344.90000000000003,5.4025,20,2011-03-18 17:07:00
14636.0,2,609.85,3.038214285714286,27,2011-11-03 16:12:00
14638.0,1,443.6,4.159375,16,2011-10-20 10:10:00
14639.0,6,2984.49,4.691860465116279,138,2011-10-18 15:06:00
14640.0,6,2125.08,3.9412264150943392,87,2011-11-15 13:07:00
14641.0,1,110.46,1.2900000000000003,7,2011-11-18 10:42:00
14642.0,1,96.12,3.005,2,2011-10-12 11:08:00
14643.0,2,693.8100000000001,1.586774193548387,30,2011-06-22 14:41:00
14644.0,2,830.76,4.341538461538462,26,2011-10-03 08:30:00
14645.0,2,597.09,3.622,28,2011-07-06 09:15:00
14646.0,73,280206.02,2.4932996146435453,700,2011-12-08 12:12:00
14647.0,1,243.22,2.372,24,2011-05-22 13:40:00
14649.0,4,1417.29,2.547989949748744,148,2011-12-05 12:30:00
14651.0,2,654.6,2.8968627450980393,95,2011-10-03 15:52:00
14652.0,1,114.18,2.986206896551724,29,2011-09-23 14:21:00
14653.0,7,1947.55,3.3198312236286918,154,2011-12-08 13:45:00
14655.0,4,1932.23,2.686938775510204,35,2011-12-01 16:28:00
14656.0,2,291.05,2.7685,73,2011-06-23 13:51:00
14657.0,4,848.22,2.7334920634920636,103,2011-11-22 12:47:00
14658.0,2,247.15,5.588275862068966,27,2011-12-04 15:35:00
14659.0,9,2529.93,2.9375098814229252,147,2011-12-01 12:17:00
14660.0,2,285.74,2.3586666666666667,24,2011-09-14 11:34:00
14661.0,1,107.95,3.95,4,2011-11-13 11:51:00
14662.0,4,771.17,2.380238095238095,143,2011-11-11 12:13:00
14664.0,2,637.89,1.9827272727272727,78,2011-11-20 10:59:00
14665.0,5,1835.7,4.328333333333333,63,2011-10-10 09:14:00
14666.0,1,195.25,1.857142857142857,14,2011-11-15 12:57:00
14667.0,25,9241.2,3.113298429319372,354,2011-11-29 11:30:00
14669.0,3,1269.99,2.706,158,2011-04-12 11:43:00
14670.0,2,411.53,1.6325,107,2011-03-04 14:13:00
14672.0,2,765.55,2.921639344262295,58,2011-04-19 10:19:00
14673.0,5,1736.4,2.395,39,2011-12-06 14:31:00
14675.0,1,604.75,2.230098039215686,93,2011-11-23 12:58:00
14676.0,6,2548.2400000000002,1.7133333333333336,29,2011-11-08 13:29:00
14680.0,16,28754.11,2.4156976744186047,73,2011-11-14 16:59:00
14681.0,3,498.95,7.207142857142857,6,2011-09-29 15:52:00
14682.0,2,52.0,0.65,1,2011-06-05 12:12:00
14684.0,5,1236.28,1.6946555819477436,231,2011-11-14 11:33:00
14687.0,1,628.38,2.27,15,2011-08-25 11:59:00
14688.0,21,5630.87,2.131039755351682,148,2011-12-02 12:26:00
14689.0,1,112.8,2.180769230769231,13,2011-05-15 11:22:00
14690.0,2,371.7,2.8594,40,2011-10-26 15:39:00
14691.0,5,2114.33,3.6664788732394364,50,2011-11-09 12:30:00
14692.0,4,591.55,2.932352941176471,53,2011-07-25 15:08:00
14693.0,1,172.9,3.475,8,2011-03-20 12:50:00
14696.0,7,2078.95,2.4591538461538462,117,2011-12-05 13:43:00
14697.0,2,188.60999999999999,3.2372727272727273,22,2011-05-05 15:39:00
14698.0,5,1250.76,2.8727142857142858,148,2011-12-08 12:26:00
14699.0,1,109.13000000000001,2.21125,8,2011-05-09 14:54:00
14700.0,3,2235.3,2.36695652173913,80,2011-11-07 14:40:00
14701.0,9,2549.37,3.124985074626866,268,2011-11-29 12:38:00
14702.0,17,3292.14,3.795850144092219,196,2011-12-08 19:29:00
14703.0,1,318.17,2.0513636363636363,22,2011-11-25 09:23:00
14704.0,9,1546.91,2.2325542168674697,288,2011-11-28 12:51:00
14705.0,1,179.0,1.79,1,2011-05-25 12:39:00
14708.0,3,1126.37,3.0003571428571427,25,2011-12-07 08:21:00
14709.0,13,4921.04,2.75515306122449,71,2011-11-24 15:41:00
14710.0,4,606.13,2.0762589928057555,124,2011-11-25 14:53:00
14711.0,11,2868.8,4.756078431372549,221,2011-11-29 14:58:00
14712.0,3,917.07,3.3080000000000003,21,2011-11-10 12:59:00
14713.0,11,2666.36,2.4739823008849555,146,2011-11-30 16:26:00
14714.0,1,160.19,3.287,10,2011-11-15 13:07:00
14715.0,4,867.38,3.3422535211267608,60,2011-11-15 12:10:00
14716.0,2,329.68,1.3956363636363638,46,2011-10-27 17:29:00
14719.0,5,1602.13,2.360253164556962,177,2011-12-08 12:43:00
14720.0,3,663.81,5.744594594594595,34,2011-12-04 12:02:00
14722.0,1,187.92000000000002,3.029310344827586,28,2011-07-15 14:58:00
14723.0,6,1158.3,2.247482014388489,193,2011-11-29 15:23:00
14725.0,1,718.08,4.396153846153846,45,2011-11-15 12:42:00
14727.0,1,268.58,7.0840000000000005,10,2011-03-10 14:45:00
14729.0,1,313.49,2.159154929577465,69,2010-12-01 12:43:00
14730.0,8,2005.06,2.525788423153693,317,2011-12-08 14:39:00
14731.0,3,380.02,2.102222222222222,38,2011-10-23 15:54:00
14732.0,8,2702.4900000000002,3.386326530612245,105,2011-12-01 14:34:00
14733.0,12,9585.91,3.932920792079208,102,2011-11-23 15:39:00
14735.0,32,6065.69,3.750824742268041,99,2011-12-06 12:09:00
14737.0,3,1164.55,3.614117647058823,15,2011-12-06 10:16:00
14738.0,7,1314.45,3.318703703703704,39,2011-10-28 08:56:00
14739.0,7,3902.28,2.065166666666667,47,2011-12-05 16:54:00
14740.0,3,1448.21,2.8922471910112364,85,2011-05-26 18:17:00
14741.0,6,1400.34,2.6030508474576273,35,2011-11-28 08:48:00
14744.0,7,1099.98,3.009230769230769,21,2011-11-23 12:51:00
14745.0,5,1220.26,1.6594202898550725,46,2011-08-19 10:05:00
14747.0,1,328.2,5.800000000000001,18,2011-04-04 14:09:00
14748.0,5,1415.75,1.8602247191011236,87,2011-11-10 18:33:00
14752.0,1,389.64,2.504,5,2011-10-27 11:55:00
14753.0,1,563.15,3.5983333333333336,30,2011-09-13 14:50:00
14754.0,2,638.05,2.238048780487805,38,2011-10-26 12:01:00
14755.0,11,5010.28,3.9911489361702124,128,2011-11-30 11:24:00
14756.0,1,738.96,3.4794736842105265,38,2011-11-24 18:13:00
14757.0,1,420.5,3.9242105263157896,19,2011-09-25 14:36:00
14758.0,4,1484.06,6.657605633802817,54,2011-07-18 08:21:00
14759.0,3,1625.97,5.394117647058824,92,2011-12-05 12:03:00
14760.0,1,89.2,2.87,5,2011-02-15 16:27:00
14761.0,2,255.9,2.272727272727273,11,2011-10-12 12:10:00
14762.0,1,300.52,1.3342857142857143,21,2011-03-21 08:20:00
14764.0,1,278.3,1.4916666666666665,6,2011-10-24 11:54:00
14765.0,3,254.11,2.9766666666666666,38,2011-11-10 19:53:00
14766.0,6,2473.37,2.6556296296296296,111,2011-12-01 16:05:00
14768.0,2,192.60000000000002,3.91,4,2011-11-22 12:54:00
14769.0,8,10674.75,2.711669724770642,718,2011-12-07 10:24:00
14770.0,2,876.42,3.4444230769230773,49,2011-04-21 14:21:00
14772.0,1,139.26,3.508888888888889,9,2011-08-19 15:04:00
14775.0,3,1011.9,1.0518333333333334,57,2011-10-12 15:27:00
14776.0,11,2538.3,0.9858119658119658,44,2011-10-19 15:34:00
14778.0,2,730.86,3.1414285714285715,34,2011-08-04 15:23:00
14779.0,3,386.15,6.824390243902439,40,2011-03-04 12:42:00
14780.0,2,447.68,2.7666666666666666,26,2011-10-16 12:46:00
14782.0,1,200.10000000000002,2.516666666666667,6,2011-01-24 11:12:00
14784.0,2,289.99,3.860666666666667,15,2011-11-13 13:30:00
14785.0,2,77.4,0.9433333333333334,2,2011-11-29 13:21:00
14788.0,2,679.4399999999999,2.5886666666666667,26,2011-12-02 17:06:00
14789.0,1,197.64,2.0566666666666666,6,2011-11-11 08:59:00
14790.0,4,745.06,1.4782608695652173,30,2011-11-23 09:28:00
14792.0,1,6.2,3.1,2,2011-10-07 09:19:00
14793.0,1,228.99,3.257857142857143,14,2011-11-18 14:50:00
14794.0,7,1319.91,3.903,68,2011-12-07 10:11:00
14795.0,1,131.45000000000002,7.333333333333333,6,2011-06-26 13:04:00
14796.0,17,8022.49,1.9610692375109553,403,2011-12-08 15:31:00
14798.0,3,173.74,1.46,11,2011-10-18 10:58:00
14799.0,1,157.7,4.889230769230769,13,2011-10-19 16:16:00
14800.0,12,4339.74,2.1975324675324672,246,2011-10-23 12:46:00
14801.0,1,193.14,2.4633898305084747,56,2011-10-09 15:24:00
14803.0,3,845.55,2.886590909090909,35,2011-06-30 13:58:00
14804.0,1,353.27,4.240833333333334,12,2011-12-01 11:20:00
14805.0,4,554.65,5.808085106382979,30,2011-11-24 16:20:00
14806.0,1,193.39000000000001,1.8445454545454545,11,2011-09-25 15:32:00
14808.0,8,2741.17,3.486553191489362,176,2011-10-31 12:21:00
14810.0,11,2087.88,2.328078431372549,106,2011-10-30 11:19:00
14813.0,2,155.43,2.8263333333333334,25,2010-12-05 11:57:00
14815.0,2,778.5,1.6549056603773586,53,2011-11-03 11:36:00
14816.0,1,271.85,66.475,4,2011-05-26 13:16:00
14817.0,2,1110.34,3.531428571428571,52,2011-05-23 13:35:00
14818.0,3,657.8,3.7514583333333333,41,2011-09-27 11:01:00
14819.0,2,272.07,4.13,13,2011-10-06 13:41:00
14820.0,4,507.29,3.222758620689655,24,2011-11-18 15:41:00
14821.0,1,48.800000000000004,2.5250000000000004,2,2010-12-08 08:43:00
14823.0,3,321.43,4.234714285714285,56,2011-06-12 13:12:00
14824.0,4,1127.71,2.3944827586206894,19,2011-11-29 14:20:00
14825.0,12,2226.91,2.743884297520661,82,2011-12-06 11:38:00
14828.0,3,2139.76,2.853529411764706,17,2011-05-27 10:16:00
14829.0,4,697.55,2.1797619047619046,39,2011-11-10 16:16:00
14830.0,1,197.13,1.7247499999999998,39,2011-10-17 14:29:00
14834.0,6,1720.3,3.6280597014925373,43,2011-11-22 10:30:00
14836.0,3,102.44999999999999,2.7916666666666665,5,2011-11-29 16:45:00
14837.0,4,1649.5,1.757037037037037,96,2011-09-11 10:58:00
14840.0,1,62.85,3.05,4,2011-03-17 12:00:00
14841.0,6,3295.76,3.1945652173913044,103,2011-10-17 15:03:00
14842.0,4,2824.69,5.326275862068966,128,2011-10-27 12:37:00
14844.0,4,3189.81,3.123153846153846,87,2011-10-07 10:41:00
14847.0,1,309.4,3.753076923076923,13,2011-07-14 10:52:00
14849.0,25,7930.54,2.4403092783505156,159,2011-11-18 10:58:00
14850.0,1,325.75,1.4904761904761905,21,2011-02-01 11:21:00
14851.0,2,511.35,2.317142857142857,28,2011-11-16 14:20:00
14852.0,6,2836.69,3.056643356643357,96,2011-10-12 13:20:00
14853.0,2,475.8,5.677777777777778,8,2011-11-15 16:56:00
14854.0,7,2759.83,2.952204724409449,110,2011-09-22 17:00:00
14855.0,2,645.65,4.67,13,2011-08-12 14:02:00
14856.0,3,1311.3799999999999,3.132878787878788,65,2011-11-03 14:53:00
14857.0,2,1173.12,4.384166666666667,58,2011-10-11 09:23:00
14859.0,4,1353.74,3.126551724137931,47,2011-11-27 11:18:00
14860.0,1,170.32,0.9027272727272727,11,2011-11-20 14:17:00
14861.0,1,125.79,2.735,6,2011-10-18 12:54:00
14862.0,2,841.1999999999999,2.1545833333333335,47,2011-11-14 10:01:00
14863.0,1,266.76,2.020909090909091,11,2011-11-10 15:04:00
14865.0,2,52.2,0.6525,4,2011-12-02 16:25:00
14866.0,12,14389.9,3.3226262626262626,30,2011-11-29 11:45:00
14867.0,3,710.28,3.7750000000000004,31,2011-06-07 11:39:00
14868.0,8,2953.59,2.8812499999999996,96,2011-12-06 14:49:00
14869.0,2,725.7,2.998169014084507,66,2011-12-01 12:36:00
14870.0,1,327.25,3.0461538461538464,13,2011-03-23 10:51:00
14871.0,4,522.38,3.14765306122449,68,2011-12-06 13:42:00
14873.0,1,519.68,4.994285714285715,28,2011-05-13 13:52:00
14875.0,2,1465.3200000000002,4.418936170212766,46,2011-08-24 12:20:00
14878.0,9,1485.54,2.609596774193548,62,2011-11-27 11:15:00
14880.0,3,706.19,3.7380851063829788,45,2011-09-23 13:42:00
14881.0,1,255.4,1.3729411764705883,17,2011-11-20 11:06:00
14882.0,2,589.7,3.95,6,2011-11-13 12:47:00
14883.0,6,761.59,1.220943396226415,39,2011-11-21 10:23:00
14885.0,1,765.3199999999999,1.2686666666666668,15,2011-07-31 12:05:00
14886.0,1,364.8,3.1277777777777778,18,2011-04-01 08:56:00
14887.0,1,1862.0,1.6116666666666666,6,2011-09-21 15:32:00
14888.0,1,369.2,2.21,20,2011-05-16 14:58:00
14889.0,1,135.9,2.2600000000000002,10,2011-01-07 15:19:00
14890.0,1,125.65,2.9071428571428575,7,2011-03-31 11:57:00
14891.0,2,554.38,1.6524242424242424,30,2011-07-14 18:08:00
14893.0,2,1237.8500000000001,3.1345205479452054,72,2011-11-30 12:31:00
14894.0,1,655.75,2.8395652173913044,23,2011-09-15 13:51:00
14895.0,20,11138.710000000001,4.1638755020080325,273,2011-12-02 09:23:00
14896.0,2,468.77000000000004,2.397906976744186,43,2011-05-19 10:20:00
14897.0,4,1366.38,5.067454545454545,43,2011-12-02 10:32:00
14898.0,6,1303.52,2.893362068965517,86,2011-11-16 14:54:00
14901.0,9,1421.29,3.1441666666666666,73,2011-11-28 17:09:00
14902.0,1,332.66,2.773,20,2011-11-14 10:34:00
14903.0,5,2810.63,2.7626478873239435,227,2011-11-18 16:07:00
14904.0,2,1025.44,0.7394202898550725,66,2011-12-07 12:55:00
14905.0,2,616.15,2.3841176470588237,14,2011-07-05 12:41:00
14907.0,7,3501.1,3.4733939393939393,125,2011-12-06 14:14:00
14908.0,1,277.8,3.6277777777777778,9,2011-09-26 12:56:00
14910.0,4,434.35,2.884333333333333,25,2011-12-07 10:06:00
14911.0,201,143825.06,4.614223788546256,1787,2011-12-08 15:54:00
14912.0,2,867.85,2.0225925925925927,21,2011-11-23 09:20:00
14913.0,4,1227.43,1.2129885057471264,76,2011-11-04 08:29:00
14915.0,2,307.48,3.5516666666666663,12,2011-09-09 13:34:00
14916.0,4,1268.98,1.8205194805194806,72,2011-09-30 09:20:00
14918.0,2,1610.15,3.492666666666667,39,2011-08-16 11:50:00
14920.0,2,977.77,3.765438596491228,57,2011-05-11 10:32:00
14921.0,2,1316.07,1.975128205128205,78,2011-11-09 13:17:00
14923.0,1,749.1,3.445681818181818,44,2011-10-20 11:51:00
14924.0,1,310.05,15.665000000000001,10,2011-04-08 09:25:00
14929.0,1,223.88,2.2572727272727273,11,2011-11-07 17:21:00
14930.0,3,2372.86,4.16296875,116,2011-08-23 10:31:00
14931.0,5,1257.68,12.147804878048781,30,2011-12-05 10:19:00
14932.0,1,363.53,9.449411764705882,17,2010-12-09 11:48:00
14934.0,2,1890.94,3.5809195402298855,68,2011-09-19 10:10:00
14935.0,1,1784.71,2.622,10,2011-02-15 14:44:00
14936.0,8,8137.02,3.679093406593407,210,2011-11-06 10:30:00
14937.0,3,1621.88,3.4,33,2011-10-14 12:29:00
14944.0,12,5900.25,3.006705882352941,101,2011-11-10 09:10:00
14946.0,1,100.9,4.683333333333334,3,2011-11-25 13:33:00
14947.0,2,290.82,3.084285714285714,14,2011-09-28 15:48:00
14948.0,6,1101.97,2.8057142857142856,56,2011-11-16 17:16:00
14950.0,1,371.2,5.193157894736842,19,2011-11-20 13:48:00
14951.0,1,311.69,1.895,20,2011-09-21 15:15:00
14952.0,11,8099.49,3.3994202898550725,117,2011-10-11 10:33:00
14953.0,1,289.82,2.348181818181818,54,2011-11-14 14:59:00
14954.0,1,336.17,3.1749411764705884,75,2011-11-27 14:30:00
14957.0,1,58.49,1.7408333333333335,12,2011-03-31 17:59:00
14958.0,3,499.68,5.850714285714285,33,2011-07-15 14:20:00
14959.0,4,695.42,1.46,37,2011-10-06 18:23:00
14960.0,2,221.27,1.8037037037037038,23,2011-12-01 12:54:00
14961.0,9,7044.68,2.8973076923076926,193,2011-11-29 09:42:00
14962.0,1,126.7,6.540000000000001,5,2011-03-14 09:42:00
14963.0,5,1487.8,2.2753030303030304,149,2011-11-30 12:16:00
14964.0,1,206.21,3.4046153846153846,13,2011-04-06 14:13:00
14965.0,2,599.0,2.3681927710843373,80,2011-09-04 13:20:00
14966.0,1,191.32,1.9507894736842104,35,2011-11-25 12:20:00
14967.0,1,463.8,2.9250000000000003,6,2011-10-21 11:06:00
14968.0,1,147.59,1.9402702702702705,37,2011-11-09 13:58:00
14970.0,4,1592.06,6.174411764705883,24,2011-10-02 13:44:00
14971.0,3,1116.57,3.1020624999999997,144,2011-11-04 17:07:00
14972.0,1,114.77,4.947222222222222,18,2011-08-03 14:54:00
14973.0,3,1314.45,21.259687500000002,29,2011-08-24 15:51:00
14974.0,1,114.39,3.467142857142857,17,2011-11-02 13:01:00
14975.0,1,279.94,1.0154545454545454,11,2011-10-13 14:08:00
14976.0,7,790.86,3.955416666666667,47,2011-10-13 16:37:00
14978.0,5,1931.42,4.517685185185186,136,2011-09-28 13:07:00
14981.0,1,102.12,1.46,8,2011-04-07 13:45:00
14984.0,2,213.27,4.340731707317073,37,2011-11-20 14:28:00
14985.0,2,296.75,1.9082758620689657,78,2011-05-25 14:29:00
14987.0,2,326.4,2.55,2,2011-11-24 09:59:00
14988.0,1,334.54,2.5467500000000003,40,2011-05-12 12:05:00
14995.0,2,233.23000000000002,2.6029508196721314,53,2011-11-01 11:39:00
14997.0,3,546.1999999999999,0.6265384615384615,25,2011-10-24 13:28:00
14998.0,2,429.87,2.4524,70,2011-06-22 17:30:00
15000.0,1,490.52,2.8345454545454545,76,2011-10-23 11:42:00
15002.0,4,1641.76,2.5394782608695654,93,2011-08-16 10:44:00
15004.0,1,1246.32,3.0956962025316455,154,2011-07-15 14:05:00
15005.0,28,6316.57,2.3211796246648793,360,2011-11-24 12:25:00
15006.0,1,502.09,1.9180555555555554,121,2011-10-19 15:08:00
15007.0,1,156.91,3.160833333333333,12,2011-07-03 16:00:00
15009.0,3,1261.78,2.458186813186813,148,2011-11-27 13:35:00
15010.0,1,308.94,3.1685000000000003,20,2011-11-04 12:42:00
15012.0,2,423.04,2.613515625,110,2011-10-17 12:22:00
15014.0,2,260.17,1.7331428571428573,29,2011-10-27 20:07:00
15016.0,1,170.04,4.573,20,2011-06-20 12:06:00
15017.0,1,125.58,3.2625,20,2011-11-06 10:33:00
15018.0,3,496.21000000000004,6.507419354838709,30,2011-11-01 12:47:00
15019.0,1,266.0,2.228285714285714,64,2011-03-18 12:35:00
15021.0,9,1914.82,2.6127330508474578,287,2011-12-01 11:53:00
15022.0,4,905.04,2.961037037037037,96,2011-11-28 12:35:00
15023.0,11,6802.76,3.821138790035587,347,2011-12-06 17:23:00
15024.0,10,1661.33,2.826451612903226,105,2011-11-30 12:06:00
15025.0,1,377.01,2.6869444444444444,66,2011-11-06 15:20:00
15026.0,3,469.0,2.1795081967213115,57,2011-09-20 13:52:00
15027.0,4,1066.1499999999999,3.7800000000000002,30,2011-11-09 10:16:00
15028.0,4,627.13,1.9868750000000002,35,2011-12-01 14:06:00
15030.0,2,518.28,2.9728571428571433,7,2011-09-29 10:50:00
15031.0,4,668.14,3.165135135135135,74,2011-12-05 14:19:00
15032.0,3,4959.1,1.9057692307692307,29,2011-03-28 15:03:00
15033.0,10,2586.67,2.0848039215686276,315,2011-12-05 12:40:00
15034.0,8,4308.61,2.9319035532994926,299,2011-11-24 12:11:00
15035.0,1,252.73000000000002,2.1285185185185185,26,2011-09-11 11:08:00
15036.0,3,465.55,2.1081102362204724,107,2011-09-28 15:42:00
15038.0,6,705.49,4.182769230769231,105,2011-10-12 11:33:00
15039.0,47,19914.44,3.1675565912117176,408,2011-11-30 11:31:00
15041.0,1,180.35,2.03,66,2011-06-22 16:16:00
15042.0,1,135.93,5.586,5,2011-05-24 16:25:00
15043.0,1,537.0,1.79,3,2011-11-08 14:26:00
15044.0,17,7700.2300000000005,4.632869757174393,233,2011-11-20 13:20:00
15045.0,2,735.66,6.9191666666666665,11,2011-07-11 11:33:00
15046.0,15,5213.7699999999995,2.780728155339806,147,2011-11-30 15:50:00
15047.0,1,343.62,2.27,22,2011-03-15 10:49:00
15048.0,4,384.05,2.533917525773196,86,2011-10-05 14:55:00
15049.0,1,121.17000000000002,1.83,3,2011-03-11 12:13:00
15050.0,3,1782.09,2.5871794871794873,68,2011-11-14 16:17:00
15051.0,3,1391.61,2.2487412587412585,130,2011-11-16 15:38:00
15052.0,1,215.78,3.5113333333333334,27,2011-01-24 15:52:00
15053.0,3,697.79,1.5770422535211268,49,2011-12-05 12:08:00
15054.0,2,302.1,1.7128070175438597,105,2011-11-27 15:02:00
15057.0,2,1489.5,3.5916,25,2011-03-09 15:17:00
15058.0,11,2124.9900000000002,2.8641666666666667,199,2011-11-14 14:57:00
15059.0,9,1337.72,3.1344725738396626,161,2011-10-30 11:35:00
15060.0,4,303.09,1.7283471074380166,81,2011-12-01 13:47:00
15061.0,48,54534.14,2.5737468982630274,70,2011-12-06 12:06:00
15062.0,4,987.86,2.061754385964912,47,2011-09-29 16:51:00
15063.0,1,370.79999999999995,8.57,5,2011-05-10 13:25:00
15065.0,4,3158.13,5.0849677419354835,148,2011-11-02 09:45:00
15066.0,1,893.59,4.46047619047619,42,2011-10-17 13:25:00
15067.0,3,1744.76,3.1621951219512194,82,2011-09-22 13:20:00
15068.0,2,553.36,2.555769230769231,96,2011-10-24 14:47:00
15069.0,1,1109.53,4.523428571428571,70,2011-06-13 14:16:00
15070.0,1,106.2,2.95,1,2010-12-02 11:23:00
15071.0,2,982.07,4.647692307692308,25,2011-09-07 11:43:00
15073.0,3,1043.41,2.6588888888888893,31,2011-11-30 10:44:00
15074.0,1,748.87,2.2104761904761907,41,2011-08-26 14:45:00
15075.0,1,773.03,3.312962962962963,27,2011-09-23 12:27:00
15076.0,1,880.85,3.0477551020408162,49,2011-06-20 08:23:00
15078.0,32,9743.11,2.369431818181818,97,2011-12-02 15:41:00
15079.0,4,895.61,4.605957446808511,46,2011-05-11 12:45:00
15081.0,5,504.8,4.805151515151515,26,2011-11-17 17:08:00
15083.0,1,88.2,6.67,5,2011-03-28 12:18:00
15087.0,1,306.94,2.036,15,2011-03-03 10:34:00
15088.0,2,1160.07,5.27,53,2011-11-18 13:14:00
15089.0,6,2420.84,3.3199310344827584,139,2011-11-29 16:31:00
15090.0,1,381.32,3.5617391304347827,23,2011-02-04 14:03:00
15091.0,1,480.71,1.9540000000000002,30,2011-10-03 12:47:00
15092.0,2,457.81,5.378076923076923,23,2011-05-08 14:10:00
15093.0,6,4597.02,2.7425,52,2011-11-21 13:09:00
15095.0,4,1370.6,2.5157446808510637,30,2011-08-28 12:01:00
15096.0,1,219.39000000000001,3.1118181818181814,11,2011-10-28 10:27:00
15097.0,1,248.08,2.266,25,2011-12-05 14:03:00
15098.0,3,39916.5,434.65000000000003,1,2011-06-10 15:33:00
15099.0,1,410.48,2.073478260869565,23,2011-09-16 13:13:00
15100.0,3,876.0,10.949999999999998,1,2011-01-10 10:35:00
15101.0,2,317.53,2.805,8,2011-12-01 10:18:00
15103.0,2,703.36,5.646857142857144,35,2011-11-08 14:53:00
15104.0,2,1027.44,5.425942028985507,66,2011-05-27 12:29:00
15105.0,7,2298.93,2.410792079207921,90,2011-11-21 16:54:00
15106.0,5,1422.52,2.4882,90,2011-11-22 09:16:00
15107.0,6,319.5,5.584375,12,2011-02-01 14:46:00
15108.0,4,1300.25,4.83,50,2011-07-21 10:24:00
15109.0,1,484.95,5.880357142857143,28,2011-04-08 09:58:00
15110.0,4,996.1,7.377142857142857,17,2011-11-16 11:16:00
15111.0,3,1567.48,3.682380952380952,70,2011-11-10 16:58:00
15113.0,3,3609.33,2.1344,77,2011-11-30 08:23:00
15114.0,10,2760.56,1.5530964467005075,136,2011-11-09 15:05:00
15115.0,1,340.11,3.7304761904761907,21,2011-11-21 14:59:00
15116.0,4,1352.75,2.7622222222222224,37,2011-11-22 12:25:00
15117.0,5,1551.78,2.230632911392405,63,2011-11-25 08:12:00
15118.0,1,244.8,0.17,1,2011-07-28 14:54:00
15119.0,1,266.4,7.728571428571429,14,2011-04-08 09:08:00
15120.0,1,358.82,4.91952380952381,21,2011-07-29 09:48:00
15121.0,2,457.72,4.226785714285714,28,2011-10-20 14:51:00
15122.0,3,1633.78,3.2530487804878048,65,2011-08-17 16:48:00
15123.0,2,2199.31,3.053490566037736,93,2011-12-02 13:12:00
15124.0,2,184.19,2.2046666666666668,14,2011-11-17 10:09:00
15125.0,15,11528.48,3.3869291338582674,102,2011-11-14 13:57:00
15127.0,1,406.53,1.838125,16,2011-10-05 10:30:00
15128.0,4,1471.0,2.071470588235294,74,2011-10-10 13:54:00
15129.0,11,3447.4,2.905238095238095,54,2011-10-20 14:40:00
15130.0,1,330.11,2.42,22,2011-06-23 10:15:00
15132.0,5,977.9300000000001,2.062692307692308,49,2011-11-21 17:10:00
15133.0,3,982.42,2.2120689655172416,27,2011-08-04 10:44:00
15134.0,8,1387.99,2.300821917808219,44,2011-11-25 08:55:00
15135.0,1,139.05,3.5944444444444446,9,2011-04-14 19:16:00
15136.0,4,1286.7,2.0561764705882353,61,2011-12-07 12:26:00
15139.0,2,178.96,1.3546153846153846,13,2011-04-14 11:39:00
15140.0,7,2354.25,2.65775,74,2011-10-18 14:07:00
15142.0,1,498.74,2.419230769230769,26,2011-10-24 12:51:00
15143.0,1,259.45,2.8335714285714286,14,2011-04-28 12:03:00
15144.0,17,6580.44,2.9005990783410134,132,2011-12-01 15:12:00
15145.0,4,1194.73,3.413731343283582,54,2011-12-05 17:21:00
15146.0,2,1327.16,1.5287912087912088,90,2011-06-28 12:09:00
15147.0,1,623.5,2.9839285714285713,28,2011-04-13 15:57:00
15148.0,1,301.29,2.5355,20,2011-11-29 08:21:00
15149.0,1,520.8000000000001,5.95,23,2011-07-29 10:58:00
15150.0,10,5314.47,2.928950437317784,282,2011-11-22 12:52:00
15152.0,13,4745.69,3.474981549815498,196,2011-11-30 12:32:00
15153.0,1,329.25,4.66590909090909,22,2011-11-08 17:09:00
15154.0,1,296.42,2.957411764705882,66,2011-09-25 16:05:00
15156.0,3,961.49,2.841090909090909,51,2011-12-08 18:22:00
15157.0,3,1936.07,1.84528,125,2011-12-06 11:28:00
15158.0,1,401.40000000000003,1.85,7,2011-10-25 13:53:00
15159.0,30,18641.010000000002,2.844718309859155,363,2011-12-08 12:05:00
15160.0,1,158.16,1.7475,4,2010-12-17 14:15:00
15163.0,2,304.47,2.437241379310345,29,2011-11-21 13:10:00
15164.0,3,843.05,2.9453398058252427,79,2011-10-02 12:05:00
15165.0,1,487.75,4.987037037037037,27,2010-12-01 14:03:00
15167.0,1,163.0,2.674390243902439,39,2011-01-23 12:41:00
15168.0,1,106.56,3.338,5,2011-11-14 11:26:00
15171.0,1,1289.5,3.7700000000000005,5,2011-01-12 15:36:00
15172.0,5,1624.05,2.087909090909091,106,2011-12-01 11:51:00
15174.0,1,135.75,1.549090909090909,11,2011-01-21 09:06:00
15175.0,1,224.14,0.7404347826086957,23,2011-09-29 11:31:00
15178.0,1,40.5,1.3499999999999999,3,2011-03-24 15:12:00
15179.0,5,2206.95,2.6174193548387095,91,2011-11-21 12:53:00
15180.0,1,87.5,3.266666666666667,6,2010-12-07 14:57:00
15181.0,3,689.4799999999999,1.475625,11,2011-10-04 13:58:00
15182.0,2,622.85,2.9741379310344827,24,2011-07-08 13:37:00
15184.0,2,406.76,3.198888888888889,59,2011-11-10 13:41:00
15185.0,1,310.62,2.3276190476190477,21,2011-09-30 14:06:00
15186.0,2,411.41,3.38,17,2011-11-25 14:58:00
15187.0,16,4777.18,3.0318681318681318,61,2011-12-08 11:56:00
15189.0,41,16225.39,4.361933962264151,80,2011-12-08 13:22:00
15192.0,3,1044.32,2.514705882352941,36,2011-08-12 11:41:00
15193.0,1,499.32,6.397368421052631,19,2011-10-10 08:23:00
15194.0,15,7616.53,2.4091290322580647,209,2011-12-06 15:10:00
15195.0,1,3861.0,2.75,1,2011-12-07 12:20:00
15197.0,3,1079.6100000000001,3.0321875,30,2011-11-29 10:00:00
15198.0,2,193.64,1.875,10,2011-09-08 14:42:00
15199.0,4,1268.7,4.6,5,2011-10-11 15:12:00
15201.0,5,1236.54,1.6153623188405797,35,2011-09-13 14:53:00
15203.0,6,1827.8,1.258169014084507,82,2011-11-14 08:16:00
15204.0,1,316.58,2.4044444444444446,9,2010-12-17 13:49:00
15205.0,2,653.24,3.684594594594594,37,2011-09-15 19:36:00
15206.0,4,420.29999999999995,2.683333333333333,3,2011-11-29 13:41:00
15208.0,5,870.12,4.873333333333333,25,2011-12-08 17:24:00
15210.0,1,331.18,6.341,20,2011-04-28 16:11:00
15211.0,2,894.4100000000001,5.4957692307692305,52,2011-10-10 13:31:00
15212.0,1,101.8,3.63,5,2011-04-12 13:45:00
15213.0,2,328.35,1.55375,22,2011-01-25 12:21:00
15214.0,8,1661.44,2.4215454545454547,109,2011-12-08 12:07:00
15215.0,3,734.94,5.166857142857143,33,2011-10-24 11:41:00
15216.0,1,96.6,4.8,2,2011-09-13 11:41:00
15218.0,11,5756.89,3.0930120481927714,77,2011-11-29 11:48:00
15219.0,1,305.75,9.883333333333333,9,2011-06-16 16:57:00
15220.0,6,1778.96,2.559059829059829,110,2011-10-19 12:39:00
15221.0,1,403.25,12.709999999999999,5,2010-12-08 13:08:00
15222.0,1,585.0,1.3439999999999999,5,2011-01-25 08:03:00
15223.0,2,755.75,4.0865,14,2011-04-28 11:31:00
15224.0,2,322.08,3.2135714285714285,13,2010-12-16 15:02:00
15225.0,1,409.40000000000003,3.45,23,2011-04-19 14:51:00
15226.0,1,154.41,3.8425,8,2011-02-02 11:41:00
15227.0,5,1219.4,4.578448275862069,43,2011-11-03 11:59:00
15228.0,4,3386.71,3.18552,110,2011-10-04 13:56:00
15230.0,2,429.6,1.7817391304347827,23,2011-04-14 14:39:00
15232.0,2,612.06,1.0306451612903225,26,2011-08-18 16:27:00
15234.0,1,197.0,1.682857142857143,14,2011-03-08 08:53:00
15235.0,12,2247.51,2.9905594405594402,132,2011-05-06 09:44:00
15236.0,1,321.05,1.6386666666666665,15,2011-02-14 10:52:00
15237.0,4,1412.32,2.5204040404040406,94,2011-12-08 09:46:00
15238.0,3,1071.99,4.8076,49,2011-11-10 14:28:00
15239.0,2,780.59,1.9677551020408164,48,2011-11-29 14:14:00
15240.0,5,1706.57,2.5883333333333334,58,2011-10-26 09:50:00
15241.0,8,1756.44,1.8820000000000001,82,2011-10-04 09:05:00
15243.0,1,316.68,2.4499999999999997,22,2011-09-26 14:12:00
15244.0,2,631.57,2.3405882352941174,31,2011-10-05 13:19:00
15245.0,3,2515.84,1.8764044943820224,55,2011-07-28 18:56:00
15246.0,2,514.15,2.9833333333333334,32,2011-04-15 14:45:00
15247.0,1,356.0,2.0833333333333335,6,2011-08-09 12:52:00
15249.0,13,6688.46,2.8037142857142854,211,2011-11-08 11:45:00
15251.0,11,10484.99,3.865765765765766,97,2011-11-30 15:02:00
15252.0,2,740.78,2.062727272727273,44,2011-11-03 13:30:00
15253.0,5,918.1999999999999,1.6766037735849058,52,2011-11-23 16:22:00
15254.0,1,300.36,2.03,18,2011-08-04 15:04:00
15255.0,1,890.85,2.7510638297872343,47,2011-10-04 12:43:00
15256.0,1,98.45,1.8166666666666667,6,2011-07-14 11:47:00
15257.0,1,317.15,30.957142857142856,7,2011-03-01 12:58:00
15258.0,2,623.16,5.6376470588235295,32,2011-06-24 12:30:00
15260.0,7,1810.77,3.4683116883116885,62,2011-08-31 13:55:00
15261.0,1,254.82,1.1994736842105262,19,2011-07-27 15:20:00
15262.0,1,178.95000000000002,3.2950000000000004,10,2011-01-20 12:16:00
15263.0,1,156.51,2.9575,12,2011-08-25 10:26:00
15264.0,1,393.74,2.31,23,2011-10-06 13:49:00
15265.0,2,1506.1200000000001,4.574390243902439,76,2011-07-11 14:46:00
15266.0,1,119.3,6.75,6,2011-01-05 13:40:00
15267.0,5,1717.36,1.8354545454545452,8,2011-11-17 15:59:00
15269.0,1,408.8,74.975,2,2011-11-16 09:32:00
15270.0,7,2379.49,6.593658536585365,22,2011-11-24 09:24:00
15271.0,15,2507.07,2.7365328467153285,184,2011-12-02 14:11:00
15272.0,2,721.94,4.119047619047619,63,2011-10-13 12:59:00
15274.0,2,716.57,2.0589361702127658,44,2011-12-05 16:57:00
15275.0,1,615.14,3.257073170731707,41,2011-11-02 11:20:00
15276.0,1,135.31,2.4048076923076924,49,2011-10-04 16:39:00
15277.0,1,255.89999999999998,1.7708333333333333,12,2011-10-24 10:08:00
15279.0,1,290.51,3.8610526315789473,19,2010-12-20 10:48:00
15280.0,1,113.12,0.804375,16,2011-06-20 17:14:00
15281.0,9,2332.15,3.9148201438848917,121,2011-10-12 09:10:00
15286.0,1,240.55,4.45,3,2011-10-21 11:08:00
15287.0,2,486.69,2.559,17,2011-11-17 15:34:00
15288.0,5,2306.52,3.3252272727272727,80,2011-10-27 16:58:00
15289.0,3,939.78,1.2341379310344827,43,2011-11-10 13:49:00
15290.0,18,7943.22,3.2506862745098037,93,2011-12-05 11:39:00
15291.0,15,4668.3,5.093495145631068,62,2011-11-14 11:02:00
15292.0,1,180.94,4.6328,24,2011-05-22 15:00:00
15296.0,6,3672.86,3.4776288659793813,137,2011-10-20 11:47:00
15297.0,3,641.94,2.7343589743589742,30,2011-11-29 16:32:00
15298.0,12,4799.9,2.3919270833333335,115,2011-12-07 17:17:00
15299.0,7,4507.01,88.51571428571428,7,2011-10-03 14:19:00
15300.0,1,496.44,2.862142857142857,28,2011-10-06 17:08:00
15301.0,12,5070.35,3.0046090534979424,167,2011-10-20 09:57:00
15303.0,1,574.02,3.8406451612903227,31,2011-02-22 13:59:00
15304.0,8,694.4000000000001,7.467391304347826,8,2011-10-10 10:23:00
15306.0,3,1174.35,2.6510344827586207,57,2011-10-06 12:56:00
15307.0,1,205.3,6.745833333333334,12,2011-09-05 11:38:00
15308.0,1,310.47,4.0336842105263155,19,2011-03-10 13:08:00
15311.0,91,60767.9,2.506036149642707,567,2011-12-09 12:00:00
15312.0,4,924.85,2.3721276595744683,42,2011-09-25 13:10:00
15313.0,1,52.0,2.08,1,2011-08-21 16:02:00
15314.0,1,327.97,1.71375,24,2011-05-24 14:39:00
15315.0,2,570.5,0.8824324324324324,35,2011-10-06 12:51:00
15316.0,1,165.0,1.65,1,2011-01-17 11:34:00
15318.0,1,312.62,0.5857575757575758,33,2011-12-06 11:30:00
15319.0,1,204.5,3.24125,16,2011-03-01 12:48:00
15320.0,1,267.13,3.0636111111111113,36,2011-10-26 13:27:00
15321.0,3,2748.31,3.425684210526316,83,2011-09-30 09:40:00
15322.0,1,679.68,3.1121428571428575,42,2011-09-15 09:34:00
15325.0,1,162.29,1.089591836734694,47,2011-08-28 11:55:00
15326.0,1,311.71,1.4520689655172414,29,2011-01-10 11:38:00
15327.0,1,208.75,4.397,10,2011-10-18 11:55:00
15329.0,3,1049.7,3.6938596491228073,51,2011-10-31 15:36:00
15330.0,2,714.96,0.5607692307692308,10,2011-11-07 17:50:00
15332.0,4,1661.06,2.841142857142857,29,2010-12-08 14:43:00
15333.0,1,1028.56,2.96375,16,2011-05-15 13:27:00
15334.0,3,351.67,1.4963636363636361,67,2011-07-06 11:22:00
15335.0,1,173.97,2.816388888888889,34,2011-10-17 12:50:00
15339.0,2,574.07,2.373953488372093,77,2011-10-04 12:51:00
15341.0,1,2020.52,2.9717647058823533,17,2011-09-20 09:40:00
15342.0,1,406.09,2.368333333333333,24,2011-08-02 10:19:00
15343.0,1,364.5,6.39047619047619,21,2011-09-13 13:55:00
15344.0,3,563.94,7.559230769230769,21,2011-12-09 10:45:00
15345.0,1,393.54,7.730499999999999,20,2011-10-25 11:28:00
15346.0,1,252.42000000000002,2.5700000000000003,17,2011-01-11 11:18:00
15347.0,1,201.60000000000002,2.2700000000000005,5,2010-12-08 15:25:00
15348.0,1,158.04,2.1133333333333333,9,2011-09-28 13:17:00
15349.0,2,473.81,2.9402777777777778,65,2011-07-04 16:06:00
15350.0,1,115.65,2.6700000000000004,5,2010-12-01 13:33:00
15351.0,7,1960.1100000000001,2.8291555555555554,157,2011-11-27 12:52:00
15353.0,2,777.02,3.312857142857143,59,2011-03-30 12:15:00
15355.0,2,277.05,6.114285714285715,9,2011-11-10 13:44:00
15356.0,10,2766.5,1.9985356454720618,215,2011-11-08 13:11:00
15358.0,22,8347.2,1.9899274047186934,292,2011-12-05 09:04:00
15360.0,1,427.93,2.3515384615384614,13,2011-10-31 09:35:00
15361.0,1,418.92,1.3442857142857143,7,2010-12-13 09:52:00
15363.0,1,326.0,2.9875000000000003,16,2010-12-02 12:28:00
15364.0,2,913.19,1.9779310344827585,29,2011-09-05 09:46:00
15365.0,7,2314.32,3.088421052631579,65,2011-11-14 08:29:00
15366.0,2,602.51,2.4736363636363636,37,2011-09-25 15:01:00
15367.0,4,1877.59,2.9531578947368424,91,2011-10-13 14:13:00
15368.0,1,446.94000000000005,3.56,4,2011-11-18 14:42:00
15370.0,7,2386.05,3.799255319148936,65,2011-10-30 10:58:00
15372.0,1,2007.3999999999999,0.8248148148148148,27,2011-07-25 16:39:00
15373.0,12,2415.91,5.201363636363637,74,2011-12-01 15:05:00
15374.0,1,168.0,3.8166666666666664,3,2011-08-03 09:59:00
15376.0,3,1233.3600000000001,2.8952991452991452,100,2011-10-30 15:04:00
15379.0,7,3703.29,2.5399484536082473,145,2011-06-23 13:13:00
15380.0,5,1690.2600000000002,6.140555555555555,22,2011-12-01 12:13:00
15381.0,2,596.85,6.2,8,2011-05-10 11:55:00
15382.0,6,5955.71,2.4367549668874173,193,2011-11-25 10:58:00
15384.0,2,642.41,1.8617073170731706,34,2011-06-23 10:57:00
15385.0,1,316.88,2.22,12,2011-10-30 15:11:00
15386.0,1,394.14,1.3864516129032256,31,2011-06-06 13:47:00
15388.0,1,140.54,2.0629999999999997,10,2011-03-14 13:53:00
15389.0,1,500.0,1.25,1,2011-06-20 16:18:00
15392.0,4,1535.53,2.1430952380952384,74,2011-12-05 11:01:00
15393.0,2,231.86,1.5783333333333334,10,2011-11-23 16:48:00
15394.0,4,2183.54,3.2396470588235293,54,2011-11-30 11:49:00
15395.0,1,107.45,6.542857142857143,7,2011-01-18 12:40:00
15396.0,1,288.18,3.599285714285714,14,2011-08-19 10:56:00
15397.0,1,94.0,4.933333333333334,6,2011-02-23 09:25:00
15398.0,2,1345.53,2.694794520547945,60,2011-11-23 16:47:00
15399.0,3,815.77,1.9098,45,2011-12-08 13:04:00
15400.0,5,716.2,2.1041666666666665,10,2011-09-08 13:57:00
15402.0,2,626.77,3.5076190476190474,35,2011-07-14 12:17:00
15405.0,1,349.1,3.6,8,2011-06-03 14:44:00
15406.0,2,510.71000000000004,3.2645283018867928,51,2011-11-08 13:22:00
15407.0,4,1056.44,3.8966666666666665,142,2011-11-06 11:55:00
15408.0,1,267.18,4.476176470588236,34,2011-03-20 15:02:00
15410.0,8,3450.84,3.8858196721311473,48,2011-09-16 14:47:00
15411.0,4,1358.88,4.114242424242424,86,2011-11-13 15:19:00
15412.0,1,190.53,3.471,10,2011-06-21 15:24:00
15414.0,3,774.9000000000001,3.2115384615384617,37,2011-11-30 09:50:00
15415.0,1,572.8100000000001,1.7456250000000002,46,2011-01-30 14:13:00
15416.0,4,3984.32,3.266666666666667,165,2011-10-06 09:38:00
15417.0,1,508.8,1.8735714285714287,28,2011-09-15 15:26:00
15419.0,1,135.86,1.3112499999999998,8,2011-11-15 09:23:00
15421.0,4,950.36,2.674150943396226,40,2011-10-12 09:20:00
15422.0,2,97.7,3.016666666666667,6,2011-01-20 16:17:00
15423.0,1,43.5,3.93,2,2011-11-01 14:01:00
15424.0,2,383.34,1.7388235294117649,17,2011-03-30 13:02:00
15426.0,5,1447.39,2.6877739726027396,217,2011-11-20 15:36:00
15427.0,3,1483.14,2.1190522875816993,233,2011-11-06 14:29:00
15428.0,1,93.78,1.8633333333333333,6,2011-11-24 16:54:00
15429.0,2,397.35,2.0679268292682926,77,2011-11-13 12:28:00
15432.0,1,171.19,2.909,10,2011-11-16 16:30:00
15433.0,2,533.3,1.2573170731707317,40,2011-05-10 10:45:00
15434.0,5,1041.48,3.250181818181818,40,2011-12-01 13:33:00
15435.0,1,149.29,3.7351724137931037,29,2011-11-17 16:39:00
15436.0,3,1122.53,2.1387841945288755,243,2011-11-27 16:05:00
15437.0,1,200.16,2.845333333333333,44,2011-03-22 13:11:00
15438.0,1,156.57999999999998,3.5376,25,2011-07-31 14:19:00
15440.0,3,383.68,2.338709677419355,50,2011-10-16 12:16:00
15442.0,1,594.0,4.95,2,2011-04-05 12:24:00
15443.0,7,3236.91,2.966649214659686,237,2011-12-08 10:40:00
15444.0,2,1418.26,2.800821917808219,191,2011-11-30 17:37:00
15445.0,1,113.5,5.55,5,2011-03-20 15:06:00
15447.0,1,155.17,3.121111111111111,9,2011-01-13 11:26:00
15448.0,1,494.64,3.5778571428571424,28,2011-01-31 10:42:00
15449.0,3,974.52,1.901166666666667,47,2011-11-13 15:02:00
15450.0,1,429.84,2.1726666666666667,30,2011-11-09 17:11:00
15452.0,3,538.73,2.589827586206897,47,2011-11-10 12:13:00
15453.0,7,1388.37,2.5453146853146853,169,2011-12-08 10:59:00
15454.0,1,179.1,2.782,23,2010-12-12 14:21:00
15456.0,3,447.22,1.605,48,2011-03-01 13:51:00
15457.0,1,237.07,1.8825862068965518,56,2011-03-22 15:31:00
15458.0,1,161.64,1.2242857142857144,7,2011-11-14 13:08:00
15460.0,1,216.76,2.828275862068965,53,2010-12-20 16:08:00
15462.0,3,234.6,1.55,9,2011-09-06 13:11:00
15463.0,1,126.14,1.8557142857142856,7,2011-11-10 12:57:00
15464.0,1,1048.85,4.210891719745223,155,2011-01-05 15:56:00
15465.0,18,7354.62,6.698762886597938,43,2011-11-20 10:11:00
15466.0,1,334.53,1.9087719298245613,56,2011-09-15 14:08:00
15467.0,3,524.88,2.2582692307692307,41,2011-11-30 14:17:00
15468.0,2,467.51,4.485833333333333,24,2011-10-19 13:49:00
15469.0,2,538.55,6.004166666666666,24,2011-10-20 16:21:00
15471.0,1,469.48,1.9992207792207792,67,2011-12-07 14:12:00
15472.0,1,371.56,2.2892105263157894,76,2011-08-18 15:17:00
15473.0,7,1771.2,2.659090909090909,4,2011-11-25 15:15:00
15475.0,1,454.10999999999996,1.8268965517241378,29,2011-09-23 15:20:00
15478.0,2,1441.42,3.5232608695652172,34,2011-10-30 14:19:00
15480.0,1,905.5,4.2637777777777774,45,2011-08-15 14:32:00
15482.0,12,11054.96,3.8308163265306123,46,2011-11-24 10:46:00
15483.0,4,233.81,1.6330681818181818,74,2011-07-01 13:07:00
15484.0,4,3594.31,2.175478723404255,135,2011-12-08 15:03:00
15485.0,3,2575.0,3.181627906976744,59,2011-11-09 14:31:00
15488.0,1,91.32000000000001,8.03,2,2011-09-08 10:11:00
15489.0,3,1134.28,2.978,47,2011-11-17 08:53:00
15491.0,6,3100.09,3.89538961038961,108,2011-09-05 15:56:00
15492.0,2,659.4599999999999,2.5388571428571427,32,2011-11-11 14:53:00
15493.0,5,2001.8,4.442053872053872,177,2011-11-07 12:04:00
15494.0,2,1299.23,2.39016,120,2011-11-18 14:51:00
15497.0,2,1262.2,3.5933333333333333,13,2011-11-22 11:51:00
15498.0,27,13316.4,3.17880859375,360,2011-12-07 12:48:00
15500.0,4,1131.56,4.561323529411765,64,2011-12-01 13:47:00
15502.0,12,10384.93,19.689953051643194,164,2011-11-24 12:48:00
15503.0,1,147.09,2.053142857142857,66,2010-12-12 10:57:00
15504.0,1,52.83,2.2315384615384617,13,2011-09-19 13:45:00
15505.0,5,3610.96,2.352061855670103,90,2011-10-18 07:56:00
15506.0,3,979.26,1.7823170731707318,121,2011-11-17 12:11:00
15507.0,1,492.36,4.053260869565217,41,2011-06-21 11:19:00
15508.0,6,1000.27,3.392608695652174,78,2011-06-03 15:43:00
15510.0,1,250.0,125.0,1,2011-01-13 12:10:00
15511.0,5,909.23,3.9933750000000003,117,2011-11-28 09:43:00
15512.0,2,121.0,1.95,7,2011-07-07 10:20:00
15513.0,19,14758.220000000001,4.107370129870129,183,2011-11-06 14:36:00
15514.0,11,4139.46,2.3592134831460676,96,2011-11-27 14:40:00
15516.0,3,62.43,2.7786666666666666,15,2011-10-26 10:51:00
15517.0,1,267.03,1.807777777777778,27,2011-04-20 14:02:00
15518.0,8,1942.45,2.4641588785046733,135,2011-10-06 13:05:00
15520.0,1,343.5,1.7244444444444444,18,2011-12-08 10:58:00
15521.0,8,3000.2,3.418594594594594,116,2011-10-30 13:42:00
15522.0,2,398.84,0.9498245614035088,47,2011-11-07 11:26:00
15523.0,1,412.01000000000005,3.6310000000000002,10,2011-09-16 16:29:00
15524.0,1,440.0,110.0,1,2011-11-15 12:09:00
15525.0,3,825.92,2.703258426966292,133,2011-12-07 14:43:00
15526.0,2,148.44,5.494999999999999,4,2011-11-06 15:04:00
15527.0,8,2429.78,3.3190797546012267,127,2011-11-21 12:17:00
15528.0,1,229.33,2.6076923076923078,26,2011-03-30 16:14:00
15529.0,11,3995.23,1.7170982142857145,415,2011-11-17 11:29:00
15530.0,4,1502.35,2.843518518518519,90,2011-11-18 12:25:00
15531.0,2,2007.44,3.037982456140351,196,2011-12-01 18:43:00
15532.0,4,1580.93,3.8781640625,205,2011-11-14 14:51:00
15533.0,3,807.57,4.041927710843374,73,2011-11-20 15:35:00
15535.0,4,536.4,4.692666666666667,55,2011-06-19 16:02:00
15537.0,1,110.92,3.862083333333333,24,2011-06-29 13:10:00
15539.0,1,538.46,1.343658536585366,41,2011-12-02 13:36:00
15540.0,1,213.3,1.7133333333333334,15,2011-11-28 13:51:00
15541.0,1,85.13000000000001,2.0941379310344828,29,2011-08-17 14:58:00
15543.0,1,127.86,2.1992857142857143,26,2011-02-24 15:26:00
15544.0,9,3546.71,1.5977992277992277,122,2011-11-30 16:43:00
15545.0,2,292.71999999999997,2.6919753086419753,78,2011-10-16 13:24:00
15547.0,14,4954.84,2.6033048433048434,441,2011-12-02 12:52:00
15549.0,3,1693.26,3.284173913043478,104,2011-09-23 16:22:00
15550.0,4,575.63,2.803934426229508,43,2011-12-05 15:38:00
15551.0,1,436.06,3.9306896551724138,29,2011-11-03 12:37:00
15552.0,1,90.12,1.7841176470588236,17,2011-05-06 14:47:00
15553.0,1,437.23,2.4103571428571433,51,2011-10-10 14:02:00
15554.0,1,217.2,4.810714285714285,14,2011-03-07 09:00:00
15555.0,16,4805.17,1.6966740823136819,401,2011-11-27 16:19:00
15556.0,1,279.77,1.7899999999999998,31,2011-11-15 16:08:00
15557.0,1,473.65000000000003,3.5595,16,2011-11-11 12:46:00
15561.0,4,800.59,4.274814814814815,27,2011-11-28 11:07:00
15562.0,1,134.55,3.45,1,2010-12-23 09:55:00
15563.0,4,1400.44,1.883362831858407,88,2011-11-17 14:50:00
15565.0,2,173.16,4.56625,8,2011-10-20 14:33:00
15567.0,1,186.01,3.2357142857142853,7,2011-11-21 10:48:00
15568.0,3,758.29,2.5564150943396227,27,2011-12-07 11:27:00
15569.0,5,1375.71,2.165161290322581,27,2011-08-28 10:15:00
15570.0,12,4165.52,3.6973993808049537,231,2011-12-02 14:47:00
15571.0,4,650.4300000000001,2.701578947368421,47,2011-11-28 10:02:00
15572.0,7,2552.86,3.6436279069767443,166,2011-12-05 10:09:00
15573.0,2,607.45,2.8558653846153845,88,2011-11-08 11:38:00
15574.0,4,702.25,2.5163690476190474,131,2011-06-15 12:01:00
15576.0,1,940.6700000000001,3.5811111111111114,43,2011-11-02 12:03:00
15577.0,3,258.88,3.0605128205128205,39,2011-07-11 17:03:00
15578.0,1,127.1,2.3884615384615384,13,2011-06-30 13:03:00
15579.0,2,348.6,4.046666666666667,45,2011-10-02 12:45:00
15581.0,13,3679.9700000000003,22.55167785234899,134,2011-08-11 09:38:00
15582.0,3,682.9100000000001,2.3970454545454545,39,2011-11-15 09:55:00
15584.0,4,725.11,3.0995121951219513,89,2011-11-16 10:55:00
15585.0,1,455.3,2.2641935483870967,31,2011-06-16 08:38:00
15587.0,4,913.6800000000001,2.9166666666666665,3,2011-10-20 13:37:00
15589.0,3,478.53000000000003,3.6893103448275864,28,2011-03-29 09:54:00
15592.0,1,388.58,1.5645833333333334,24,2011-10-24 08:59:00
15593.0,1,199.8,3.3299999999999996,5,2011-09-30 11:46:00
15594.0,5,1771.78,3.1589320388349513,85,2011-11-24 08:53:00
15596.0,5,1406.59,4.183246753246753,51,2011-08-31 10:55:00
15597.0,1,324.57,1.6090909090909091,22,2011-11-04 13:26:00
15598.0,1,240.68,2.5564285714285715,14,2011-10-17 16:04:00
15599.0,2,761.74,1.8890384615384617,50,2011-11-13 11:44:00
15601.0,14,6776.56,2.6858536585365855,230,2011-11-28 15:15:00
15602.0,9,1297.8700000000001,2.409782608695652,30,2011-12-01 14:14:00
15603.0,1,48.480000000000004,0.505,2,2011-09-22 10:04:00
15604.0,1,216.39,1.543529411764706,17,2011-10-18 14:47:00
15605.0,5,1198.23,4.588358208955224,61,2011-11-03 14:17:00
15606.0,9,2920.16,3.7179220779220774,48,2011-10-09 15:47:00
15607.0,1,104.76,1.1753846153846153,13,2011-01-07 12:44:00
15608.0,4,1093.68,3.255666666666667,59,2011-11-11 13:20:00
15609.0,1,298.48,4.44625,16,2011-06-08 13:00:00
15610.0,1,112.46000000000001,1.8733333333333333,6,2011-10-19 10:36:00
15611.0,13,1591.45,5.777674418604651,23,2011-11-30 12:36:00
15612.0,2,195.15,6.141666666666667,4,2011-11-03 14:52:00
15615.0,23,10399.74,2.562931442080378,184,2011-11-29 14:42:00
15618.0,4,776.851,2.550911111111111,39,2011-11-07 08:34:00
15619.0,1,336.40000000000003,4.416666666666667,3,2011-11-29 08:14:00
15620.0,3,1553.18,3.7297000000000002,92,2011-10-14 12:41:00
15621.0,4,1293.03,2.06625,11,2011-12-05 14:01:00
15622.0,9,3709.56,4.08372972972973,169,2011-10-27 16:44:00
15623.0,1,301.03,4.2905263157894735,19,2011-07-21 17:26:00
15624.0,4,588.13,3.6561764705882354,26,2011-08-15 11:38:00
15625.0,4,1534.26,1.62359375,44,2011-08-28 10:21:00
15626.0,2,675.8,1.646938775510204,49,2011-09-26 10:03:00
15628.0,9,2870.2400000000002,2.3046451612903227,85,2011-12-05 10:24:00
15630.0,2,1186.35,2.8271666666666664,57,2011-10-25 15:36:00
15632.0,8,3285.31,2.695928143712575,107,2011-11-24 09:51:00
15634.0,1,243.55,3.7266666666666666,15,2011-11-22 16:28:00
15636.0,2,724.76,3.1712000000000002,20,2011-09-11 11:17:00
15637.0,1,223.36,3.026666666666667,15,2011-10-18 08:28:00
15639.0,1,425.32,4.3084,25,2011-07-28 14:30:00
15640.0,15,12515.66,2.7894628099173553,240,2011-12-05 14:35:00
15641.0,4,1887.2,1.9095798319327733,102,2011-08-26 14:04:00
15643.0,3,664.0,5.933030303030303,31,2011-06-01 07:38:00
15644.0,4,813.0,1.7819327731092438,166,2011-06-26 14:54:00
15645.0,1,612.01,2.9526923076923075,50,2011-11-21 11:55:00
15646.0,3,447.64000000000004,2.914285714285714,35,2011-07-05 09:53:00
15648.0,2,657.35,4.58,23,2011-05-19 15:53:00
15649.0,2,816.0,4.25,1,2011-01-07 13:34:00
15651.0,3,646.3,2.1584375,27,2011-11-03 08:41:00
15652.0,1,337.74,3.8533333333333335,21,2011-09-09 14:22:00
15653.0,2,877.4399999999999,0.9066666666666666,4,2011-09-08 10:49:00
15654.0,2,922.53,3.070952380952381,15,2011-11-30 13:08:00
15655.0,1,560.67,3.0920588235294115,34,2011-04-10 15:25:00
15656.0,4,748.5,4.41127659574468,46,2011-10-25 14:56:00
15657.0,1,30.0,1.25,1,2011-11-17 12:19:00
15658.0,5,1024.1000000000001,6.244791666666667,40,2011-06-02 15:22:00
15659.0,1,306.45,5.459090909090909,11,2011-10-27 09:23:00
15660.0,9,1600.86,2.3347777777777776,55,2011-11-14 16:58:00
15661.0,2,309.8,0.9099999999999999,4,2011-01-26 13:56:00
15663.0,1,138.14,2.51,9,2011-08-25 15:50:00
15664.0,1,386.43,4.165294117647059,17,2011-10-20 10:57:00
15665.0,2,2242.01,2.2631896551724138,92,2011-06-24 14:57:00
15667.0,1,301.32,1.5553846153846154,13,2011-10-31 10:56:00
15668.0,1,76.32000000000001,1.06,1,2011-05-06 10:39:00
15669.0,4,684.34,3.212121212121212,31,2011-10-30 16:03:00
15670.0,1,173.05,3.15,12,2011-02-16 10:50:00
15671.0,7,2657.13,2.4162820512820513,52,2011-11-21 12:43:00
15673.0,4,2881.02,2.949225806451613,107,2011-09-12 16:12:00
15674.0,5,2446.6,5.779999999999999,88,2011-09-27 15:17:00
15675.0,3,323.69,2.8790476190476193,20,2011-09-19 13:48:00
15676.0,3,3435.76,3.1958415841584156,191,2011-11-21 12:40:00
15677.0,1,657.23,3.582121212121212,33,2011-10-21 15:36:00
15678.0,1,352.7,2.04,12,2011-10-18 09:25:00
15679.0,4,781.28,1.1043636363636364,98,2011-11-15 16:19:00
15680.0,3,1333.68,2.42,61,2011-11-30 13:46:00
15681.0,5,1426.16,1.9690566037735848,32,2011-11-14 16:30:00
15683.0,1,193.75,2.163,10,2011-08-14 12:56:00
15687.0,9,2993.1,4.248253012048193,119,2011-12-01 08:33:00
15689.0,2,254.1,3.5,8,2011-08-12 09:37:00
15690.0,2,239.76,0.6831578947368421,19,2011-12-05 15:59:00
15691.0,1,136.8,1.9,2,2011-04-01 15:13:00
15692.0,1,191.04,1.9041666666666668,12,2011-11-11 14:12:00
15694.0,14,6479.4,4.71076923076923,42,2011-12-09 09:44:00
15695.0,2,409.98,2.887272727272727,22,2011-03-18 08:32:00
15696.0,8,2736.46,4.26625730994152,140,2011-11-06 14:02:00
15699.0,1,309.65,6.181111111111111,18,2011-11-22 08:26:00
15700.0,2,696.68,2.933488372093023,85,2011-06-20 16:53:00
15701.0,4,1542.14,2.94168776371308,193,2011-12-07 14:39:00
15703.0,1,211.5,2.93,5,2011-03-20 10:51:00
15704.0,4,2293.62,3.227008547008547,79,2011-07-22 13:35:00
15705.0,1,143.1,6.05,6,2011-05-22 15:37:00
15706.0,4,1060.56,5.126181818181818,50,2011-10-07 10:09:00
15707.0,4,945.58,2.2814953271028036,126,2011-11-04 14:35:00
15708.0,7,3364.2400000000002,4.0928125,124,2011-10-30 10:54:00
15709.0,1,133.25,2.415,6,2011-03-01 10:38:00
15712.0,5,1072.3600000000001,3.666792452830189,41,2011-11-30 14:09:00
15713.0,2,356.7,5.338421052631579,18,2011-07-19 13:34:00
15714.0,2,330.88,3.0614285714285714,34,2011-11-28 11:26:00
15716.0,4,1118.81,2.288728813559322,101,2011-07-17 11:59:00
15717.0,1,150.3,2.4714285714285715,7,2011-04-19 13:21:00
15719.0,13,5045.61,2.200554962646745,299,2011-11-07 12:29:00
15720.0,1,598.73,2.46609375,128,2011-11-15 14:48:00
15721.0,1,507.08,2.0571428571428574,80,2011-11-28 12:14:00
15722.0,5,2222.56,3.047536231884058,45,2011-11-04 11:43:00
15723.0,1,203.1,2.5853658536585367,37,2010-12-10 11:12:00
15724.0,2,218.25,3.4136363636363636,11,2011-05-22 14:40:00
15725.0,1,415.25,2.65125,32,2011-11-24 14:51:00
15727.0,7,5178.96,3.2481456953642387,213,2011-11-23 12:36:00
15729.0,1,85.0,3.75,5,2011-05-11 12:36:00
15730.0,3,1120.88,2.9675714285714285,68,2011-10-05 12:31:00
15732.0,2,294.12,1.8907142857142856,13,2011-05-11 14:24:00
15733.0,1,162.3,4.35,10,2011-03-02 09:05:00
15734.0,2,1339.45,4.843846153846154,25,2011-08-17 10:50:00
15737.0,8,1205.1200000000001,3.910416666666667,60,2011-11-25 11:21:00
15738.0,16,4812.42,2.12121387283237,46,2011-11-21 08:26:00
15739.0,1,449.12,2.52375,8,2011-10-04 13:42:00
15740.0,1,154.88,2.4722222222222223,9,2011-10-21 14:29:00
15743.0,4,784.46,4.683863636363636,59,2011-11-23 17:19:00
15744.0,1,34.8,0.29,3,2011-09-23 09:52:00
15745.0,4,1094.59,4.3022580645161295,57,2011-11-20 13:45:00
15746.0,1,196.88,1.4835714285714285,28,2011-07-28 15:21:00
15747.0,3,974.04,2.459569892473118,52,2011-11-27 12:26:00
15748.0,1,149.31,3.7361904761904765,19,2011-10-30 12:51:00
15749.0,3,44534.3,3.0439999999999996,5,2011-04-18 13:20:00
15750.0,8,2465.48,2.4343003412969284,214,2011-12-07 12:34:00
15752.0,7,2637.38,1.752676399026764,236,2011-10-31 11:37:00
15753.0,1,79.2,0.55,1,2011-02-08 12:41:00
15754.0,3,458.57,2.7239285714285715,24,2011-10-19 14:40:00
15755.0,6,2364.25,3.1785106382978725,127,2011-11-29 14:57:00
15756.0,4,532.96,2.477239583333333,160,2011-10-09 13:30:00
15757.0,2,714.42,2.7295555555555557,43,2011-10-05 12:14:00
15758.0,1,205.25,4.427777777777778,9,2011-11-15 10:48:00
15759.0,3,253.04,5.174285714285714,5,2011-05-05 15:13:00
15762.0,2,583.75,4.0018918918918915,37,2011-10-05 16:15:00
15763.0,2,1086.92,6.6593442622950825,58,2011-11-08 09:44:00
15764.0,6,3279.97,2.836666666666667,150,2011-09-12 17:58:00
15766.0,1,315.06,3.208181818181818,11,2011-10-06 17:03:00
15768.0,3,621.8299999999999,7.899259259259259,23,2011-08-16 10:48:00
15769.0,26,56252.72,2.050769230769231,26,2011-12-02 13:52:00
15773.0,1,635.6800000000001,1.334,10,2011-12-04 12:48:00
15774.0,1,270.8,4.802,25,2011-10-02 12:04:00
15775.0,1,104.9,2.4714285714285715,7,2011-04-08 12:56:00
15776.0,1,241.62,4.183888888888889,18,2011-07-29 13:46:00
15777.0,4,1047.11,3.823333333333333,18,2011-04-12 16:43:00
15780.0,3,475.28000000000003,4.157586206896552,26,2011-06-09 12:01:00
15781.0,3,345.46,3.9675,20,2011-11-14 14:57:00
15782.0,3,2614.7400000000002,6.1141860465116284,34,2011-11-30 10:49:00
15783.0,1,246.3,3.4364285714285714,14,2011-11-29 09:50:00
15785.0,5,2328.9700000000003,3.2433734939759034,58,2011-11-07 11:33:00
15786.0,3,4932.2,2.732322097378277,257,2011-10-24 14:13:00
15787.0,3,948.05,2.164708737864078,156,2011-11-13 14:55:00
15789.0,1,351.3,0.9984000000000001,25,2010-12-16 14:35:00
15790.0,1,220.85,3.424285714285714,34,2011-11-29 14:53:00
15791.0,2,1612.69,3.256266666666667,66,2011-10-27 10:14:00
15793.0,3,965.61,3.0975,6,2011-11-25 09:31:00
15795.0,1,610.01,3.058095238095238,42,2011-07-13 10:43:00
15796.0,8,2711.56,3.9022556390977443,70,2011-12-08 19:55:00
15797.0,4,2207.4,4.23125,8,2011-08-18 17:04:00
15799.0,3,884.14,2.267448979591837,94,2011-09-25 12:46:00
15800.0,2,699.08,2.712689075630252,116,2011-08-24 14:23:00
15801.0,3,1063.95,2.96421875,61,2011-10-24 13:52:00
15802.0,1,451.42,451.42,1,2011-07-20 11:38:00
15803.0,1,415.82000000000005,1.74875,8,2011-10-19 14:56:00
15804.0,13,4206.39,3.7104961832061067,170,2011-12-09 12:31:00
15805.0,17,5528.4800000000005,2.7423920265780732,220,2011-11-16 16:32:00
15806.0,3,784.58,2.004193548387097,24,2011-10-24 14:35:00
15807.0,3,903.9,2.5812500000000003,48,2011-10-20 14:10:00
15808.0,4,3734.9700000000003,3.5788461538461536,142,2011-02-06 14:33:00
15809.0,5,515.77,4.123142857142857,31,2011-11-03 16:40:00
15810.0,4,1391.98,2.6612359550561795,66,2011-09-22 09:38:00
15811.0,6,2218.62,3.487669172932331,117,2011-11-17 15:31:00
15812.0,5,1801.14,5.051707317073171,36,2011-08-24 14:19:00
15813.0,2,1303.9099999999999,3.775,40,2011-05-16 08:13:00
15814.0,4,1945.33,3.284861111111111,63,2011-11-23 08:17:00
15815.0,5,2100.6,2.160408163265306,33,2011-10-07 12:42:00
15819.0,4,1905.45,2.0016260162601625,96,2011-10-21 14:50:00
15820.0,1,206.98,2.2494117647058824,17,2011-01-24 12:00:00
15821.0,2,570.96,3.696451612903226,57,2011-10-26 15:48:00
15822.0,2,885.47,3.369393939393939,28,2011-12-06 14:50:00
15823.0,1,15.0,15.0,1,2010-12-02 15:08:00
15825.0,1,532.94,8.8395,20,2011-06-20 13:27:00
15826.0,3,1654.31,3.2094117647058824,64,2011-10-14 16:05:00
15827.0,14,1836.0900000000001,4.353130434782609,72,2011-09-27 15:35:00
15829.0,2,636.14,1.0527450980392157,44,2011-09-01 16:45:00
15830.0,1,576.0,2.913846153846154,39,2011-11-02 10:40:00
15831.0,3,801.76,2.6416176470588235,63,2011-10-12 13:14:00
15832.0,1,836.79,2.310185185185185,54,2011-03-30 15:29:00
15834.0,4,2233.75,4.069487179487179,242,2011-09-30 14:41:00
15835.0,4,954.09,3.073,47,2011-10-26 15:47:00
15836.0,1,137.37,9.244,10,2011-10-20 17:13:00
15837.0,1,391.98,4.09125,24,2011-10-06 09:01:00
15838.0,19,33643.08,1.9419760479041916,54,2011-11-28 14:00:00
15839.0,3,1048.49,2.1283870967741936,56,2011-11-06 13:54:00
15840.0,2,355.56,1.961111111111111,26,2011-10-12 09:08:00
15841.0,4,1224.06,1.416808510638298,36,2011-09-28 12:15:00
15843.0,1,118.95000000000002,7.14375,8,2011-02-09 10:19:00
15844.0,1,130.73999999999998,1.7936363636363637,11,2011-10-24 15:19:00
15845.0,8,3711.77,2.730144927536232,97,2011-11-22 09:42:00
15847.0,2,389.27,3.35,22,2011-11-01 14:41:00
15850.0,2,238.85,1.5638144329896908,87,2011-11-20 14:14:00
15852.0,2,160.71,3.355,22,2011-06-06 11:22:00
15853.0,1,110.8,1.4693333333333334,29,2011-10-19 10:38:00
15854.0,12,2974.65,2.9360714285714287,105,2011-12-05 13:39:00
15855.0,5,712.24,1.886,59,2011-07-26 10:20:00
15856.0,27,16387.57,1.7719379844961243,295,2011-12-05 17:09:00
15857.0,1,297.0,0.9428571428571428,14,2011-11-21 12:18:00
15858.0,5,1438.85,2.3072774869109947,145,2011-11-24 12:48:00
15860.0,8,977.21,3.4395070422535214,105,2011-10-30 11:25:00
15861.0,8,3165.36,1.871190476190476,339,2011-11-27 15:59:00
15862.0,4,832.88,2.7378911564625854,142,2011-12-01 13:28:00
15863.0,2,68.84,3.708888888888889,18,2011-11-14 12:49:00
15864.0,6,1936.3200000000002,2.7265,16,2011-11-17 13:32:00
15865.0,3,895.13,5.611,37,2011-10-30 12:43:00
15866.0,1,230.53,3.8722222222222222,43,2011-08-30 14:09:00
15867.0,15,3812.64,3.4156399132321043,302,2011-12-04 13:32:00
15869.0,2,149.64,2.1420000000000003,13,2011-03-07 17:23:00
15870.0,1,354.09000000000003,1.801842105263158,68,2011-11-07 10:58:00
15872.0,2,360.93,2.07296875,101,2011-11-25 11:55:00
15874.0,7,4405.88,5.8974166666666665,110,2011-10-07 12:31:00
15877.0,2,493.28,1.8717829457364341,122,2011-12-08 11:53:00
15880.0,1,343.28000000000003,2.1701904761904762,95,2010-12-05 13:00:00
15881.0,5,501.39000000000004,3.3168965517241378,26,2011-01-31 16:59:00
15882.0,4,516.36,1.9078260869565218,23,2011-05-25 11:35:00
15883.0,2,396.48,2.9546938775510205,42,2011-12-07 17:05:00
15885.0,3,379.35,5.686111111111111,18,2011-09-08 10:43:00
15886.0,1,181.09,2.9975,12,2011-10-10 14:25:00
15888.0,1,168.31,2.464166666666667,11,2011-09-20 12:30:00
15889.0,2,446.87,2.8899999999999997,79,2011-07-06 11:10:00
15891.0,1,524.52,2.651774193548387,60,2011-04-27 12:35:00
15894.0,2,263.55,2.0119512195121954,35,2011-03-31 13:50:00
15895.0,1,179.17,1.9845454545454544,11,2011-07-13 10:27:00
15897.0,2,222.05,2.0920833333333335,17,2011-05-29 13:50:00
15898.0,5,1388.88,3.322674418604651,70,2011-12-08 15:23:00
15899.0,1,56.25,4.125,4,2010-12-06 10:36:00
15900.0,1,351.11,2.0315686274509805,44,2011-11-16 12:19:00
15901.0,3,363.88,2.0995689655172414,102,2011-11-23 12:43:00
15903.0,7,5126.76,2.245135135135135,46,2011-11-30 08:08:00
15904.0,1,164.68,2.953333333333333,30,2011-12-01 14:50:00
15906.0,7,1567.69,3.3830666666666667,113,2011-11-20 12:24:00
15907.0,3,967.45,2.590240963855422,175,2011-12-06 12:21:00
15909.0,1,191.94,1.8599999999999999,7,2011-06-19 10:38:00
15910.0,8,1232.18,1.8127340823970037,215,2011-12-09 10:51:00
15912.0,2,264.62,2.0957894736842104,19,2011-06-14 14:29:00
15916.0,8,1528.09,3.7222580645161294,124,2011-11-23 13:46:00
15917.0,1,123.1,5.1499999999999995,12,2011-04-06 10:40:00
15918.0,2,334.23,2.5142499999999997,33,2011-06-02 11:42:00
15919.0,2,639.89,2.4646153846153847,103,2011-11-20 11:28:00
15920.0,4,167.5,2.1593333333333335,53,2011-07-08 15:31:00
15921.0,1,336.03000000000003,3.7872000000000003,24,2011-06-20 11:03:00
15922.0,1,369.5,4.409090909090909,11,2010-12-01 13:51:00
15923.0,1,127.08,2.814761904761905,21,2010-12-02 12:16:00
15925.0,1,207.15,2.8958333333333335,12,2011-05-29 15:35:00
15930.0,1,426.63,4.022857142857143,21,2011-10-03 14:52:00
15932.0,8,2495.87,1.4927826086956522,93,2011-12-05 17:13:00
15933.0,3,1107.46,2.1356756756756754,63,2011-11-18 13:14:00
15935.0,2,416.86,27.295,12,2011-04-14 13:27:00
15937.0,1,145.35,2.3714285714285714,7,2011-10-06 15:48:00
15938.0,5,404.58,2.320555555555556,13,2011-08-19 12:56:00
15939.0,15,6115.01,1.7944736842105262,28,2011-09-11 11:30:00
15940.0,1,35.8,8.95,1,2011-02-01 16:18:00
15942.0,1,337.44,2.657857142857143,14,2011-07-29 09:01:00
15944.0,1,325.1,5.083333333333333,6,2011-03-08 10:33:00
15945.0,1,181.0,2.75,2,2010-12-09 13:14:00
15947.0,1,1708.24,4.022068965517241,29,2011-09-18 10:46:00
15948.0,2,955.24,2.5215,51,2011-12-01 15:32:00
15949.0,2,364.72,1.8247368421052632,12,2011-11-23 09:09:00
15950.0,4,1765.51,3.335,86,2011-11-08 11:09:00
15951.0,2,708.22,3.700731707317073,36,2011-12-01 08:34:00
15952.0,4,806.57,3.2756043956043954,65,2011-11-06 11:18:00
15953.0,8,1659.3799999999999,2.719795918367347,63,2011-11-24 15:32:00
15955.0,14,4416.26,2.833169398907104,137,2011-11-15 14:15:00
15957.0,1,428.89,2.787857142857143,40,2011-11-08 12:14:00
15958.0,1,104.35,3.9842857142857144,7,2011-09-26 13:41:00
15963.0,2,470.76,2.41,26,2011-11-20 11:33:00
15965.0,4,845.64,2.287704918032787,88,2011-11-22 16:44:00
15967.0,2,418.83,2.8676190476190477,73,2011-11-16 15:41:00
15969.0,3,666.1,7.0825000000000005,20,2011-12-07 11:06:00
15970.0,1,314.1,2.6,11,2011-02-09 12:08:00
15971.0,12,4199.85,2.3254285714285716,10,2011-11-22 12:50:00
15973.0,1,307.82000000000005,4.4275,4,2010-12-08 11:42:00
15974.0,7,3442.15,2.819545454545455,141,2011-10-31 13:13:00
15975.0,1,371.01,2.1433333333333335,24,2011-09-16 13:33:00
15976.0,2,430.94,2.4076530612244897,83,2011-06-27 13:00:00
15977.0,2,1054.73,2.9993846153846153,48,2011-11-22 13:29:00
15978.0,1,1098.78,1.9628571428571426,49,2011-09-23 15:21:00
15980.0,3,2398.86,2.072558139534884,40,2011-09-12 09:41:00
15981.0,8,3408.48,2.2077319587628867,53,2011-11-15 08:00:00
15983.0,4,1475.02,2.1008849557522122,82,2011-11-17 17:34:00
15984.0,10,2837.67,2.730962962962963,217,2011-12-07 12:16:00
15985.0,2,1142.42,1.8202702702702702,29,2011-08-08 16:31:00
15986.0,1,168.12,0.897142857142857,14,2011-11-09 15:17:00
15987.0,7,1451.28,2.154642857142857,110,2011-11-27 15:38:00
15988.0,1,158.03,3.451851851851852,26,2011-11-20 13:23:00
15990.0,2,792.11,3.0548076923076923,52,2011-10-26 15:58:00
15992.0,1,41.989999999999995,6.109999999999999,3,2011-12-06 11:00:00
15993.0,7,2797.57,2.233713768115942,335,2011-12-01 10:45:00
15994.0,1,427.07,3.388,31,2011-10-16 12:28:00
15996.0,6,1060.68,3.9843076923076928,103,2011-09-12 15:14:00
15998.0,5,3089.97,2.5529446640316205,370,2011-11-03 12:45:00
16000.0,3,12393.7,3.3455555555555554,9,2011-12-07 12:17:00
16003.0,5,2735.37,5.018446601941747,82,2011-11-10 09:57:00
16005.0,4,615.39,2.3735779816513762,173,2011-11-27 13:47:00
16006.0,1,101.4,1.5775000000000001,8,2011-05-12 13:12:00
16007.0,4,1701.94,1.78612987012987,221,2011-10-23 11:05:00
16008.0,3,478.78,2.111515151515152,29,2011-11-16 10:32:00
16009.0,4,992.71,3.313888888888889,68,2011-11-17 16:51:00
16010.0,3,407.5,2.2238372093023258,62,2011-04-08 10:14:00
16011.0,16,3362.71,2.1162735849056604,99,2011-12-01 16:31:00
16012.0,3,1415.29,2.5875531914893615,87,2011-11-04 13:25:00
16013.0,47,37130.6,2.803669064748201,30,2011-12-06 10:36:00
16014.0,3,662.38,2.8024137931034483,123,2011-11-02 12:04:00
16015.0,3,705.39,1.2462637362637363,146,2011-12-06 10:58:00
16016.0,8,1508.76,2.9934468085106385,156,2011-12-06 14:35:00
16017.0,1,211.88,2.675625,26,2011-10-23 12:56:00
16018.0,2,408.90000000000003,3.3039285714285715,26,2011-10-31 14:13:00
16019.0,9,3786.2400000000002,3.3305,133,2011-10-24 11:51:00
16020.0,3,851.01,2.4445652173913044,42,2011-11-23 11:18:00
16022.0,1,628.28,3.3089473684210526,68,2011-03-24 13:16:00
16023.0,3,719.81,3.1293069306930694,90,2011-10-24 16:34:00
16024.0,1,251.24,1.11484375,61,2011-11-27 13:26:00
16025.0,1,439.65999999999997,1.9764285714285712,28,2011-11-10 11:45:00
16026.0,1,236.09,1.285625,30,2011-10-27 13:53:00
16027.0,6,934.62,13.510000000000002,11,2011-09-09 10:47:00
16029.0,63,81024.84,36.04293388429752,44,2011-11-01 10:27:00
16030.0,1,331.24,2.3137931034482757,28,2011-02-03 11:28:00
16031.0,2,548.94,2.7897000000000003,91,2011-09-08 13:07:00
16033.0,20,8816.4,3.34532981530343,538,2011-12-04 12:44:00
16034.0,3,437.7,2.5545454545454547,18,2011-05-27 16:17:00
16036.0,2,758.92,2.1336363636363638,55,2011-09-13 14:53:00
16037.0,3,855.02,3.1225641025641027,37,2011-03-15 09:13:00
16038.0,3,471.78000000000003,3.19,24,2011-12-02 12:40:00
16040.0,3,1313.55,3.9113846153846157,57,2011-10-05 13:47:00
16041.0,3,3166.4,5.39,6,2011-11-09 12:25:00
16042.0,5,1197.27,2.9728169014084505,68,2011-11-17 17:50:00
16043.0,4,773.99,4.506923076923077,30,2011-11-02 12:50:00
16045.0,4,1340.7,2.8589156626506025,71,2011-08-12 12:41:00
16048.0,2,256.44,1.62125,8,2010-12-01 15:28:00
16049.0,3,1111.79,2.019967948717949,248,2011-10-30 13:19:00
16050.0,1,137.9,2.585,10,2011-06-19 11:44:00
16052.0,1,362.06,2.4885294117647057,34,2011-10-16 15:13:00
16053.0,2,1511.95,2.883809523809524,81,2011-11-07 11:21:00
16054.0,1,783.9,3.998142857142857,70,2011-07-17 13:08:00
16055.0,1,134.8,8.9875,8,2011-05-03 09:26:00
16056.0,1,664.85,3.7658823529411762,66,2011-10-25 15:19:00
16057.0,7,2263.12,4.028181818181818,109,2011-11-23 15:23:00
16059.0,6,1459.8600000000001,3.109333333333333,126,2011-10-05 09:56:00
16062.0,4,1153.62,2.7225,50,2011-11-30 12:15:00
16063.0,1,335.32,2.242608695652174,23,2011-03-24 14:56:00
16065.0,1,372.09,1.8732432432432433,71,2010-12-09 13:03:00
16066.0,5,1521.87,3.1003921568627453,77,2011-11-23 11:54:00
16070.0,2,852.15,2.1045454545454545,32,2011-11-17 15:50:00
16071.0,1,326.24,2.737142857142857,21,2011-10-26 11:14:00
16072.0,1,584.3199999999999,8.399565217391304,23,2011-02-24 14:32:00
16073.0,1,122.39999999999999,2.55,1,2011-02-15 15:41:00
16076.0,10,2234.73,2.541007751937985,71,2011-12-06 14:59:00
16078.0,1,79.2,4.95,1,2011-03-01 09:47:00
16079.0,3,1352.0,2.9714285714285715,18,2011-11-23 12:48:00
16080.0,2,217.16,1.7919999999999998,10,2011-09-19 10:42:00
16081.0,5,2806.9,2.7976211453744493,175,2011-10-14 13:06:00
16083.0,2,1317.62,1.5748387096774195,31,2011-08-31 10:47:00
16084.0,1,436.18,2.6457894736842107,38,2011-02-13 16:05:00
16085.0,5,981.51,2.387125748502994,123,2011-11-16 13:24:00
16086.0,5,1121.39,3.22025641025641,24,2011-10-11 13:09:00
16091.0,2,315.06,2.841666666666667,16,2011-07-08 08:45:00
16092.0,3,817.86,2.176862745098039,37,2011-08-17 10:46:00
16093.0,1,17.0,0.85,1,2011-08-25 11:09:00
16094.0,4,1078.23,3.607936507936508,48,2011-11-28 12:45:00
16096.0,1,320.62,13.269166666666669,12,2011-03-20 13:38:00
16097.0,1,185.04999999999998,5.359999999999999,10,2011-04-13 13:47:00
16098.0,7,2005.63,4.424626865671642,34,2011-09-13 09:59:00
16099.0,3,731.9,1.8684615384615386,29,2011-10-20 13:13:00
16101.0,1,1290.7,2.4839473684210525,76,2011-09-30 10:18:00
16102.0,3,1842.14,2.5987719298245615,41,2011-10-28 13:19:00
16103.0,6,1429.64,4.607291666666667,30,2011-12-02 14:16:00
16104.0,1,302.36,3.3613793103448275,28,2011-10-09 10:23:00
16105.0,1,336.96,1.18,13,2011-04-05 10:13:00
16106.0,1,108.38,1.5133333333333334,6,2011-10-05 10:37:00
16107.0,7,3204.1600000000003,4.36483870967742,16,2011-11-22 09:40:00
16108.0,1,842.5,1.9610416666666666,48,2011-09-16 11:48:00
16109.0,2,611.88,1.5788888888888888,18,2011-05-05 09:17:00
16110.0,3,1337.48,2.2664406779661017,283,2011-10-25 14:35:00
16112.0,4,195.73999999999998,0.5575,15,2011-07-19 14:28:00
16113.0,1,161.38,2.6510000000000002,30,2011-06-09 16:16:00
16114.0,1,135.75000000000003,3.34375,8,2011-06-22 10:13:00
16115.0,8,1667.97,2.356901408450704,169,2011-11-30 11:32:00
16116.0,1,612.78,4.36735294117647,34,2011-05-12 12:01:00
16117.0,1,232.21,2.449,30,2011-06-03 11:42:00
16119.0,2,423.36,2.131875,14,2011-12-01 15:11:00
16120.0,4,1309.14,1.807,26,2011-10-11 14:22:00
16121.0,2,867.11,1.965188679245283,170,2011-10-13 12:59:00
16122.0,4,684.4200000000001,1.583157894736842,26,2011-09-27 15:34:00
16123.0,1,307.78,3.1075,16,2011-10-19 09:18:00
16124.0,1,249.0,8.549999999999999,11,2011-01-26 14:45:00
16125.0,1,289.35,3.209230769230769,13,2010-12-07 15:48:00
16126.0,4,6287.77,3.6533333333333333,57,2011-11-10 16:03:00
16127.0,1,656.25,3.10625,40,2011-10-31 13:58:00
16128.0,5,1880.22,2.425056179775281,76,2011-11-22 11:14:00
16131.0,6,3506.54,3.2437179487179484,55,2011-10-19 11:53:00
16133.0,33,14589.04,3.2128106508875742,219,2011-12-06 11:24:00
16134.0,2,618.09,2.047428571428571,34,2011-11-18 10:05:00
16135.0,1,517.55,3.4428571428571426,21,2011-03-22 12:30:00
16136.0,3,709.38,2.655675675675676,35,2011-10-11 09:10:00
16139.0,3,635.41,2.7732258064516127,25,2011-11-21 08:37:00
16140.0,2,725.18,1.7917142857142858,32,2011-10-05 12:15:00
16141.0,1,620.4,4.6883333333333335,30,2011-09-12 13:11:00
16142.0,1,535.34,2.8767567567567567,37,2011-04-04 10:16:00
16143.0,6,2424.94,4.138119658119658,75,2011-12-06 14:13:00
16144.0,1,175.2,10.95,1,2011-04-07 10:09:00
16145.0,11,3799.4900000000002,2.2435267857142858,134,2011-12-01 10:33:00
16146.0,3,734.13,2.0944827586206896,26,2011-07-05 14:20:00
16147.0,1,375.0,3.9104545454545456,22,2011-07-29 09:57:00
16148.0,1,76.32000000000001,1.06,1,2011-02-16 14:01:00
16149.0,2,280.52,1.2538888888888888,18,2011-12-05 11:29:00
16150.0,5,2053.02,3.028974358974359,91,2011-10-28 12:39:00
16152.0,1,1829.04,5.976206896551724,29,2011-03-16 09:47:00
16153.0,5,1824.23,2.9908988764044944,78,2011-10-21 10:50:00
16156.0,9,3122.04,3.077,108,2011-12-01 12:42:00
16157.0,3,656.69,3.445555555555556,12,2011-11-24 11:41:00
16159.0,1,348.2,1.8714285714285714,14,2011-03-03 12:27:00
16160.0,2,1025.44,1.741,20,2011-10-05 14:19:00
16161.0,19,5575.56,3.1820464135021096,286,2011-12-08 12:10:00
16162.0,1,37.4,9.35,2,2011-04-01 15:03:00
16163.0,2,856.6,4.791666666666667,5,2011-04-21 15:15:00
16164.0,3,822.48,2.433529411764706,27,2011-11-22 15:04:00
16168.0,27,3787.6,3.3155102040816327,57,2011-11-29 12:45:00
16169.0,4,1822.97,2.0698823529411765,71,2011-12-01 15:28:00
16170.0,6,1885.05,2.08032,106,2011-10-20 08:21:00
16171.0,1,73.2,3.4166666666666665,3,2011-10-11 14:51:00
16172.0,5,1140.21,1.9330434782608694,52,2011-09-05 13:22:00
16173.0,6,1418.32,4.0340476190476195,70,2011-11-24 10:53:00
16174.0,3,1009.5500000000001,3.7252173913043474,19,2011-08-05 13:26:00
16175.0,4,1037.59,3.5925862068965517,45,2011-09-06 14:32:00
16177.0,1,331.95,5.41,15,2011-10-20 12:57:00
16178.0,1,197.9,3.19375,8,2011-07-24 16:05:00
16179.0,1,215.83,3.732727272727273,11,2011-10-10 09:41:00
16180.0,8,10254.18,2.43179012345679,90,2011-08-31 16:28:00
16181.0,1,305.54,2.411818181818182,11,2011-09-27 13:38:00
16182.0,4,6617.65,2.12,17,2011-09-28 13:23:00
16183.0,1,338.71000000000004,3.5153333333333334,15,2011-10-03 14:59:00
16184.0,6,1158.79,4.008,26,2011-10-06 17:43:00
16185.0,2,529.41,3.302258064516129,31,2011-11-23 09:41:00
16186.0,12,4006.94,1.8390366972477066,87,2011-11-17 12:43:00
16187.0,15,6911.4400000000005,2.1664745762711863,160,2011-11-08 09:50:00
16188.0,4,981.86,2.2217910447761198,65,2011-10-26 12:19:00
16189.0,2,215.48,3.9436363636363634,9,2011-11-24 11:47:00
16190.0,1,215.08,7.1866666666666665,6,2011-10-30 15:59:00
16191.0,13,5180.52,2.2528358208955224,65,2011-12-07 11:26:00
16193.0,1,314.45,2.3473684210526318,19,2011-04-17 11:45:00
16198.0,1,400.68100000000004,4.1794,15,2011-09-25 14:58:00
16200.0,2,1080.6200000000001,2.595251396648045,149,2011-12-05 14:40:00
16201.0,4,1863.47,2.0225225225225225,74,2011-12-06 16:02:00
16202.0,1,365.27,3.4850000000000003,18,2010-12-14 10:43:00
16203.0,4,592.9,2.875714285714286,27,2011-10-12 12:31:00
16204.0,1,405.71,2.056140350877193,45,2011-11-16 13:40:00
16205.0,4,761.38,2.2246938775510205,73,2011-11-09 09:32:00
16206.0,4,537.0600000000001,2.346031746031746,52,2011-10-16 10:41:00
16207.0,1,394.38,4.256842105263158,19,2011-11-14 13:51:00
16208.0,2,664.26,3.159242424242424,61,2011-10-26 11:36:00
16209.0,5,2262.62,2.483913043478261,37,2011-09-12 11:58:00
16210.0,18,21086.3,3.7576422764227644,74,2011-12-08 12:36:00
16211.0,1,547.02,3.8082608695652174,23,2011-09-12 12:11:00
16212.0,2,690.34,4.468048780487805,40,2011-11-20 13:00:00
16213.0,1,159.0,3.8166666666666664,6,2011-09-22 10:03:00
16214.0,3,1062.75,4.525454545454545,36,2011-06-22 11:30:00
16215.0,1,242.35,4.285714285714286,14,2011-09-20 10:18:00
16216.0,1,914.9300000000001,8.991621621621622,37,2011-03-17 15:34:00
16217.0,2,304.25,4.21,13,2011-04-18 13:31:00
16218.0,7,3084.68,1.6713095238095237,56,2011-11-10 09:59:00
16221.0,3,864.86,2.2505154639175258,90,2011-11-03 11:43:00
16222.0,1,846.72,3.224963503649635,120,2011-01-25 13:38:00
16224.0,4,1295.3,2.4532291666666666,90,2011-10-13 17:51:00
16225.0,5,1096.32,2.393358208955224,109,2011-10-26 08:30:00
16226.0,3,255.12,1.7675,6,2011-05-20 14:41:00
16227.0,1,314.22,3.313333333333334,6,2011-04-28 13:33:00
16229.0,2,1010.6,3.3648936170212767,46,2011-09-13 17:16:00
16230.0,2,542.03,1.9505714285714284,32,2011-06-03 10:06:00
16232.0,4,990.88,2.445945945945946,24,2011-10-27 12:16:00
16233.0,3,536.6800000000001,3.6286363636363634,22,2011-09-29 17:27:00
16235.0,5,867.31,4.824565217391305,42,2011-10-30 10:56:00
16236.0,1,432.2,2.8775000000000004,20,2011-09-22 14:10:00
16239.0,2,414.2,2.331578947368421,18,2011-10-14 08:29:00
16240.0,2,3718.8,4.088148148148148,126,2011-11-15 14:30:00
16241.0,13,2607.87,2.22,347,2011-11-30 11:08:00
16242.0,7,3603.21,2.41608843537415,184,2011-12-01 15:12:00
16243.0,2,409.1,5.841372549019608,49,2011-11-06 12:32:00
16244.0,2,1522.75,2.567252747252747,88,2011-05-12 10:18:00
16245.0,3,1413.66,2.924444444444444,80,2011-11-16 10:14:00
16247.0,1,114.56,2.7112499999999997,16,2011-06-22 14:23:00
16248.0,1,152.94,2.0314285714285716,7,2011-10-09 11:32:00
16249.0,5,1800.07,3.4831884057971014,67,2011-10-18 10:07:00
16250.0,2,389.44,3.0883333333333334,22,2011-03-23 15:07:00
16253.0,2,3683.86,1.7190243902439024,114,2011-10-04 09:09:00
16255.0,8,2619.91,2.851,146,2011-11-23 12:40:00
16256.0,1,752.4300000000001,2.3407692307692307,13,2011-03-18 12:18:00
16257.0,1,46.95,23.475,2,2011-06-16 10:11:00
16258.0,5,5203.51,3.034148148148148,111,2011-10-25 13:30:00
16260.0,1,1035.45,5.366666666666666,18,2011-10-20 09:40:00
16261.0,4,746.83,3.3495161290322577,98,2011-11-22 17:23:00
16265.0,9,5447.0,3.743875968992248,164,2011-11-30 16:41:00
16266.0,7,861.89,3.9349180327868853,44,2011-09-27 12:08:00
16268.0,2,667.65,4.259111111111111,45,2011-09-29 18:30:00
16270.0,1,1141.24,3.222777777777778,54,2010-12-21 14:26:00
16271.0,5,1429.24,1.6585714285714286,89,2011-12-07 12:45:00
16272.0,1,411.7,1.7372,25,2011-08-15 10:54:00
16274.0,1,357.95,4.277611940298508,64,2010-12-01 15:35:00
16275.0,1,559.87,4.386969696969698,33,2011-05-27 12:41:00
16276.0,1,810.6000000000001,1.9916666666666665,6,2011-06-16 09:34:00
16278.0,1,566.38,9.835217391304349,23,2011-08-31 17:12:00
16279.0,3,1509.58,2.1885981308411218,102,2011-11-18 15:00:00
16281.0,1,2062.06,2.373529411764706,17,2011-09-28 14:57:00
16282.0,1,168.3,2.731818181818182,11,2011-01-04 11:42:00
16283.0,5,1570.81,2.4171686746987953,117,2011-12-04 12:08:00
16284.0,2,823.97,2.118440366972477,87,2011-11-08 16:12:00
16287.0,1,142.5,2.2375000000000003,8,2011-06-23 09:08:00
16292.0,1,302.25,2.360588235294118,17,2011-08-10 12:24:00
16293.0,10,2248.9900000000002,4.160847457627119,102,2011-11-18 09:58:00
16295.0,4,1328.55,3.7668354430379747,70,2011-11-30 08:17:00
16297.0,1,301.9,2.7915,20,2011-03-16 08:29:00
16298.0,3,598.2,4.071111111111112,22,2011-11-17 11:59:00
16302.0,1,233.22,1.7618181818181817,11,2011-08-05 09:44:00
16303.0,3,5360.63,2.858703703703704,119,2011-11-14 10:49:00
16305.0,1,361.21999999999997,1.6831818181818183,22,2011-07-24 12:18:00
16306.0,6,632.27,1.6270731707317072,36,2011-05-10 12:12:00
16308.0,4,2560.0,0.32,1,2011-11-02 11:24:00
16309.0,2,706.57,2.4180952380952383,39,2011-08-25 15:35:00
16311.0,2,616.26,2.4735135135135136,35,2011-11-22 08:54:00
16313.0,2,274.15000000000003,3.098125,16,2011-12-06 13:02:00
16315.0,1,226.37,5.351428571428571,14,2011-01-13 11:57:00
16316.0,8,2938.91,5.010463576158941,120,2011-10-06 13:48:00
16317.0,3,1341.65,2.979420289855072,64,2011-08-12 12:46:00
16318.0,1,328.15,2.473684210526316,19,2011-11-04 13:05:00
16319.0,1,404.40000000000003,5.616666666666667,3,2011-05-06 11:27:00
16320.0,2,1038.46,2.4805357142857143,56,2011-06-20 15:25:00
16321.0,5,373.65000000000003,3.6750000000000003,7,2011-09-28 14:55:00
16322.0,2,326.75,2.437837837837838,28,2011-12-08 15:41:00
16323.0,1,207.50000000000003,4.15,1,2011-05-27 14:48:00
16324.0,3,428.68,2.1305932203389832,100,2011-08-03 12:58:00
16325.0,3,594.24,3.690555555555556,14,2011-10-24 08:48:00
16326.0,14,3110.96,4.954984326018809,158,2011-12-04 10:11:00
16327.0,6,3844.22,2.090062695924765,142,2011-11-25 13:23:00
16330.0,3,251.91,2.6733333333333333,39,2011-11-22 12:24:00
16332.0,7,1593.2,2.786797385620915,125,2011-11-11 14:22:00
16333.0,22,26626.8,1.0662222222222224,9,2011-12-02 12:19:00
16337.0,1,151.05,3.04,10,2011-11-03 10:03:00
16338.0,1,214.79999999999998,3.7345454545454544,11,2011-07-05 13:56:00
16339.0,1,109.95,5.2575,17,2011-02-28 13:41:00
16340.0,1,549.07,1.5188888888888887,124,2011-08-24 14:53:00
16341.0,4,1971.87,1.8232467532467531,60,2011-11-15 09:12:00
16342.0,4,322.41,5.6033333333333335,10,2011-09-25 14:36:00
16343.0,2,370.47999999999996,2.735106382978723,29,2011-11-23 17:45:00
16344.0,1,101.10000000000001,5.7,1,2011-07-04 15:50:00
16345.0,1,575.41,4.295526315789473,35,2011-10-26 16:03:00
16347.0,2,887.65,3.762282608695652,61,2011-11-28 13:14:00
16348.0,7,1469.45,2.867106382978723,157,2011-11-07 15:44:00
16349.0,1,53.5,5.944444444444445,9,2011-02-22 12:40:00
16350.0,4,1116.47,3.4387719298245614,40,2011-11-18 15:53:00
16351.0,1,153.9,1.9875,8,2011-01-11 10:26:00
16352.0,2,494.44,1.9617857142857142,28,2011-11-22 10:32:00
16353.0,23,6675.71,3.010851063829787,51,2011-12-06 12:23:00
16354.0,2,395.8,3.1382051282051284,38,2011-10-07 14:28:00
16356.0,3,211.77,2.201290322580645,20,2011-05-26 11:51:00
16357.0,3,658.88,4.5797058823529415,31,2011-11-06 16:04:00
16358.0,4,2027.5,1.8883486238532112,82,2011-12-08 15:09:00
16359.0,9,1750.92,8.14318181818182,39,2011-12-02 17:04:00
16360.0,6,3512.53,2.278761329305136,365,2011-12-05 12:16:00
16361.0,4,896.66,3.087735849056604,87,2011-11-30 12:32:00
16362.0,5,734.77,2.8769135802469137,58,2011-11-07 13:01:00
16363.0,1,109.36000000000001,2.9560000000000004,5,2011-10-17 14:14:00
16364.0,2,707.04,3.453584905660377,48,2011-11-28 11:27:00
16365.0,9,1540.42,5.143137254901961,45,2011-11-22 11:24:00
16366.0,1,327.3,2.828888888888889,18,2011-11-21 08:19:00
16367.0,2,804.49,2.3376153846153844,123,2011-11-02 13:13:00
16368.0,2,497.43,2.4098684210526318,58,2011-12-07 13:12:00
16369.0,3,1553.66,2.3270338983050847,91,2011-11-21 16:25:00
16370.0,4,1320.56,2.8847368421052635,143,2011-09-18 15:55:00
16372.0,2,367.93,2.657731958762887,86,2011-11-06 13:08:00
16374.0,2,473.03000000000003,2.5635135135135134,101,2011-10-04 15:21:00
16376.0,2,987.01,2.5507199999999997,104,2011-12-01 11:38:00
16377.0,1,676.2,0.534,5,2011-03-17 15:41:00
16378.0,3,362.95,1.8021739130434784,22,2011-04-06 15:07:00
16379.0,4,2157.4,1.9833333333333334,87,2011-12-05 15:38:00
16380.0,1,1780.59,1.8,28,2011-10-09 15:40:00
16383.0,2,668.36,2.2834313725490194,80,2011-09-26 12:45:00
16384.0,2,584.5,3.503030303030303,33,2011-09-11 11:19:00
16385.0,3,555.89,2.5457627118644073,52,2011-10-10 13:12:00
16386.0,2,317.2,1.658977272727273,76,2011-11-11 12:28:00
16387.0,1,94.36,3.16,4,2011-01-21 11:34:00
16389.0,4,1382.07,2.7785294117647057,33,2011-10-17 14:41:00
16392.0,1,221.19,1.9917777777777776,41,2011-03-15 12:11:00
16393.0,13,3046.21,1.9769696969696968,120,2011-12-07 12:51:00
16394.0,5,1555.34,1.231566265060241,61,2011-10-14 09:48:00
16395.0,5,1486.9,1.9833809523809522,150,2011-10-10 12:50:00
16398.0,2,1705.8,5.544634146341464,75,2011-07-08 15:16:00
16399.0,2,408.57,2.766164383561644,68,2011-11-20 16:12:00
16400.0,1,303.93,3.0141379310344827,28,2011-09-06 12:27:00
16401.0,12,4098.32,1.4426344086021505,66,2011-12-08 18:15:00
16402.0,2,299.6,2.6683333333333334,55,2011-03-20 12:25:00
16403.0,1,177.5,1.6099999999999999,10,2011-01-31 13:39:00
16404.0,1,443.05,5.165217391304347,23,2011-09-30 14:55:00
16405.0,2,167.25,2.33,3,2011-02-10 15:24:00
16406.0,1,163.07,1.7908064516129032,54,2011-11-21 11:57:00
16407.0,10,2126.93,2.9607558139534884,99,2011-11-27 11:05:00
16409.0,5,2028.88,2.707844827586207,145,2011-11-03 16:45:00
16411.0,2,214.65,2.0353333333333334,41,2011-11-20 13:23:00
16412.0,1,151.83,2.072857142857143,25,2011-10-17 12:35:00
16413.0,1,262.2,2.5261290322580647,30,2011-10-14 12:08:00
16414.0,2,126.25,7.064285714285714,5,2011-11-18 09:42:00
16415.0,1,210.35,1.8175925925925926,45,2011-10-26 13:35:00
16416.0,3,1051.4,3.0419718309859154,59,2011-11-13 12:50:00
16418.0,3,675.27,3.7622549019607843,76,2011-10-26 12:39:00
16419.0,6,972.23,4.315882352941176,36,2011-08-19 12:33:00
16422.0,51,34684.4,1.8139295392953931,68,2011-11-22 14:00:00
16423.0,1,346.12,1.9155555555555557,18,2011-11-15 09:21:00
16424.0,1,133.56,3.9979999999999998,5,2011-06-01 13:40:00
16425.0,1,302.7,4.171904761904762,21,2011-02-10 14:30:00
16426.0,10,1908.25,2.086666666666667,211,2011-12-07 14:01:00
16427.0,2,241.06,1.488888888888889,8,2011-03-21 17:10:00
16429.0,1,284.55,19.950000000000003,2,2011-08-25 13:54:00
16430.0,1,300.85,4.358333333333333,6,2011-10-13 14:47:00
16431.0,3,642.81,1.8336144578313254,51,2011-05-10 14:09:00
16432.0,1,287.4,3.1675,8,2011-10-06 13:59:00
16433.0,1,184.26,1.906470588235294,17,2011-11-11 14:09:00
16434.0,7,1522.25,3.2576146788990825,88,2011-11-10 14:28:00
16438.0,5,798.35,2.194015151515152,74,2011-12-04 10:51:00
16440.0,5,3640.67,2.2190425531914895,186,2011-12-02 12:02:00
16441.0,2,381.2,3.2916666666666665,22,2011-10-03 17:48:00
16442.0,3,616.79,2.237528735632184,161,2011-12-08 11:43:00
16444.0,4,654.67,2.3755952380952383,68,2011-10-24 13:50:00
16445.0,1,230.51,2.6320634920634918,62,2011-11-06 12:32:00
16446.0,2,168472.5,1.6600000000000001,3,2011-12-09 09:15:00
16447.0,1,259.01,2.9544444444444444,34,2011-07-27 12:45:00
16448.0,1,188.89000000000001,2.9195,19,2011-05-25 16:28:00
16449.0,2,707.69,3.2979999999999996,40,2011-05-26 10:25:00
16450.0,1,311.92,1.4845454545454544,11,2011-07-13 11:47:00
16451.0,1,266.97,2.6149999999999998,14,2011-09-13 09:17:00
16454.0,2,6.9,1.975,2,2011-10-26 11:40:00
16455.0,7,1841.18,2.1015151515151516,69,2011-10-07 12:17:00
16456.0,5,2158.37,2.1282882882882883,80,2011-09-01 13:50:00
16457.0,1,208.36,2.67,9,2011-05-05 13:19:00
16458.0,18,3482.7400000000002,1.7633663366336634,52,2011-12-07 09:34:00
16460.0,3,814.72,1.6751851851851853,128,2011-11-11 13:46:00
16461.0,1,151.42,4.073939393939394,31,2011-06-15 12:07:00
16462.0,3,136.0,8.5,1,2011-09-27 10:24:00
16463.0,4,1422.4,1.993170731707317,74,2011-11-18 14:01:00
16464.0,3,1314.68,2.5087711864406783,152,2011-11-20 12:11:00
16466.0,7,1603.46,2.8899324324324325,103,2011-11-06 11:35:00
16468.0,1,74.9,7.29,2,2011-09-26 14:13:00
16469.0,4,650.43,2.9048351648351654,148,2011-11-16 12:25:00
16470.0,4,762.39,1.9055882352941176,120,2011-10-19 12:11:00
16471.0,1,223.95000000000002,2.2961538461538464,13,2011-03-10 09:41:00
16473.0,3,316.11,2.6505555555555556,18,2011-06-28 09:10:00
16474.0,7,1871.5,2.199777777777778,237,2011-12-02 13:02:00
16475.0,4,544.3,5.110714285714286,23,2011-09-12 14:37:00
16477.0,7,2494.46,2.32513698630137,111,2011-10-07 09:44:00
16478.0,3,331.0,2.942941176470588,15,2011-11-14 15:51:00
16479.0,2,300.83,3.177142857142857,35,2011-11-29 13:40:00
16480.0,1,769.29,3.3305660377358492,51,2011-09-25 11:40:00
16482.0,1,220.62,1.3616666666666668,18,2011-11-24 12:33:00
16483.0,1,139.35,4.410526315789474,19,2011-05-31 13:08:00
16484.0,2,404.3,3.2872000000000003,25,2011-06-19 12:06:00
16485.0,1,363.65,3.0811904761904763,41,2011-09-23 15:50:00
16488.0,3,498.8,4.441034482758622,28,2011-11-06 13:42:00
16491.0,1,731.5,2.54974358974359,39,2011-10-24 10:18:00
16493.0,4,1351.63,1.8078571428571428,40,2011-09-21 11:10:00
16494.0,1,826.53,1.4991999999999999,47,2011-02-16 12:49:00
16495.0,3,684.41,3.218144329896907,78,2011-12-06 13:20:00
16496.0,3,1599.52,2.8450526315789477,92,2011-12-01 10:31:00
16497.0,6,2965.69,3.6586029411764707,128,2011-10-21 10:55:00
16498.0,2,100.97,2.3680000000000003,15,2011-07-01 15:07:00
16499.0,2,365.45,4.302631578947368,18,2010-12-14 13:31:00
16500.0,6,400.86,17.12,8,2011-12-05 12:04:00
16503.0,4,1431.93,4.173571428571428,71,2011-08-25 11:46:00
16504.0,1,484.38,1.2338372093023255,76,2011-11-14 15:18:00
16505.0,1,777.6,1.35,4,2011-11-08 12:14:00
16506.0,2,90.30000000000001,2.183333333333333,3,2011-11-20 12:17:00
16509.0,1,363.7,7.623076923076923,13,2011-02-16 09:25:00
16510.0,1,248.1,5.346153846153846,13,2010-12-02 13:39:00
16511.0,3,950.26,3.032721893491124,135,2011-11-18 10:41:00
16513.0,4,874.59,2.5905714285714287,33,2011-12-05 10:18:00
16515.0,5,1627.13,2.5943362831858408,89,2011-10-18 13:10:00
16516.0,1,101.69999999999999,2.1166666666666667,6,2011-11-09 14:59:00
16517.0,1,162.7,2.8852941176470592,17,2011-03-07 13:50:00
16518.0,2,484.32,2.3545000000000003,36,2011-10-09 15:04:00
16519.0,2,215.07999999999998,6.617692307692308,13,2011-11-14 15:41:00
16520.0,3,1046.57,2.7175641025641024,129,2011-06-06 13:24:00
16523.0,21,9418.470000000001,3.613206896551724,151,2011-12-08 09:06:00
16525.0,26,13027.45,3.657595628415301,75,2011-12-07 15:07:00
16526.0,1,290.36,5.615333333333334,15,2011-06-21 12:02:00
16527.0,1,228.06,2.922857142857143,14,2011-09-19 16:21:00
16528.0,1,244.41,3.2235294117647055,17,2011-12-06 12:45:00
16529.0,1,455.25,3.12,30,2011-06-02 17:23:00
16531.0,7,1244.59,2.795194805194805,68,2011-11-17 16:29:00
16532.0,3,6748.8,3.4825,2,2011-11-22 11:08:00
16533.0,3,1095.56,2.650677966101695,112,2011-11-20 13:08:00
16535.0,1,593.75,3.0245161290322584,31,2011-12-04 15:18:00
16536.0,1,548.97,3.6401818181818184,49,2011-08-21 15:54:00
16539.0,4,1388.81,3.893333333333333,36,2011-12-07 08:41:00
16542.0,1,119.62,3.0780000000000003,5,2011-10-17 10:47:00
16545.0,1,339.3,3.766666666666667,3,2011-06-28 10:37:00
16546.0,2,787.15,1.8880000000000001,25,2011-02-22 11:20:00
16549.0,10,4154.64,2.03638124362895,445,2011-11-29 15:06:00
16550.0,5,2298.97,2.5740637450199206,162,2011-08-23 11:12:00
16551.0,3,922.12,1.95125,26,2011-09-05 09:38:00
16552.0,2,379.73,4.11,17,2011-04-11 10:04:00
16553.0,12,5719.82,2.1411904761904763,62,2011-06-29 15:42:00
16554.0,3,837.1,3.4196153846153843,51,2011-10-28 14:51:00
16555.0,2,285.89,2.827058823529412,15,2011-11-04 14:31:00
16556.0,7,3313.79,3.882898550724638,144,2011-10-04 11:36:00
16557.0,2,281.85,6.818181818181818,11,2011-11-15 14:04:00
16558.0,20,8338.49,3.041195652173913,264,2011-12-09 10:20:00
16560.0,2,841.41,3.930535714285714,52,2011-11-13 10:35:00
16561.0,2,511.12,2.8583870967741936,29,2011-12-04 11:50:00
16563.0,1,1077.74,3.415263157894737,19,2011-10-17 11:51:00
16565.0,1,173.7,5.116666666666667,3,2010-12-10 15:21:00
16566.0,5,614.66,2.6955555555555555,14,2011-11-24 16:34:00
16567.0,2,865.6,2.1654285714285715,34,2011-05-29 13:57:00
16569.0,1,124.2,2.592,5,2011-12-06 15:32:00
16570.0,10,3738.4,3.17515873015873,68,2011-11-24 17:02:00
16571.0,3,1421.69,2.0289655172413794,73,2011-11-13 11:46:00
16572.0,3,1009.6,3.7794736842105263,40,2011-08-04 16:34:00
16573.0,2,663.61,3.7616666666666667,40,2011-09-16 09:13:00
16574.0,1,451.44,1.4257142857142857,28,2011-09-29 13:39:00
16581.0,1,105.84,1.1855555555555555,9,2011-06-10 10:05:00
16582.0,1,313.62,1.6216666666666668,6,2011-08-18 17:02:00
16583.0,1,233.45,2.564285714285714,14,2010-12-01 12:03:00
16584.0,2,936.08,2.709285714285714,25,2011-09-20 13:45:00
16586.0,1,463.95,4.68125,8,2011-04-05 09:32:00
16587.0,1,225.15,6.707692307692308,13,2011-04-21 15:51:00
16589.0,3,459.24,1.8603030303030303,31,2011-09-29 14:50:00
16591.0,1,213.5,4.443,10,2011-10-02 10:43:00
16592.0,16,4113.68,2.1810185185185187,142,2011-12-05 13:49:00
16593.0,3,330.03,4.8348148148148145,24,2011-10-20 12:41:00
16594.0,1,181.09,3.0179245283018865,53,2011-09-25 14:08:00
16595.0,1,360.16,1.7484705882352942,83,2011-10-09 13:15:00
16596.0,2,250.15,4.104166666666667,12,2011-11-24 10:02:00
16597.0,1,90.04,1.6214285714285714,7,2011-12-05 15:44:00
16598.0,1,145.04999999999998,2.56,10,2011-02-27 11:42:00
16600.0,6,813.52,1.4333870967741935,50,2011-12-05 16:00:00
16601.0,1,244.79999999999998,3.0725806451612905,29,2011-10-30 11:09:00
16602.0,1,528.08,2.5113793103448274,29,2011-11-03 15:54:00
16603.0,2,482.47,2.1564705882352944,34,2011-09-26 10:06:00
16607.0,14,3347.71,4.347848837209303,140,2011-11-22 10:24:00
16609.0,7,5493.46,3.5644202898550725,155,2011-11-24 13:32:00
16610.0,1,75.66,1.2966666666666666,6,2011-05-04 13:13:00
16611.0,1,129.49,3.7870000000000004,9,2011-06-06 15:46:00
16612.0,4,1187.66,3.23469696969697,48,2011-11-07 07:38:00
16613.0,1,618.59,2.897,30,2011-09-30 15:52:00
16614.0,1,506.19,4.756538461538462,26,2011-06-10 11:36:00
16616.0,2,500.42,2.83969696969697,31,2011-11-24 16:31:00
16617.0,1,151.85,3.91,5,2011-04-18 10:35:00
16618.0,5,2647.59,3.626041666666667,79,2011-11-08 13:52:00
16619.0,1,226.21,2.6757142857142857,14,2011-03-21 08:18:00
16620.0,2,178.96,2.9177777777777774,9,2011-12-06 12:19:00
16621.0,4,813.48,4.59103448275862,22,2011-10-19 11:38:00
16623.0,1,129.45,3.1900000000000004,5,2011-04-08 10:09:00
16624.0,2,810.5699999999999,3.07375,44,2011-09-20 12:39:00
16625.0,1,333.08,2.737391304347826,23,2011-03-10 12:50:00
16626.0,17,4413.1,4.136648044692738,86,2011-12-09 11:56:00
16627.0,1,322.8,5.0675,20,2011-09-21 14:38:00
16628.0,5,2188.05,2.440512820512821,79,2011-11-10 12:45:00
16629.0,2,417.73,2.45296875,58,2011-09-27 10:34:00
16633.0,6,2883.1,4.659407894736842,115,2011-11-22 13:41:00
16634.0,2,217.9,4.5055555555555555,9,2011-05-01 12:09:00
16637.0,4,1154.47,2.7930434782608695,66,2011-11-07 13:17:00
16638.0,10,1680.72,3.7991489361702127,92,2011-11-17 11:09:00
16639.0,3,1257.51,3.3548,48,2011-11-08 13:20:00
16641.0,1,231.10000000000002,2.138333333333333,12,2011-08-26 12:49:00
16642.0,2,688.33,3.3020588235294115,32,2011-12-05 11:31:00
16643.0,1,487.51,3.635925925925926,27,2011-04-08 08:24:00
16644.0,2,833.78,1.5379032258064516,62,2011-06-15 12:39:00
16647.0,2,214.06,3.2507142857142854,12,2011-06-23 11:47:00
16648.0,1,290.65999999999997,1.2542105263157894,19,2011-10-28 08:58:00
16650.0,1,518.42,2.2529166666666667,24,2011-09-29 09:51:00
16652.0,7,6773.97,3.9659322033898308,74,2011-10-12 09:38:00
16653.0,2,1212.66,3.3256521739130434,67,2011-11-23 14:51:00
16654.0,4,601.27,4.256206896551724,29,2011-07-21 15:23:00
16655.0,6,3794.52,2.5755172413793104,208,2011-11-22 11:25:00
16656.0,15,8625.8,2.2016438356164385,14,2011-11-17 14:43:00
16657.0,4,933.62,1.5751923076923076,158,2011-11-30 11:48:00
16658.0,1,123.24,3.02125,8,2010-12-06 13:47:00
16659.0,1,39.12,0.62,2,2011-06-03 15:03:00
16660.0,4,1267.6499999999999,2.499375,16,2011-11-23 14:53:00
16665.0,1,135.39999999999998,5.388888888888889,9,2010-12-12 14:03:00
16666.0,1,118.98,0.7559375,32,2011-11-20 14:01:00
16667.0,2,570.13,3.581509433962264,52,2011-10-02 15:26:00
16668.0,6,306.71999999999997,1.283,9,2011-11-24 17:43:00
16669.0,3,1374.8700000000001,2.7496875,141,2011-11-16 12:26:00
16670.0,11,4095.9,2.9523809523809526,179,2011-11-23 09:34:00
16671.0,3,1692.27,2.8033333333333332,3,2011-11-11 13:40:00
16672.0,20,8134.9400000000005,3.634912280701754,22,2011-12-07 16:29:00
16674.0,2,319.61,2.0144897959183674,89,2011-10-16 11:31:00
16676.0,4,1592.1200000000001,4.986741573033708,75,2011-11-06 12:01:00
16678.0,12,3109.99,1.8485276073619632,92,2011-12-07 12:17:00
16679.0,1,129.75,6.916666666666667,3,2010-12-08 13:51:00
16680.0,1,183.7,3.03,10,2011-10-27 17:35:00
16681.0,6,1770.34,1.9406818181818182,18,2011-09-28 11:11:00
16682.0,5,1028.0,1.7696666666666665,15,2011-12-05 12:13:00
16684.0,28,66653.56,2.4516245487364623,119,2011-12-05 14:06:00
16685.0,2,324.24,2.2548387096774194,60,2011-10-09 13:58:00
16686.0,7,3062.83,2.7322051282051283,406,2011-10-23 13:49:00
16688.0,4,1260.86,2.7750000000000004,52,2011-12-08 15:24:00
16689.0,2,422.59999999999997,3.5399999999999996,12,2011-09-25 11:39:00
16690.0,2,225.57999999999998,3.486666666666667,10,2011-09-28 15:02:00
16692.0,2,1276.0,55.31666666666666,2,2011-03-28 14:46:00
16693.0,2,482.01,4.349833333333334,58,2011-10-02 11:10:00
16696.0,4,657.9000000000001,3.9300000000000006,7,2011-07-27 14:23:00
16697.0,1,112.75,4.640476190476191,20,2011-04-12 17:12:00
16698.0,2,1998.0,2.37,4,2011-04-27 10:52:00
16700.0,13,5076.55,2.037077922077922,159,2011-12-01 11:00:00
16701.0,13,5398.3,2.1824999999999997,99,2011-12-01 11:10:00
16705.0,20,14034.99,4.505185185185185,133,2011-12-09 12:08:00
16706.0,3,531.35,2.8052032520325203,108,2011-11-02 13:50:00
16708.0,1,656.63,3.3644444444444446,27,2011-10-25 12:20:00
16709.0,5,3029.87,5.439240506329114,64,2011-09-16 10:56:00
16710.0,10,2483.04,2.356865671641791,268,2011-11-20 14:50:00
16711.0,5,1651.03,3.4931818181818177,18,2011-12-06 16:32:00
16712.0,11,3645.43,2.9700671140939594,259,2011-11-30 13:48:00
16713.0,15,6923.13,3.077740384615385,338,2011-11-21 12:36:00
16714.0,3,1161.53,3.536989247311828,77,2011-05-05 11:09:00
16715.0,1,301.71999999999997,0.4531578947368421,19,2011-09-22 18:15:00
16716.0,2,901.2,7.300000000000001,1,2011-03-18 10:03:00
16717.0,6,3858.38,3.5104020100502513,176,2011-11-16 12:16:00
16718.0,1,623.75,2.336888888888889,41,2010-12-05 13:03:00
16719.0,7,1790.42,3.86592039800995,107,2011-11-25 09:27:00
16720.0,1,155.24,2.2966666666666664,25,2011-11-13 16:22:00
16721.0,1,292.47,2.363243243243243,37,2011-03-22 16:08:00
16722.0,13,4730.81,1.2201777777777778,96,2011-11-22 13:28:00
16723.0,2,589.15,6.873953488372094,37,2011-09-09 13:01:00
16725.0,7,781.02,3.6432450331125827,110,2011-02-10 16:52:00
16726.0,5,1382.02,2.1744324324324324,121,2011-11-13 14:53:00
16727.0,1,272.82,1.663695652173913,41,2010-12-10 13:48:00
16728.0,4,1054.67,2.304646840148699,218,2011-10-24 14:36:00
16729.0,21,7239.92,2.134439393939394,234,2011-11-01 14:29:00
16730.0,3,743.11,1.4010975609756098,75,2011-10-18 14:11:00
16732.0,1,603.75,3.3810714285714285,28,2011-11-08 09:54:00
16734.0,3,650.51,3.5356603773584903,44,2011-10-18 13:44:00
16735.0,5,2300.56,2.52744,88,2011-09-22 11:49:00
16737.0,1,417.59999999999997,1.45,1,2011-10-17 13:03:00
16738.0,1,3.75,1.25,1,2011-02-15 09:46:00
16739.0,1,323.0,2.9038461538461537,13,2011-06-16 09:17:00
16742.0,1,464.9,464.9,1,2011-10-24 12:02:00
16743.0,7,2238.09,1.4706282722513089,89,2011-11-10 13:13:00
16744.0,7,1304.76,2.498595041322314,198,2011-11-28 13:06:00
16745.0,17,7194.3,1.922408963585434,148,2011-09-14 11:58:00
16746.0,18,6697.66,2.782026726057907,234,2011-12-05 12:33:00
16747.0,2,836.06,2.828095238095238,34,2011-11-02 11:37:00
16748.0,5,1515.9,1.7210144927536233,42,2011-11-22 10:17:00
16750.0,5,623.93,3.8141052631578947,74,2011-10-26 12:48:00
16751.0,1,1764.72,1.4,24,2011-11-09 10:48:00
16752.0,1,207.5,13.594444444444443,9,2010-12-02 12:18:00
16753.0,1,223.92000000000002,2.1223529411764703,34,2011-10-12 13:14:00
16754.0,1,2002.4,0.62,2,2010-12-02 17:38:00
16755.0,3,1496.83,2.7503529411764704,133,2011-08-17 13:21:00
16756.0,1,239.4,3.6584615384615384,13,2011-05-09 09:33:00
16757.0,1,106.83000000000001,1.3628571428571428,7,2011-01-25 11:59:00
16758.0,1,369.34000000000003,4.041363636363636,22,2011-10-05 14:47:00
16759.0,3,789.79,2.9404761904761907,40,2011-12-02 12:42:00
16761.0,1,316.62,1.196923076923077,13,2011-09-04 11:15:00
16762.0,3,1501.38,3.2635955056179773,51,2011-11-20 11:43:00
16763.0,1,611.85,4.6673913043478255,23,2011-05-25 11:52:00
16764.0,13,2799.25,2.3620679886685556,209,2011-12-06 11:41:00
16765.0,1,34.0,8.5,1,2011-02-18 15:41:00
16766.0,2,1145.6,2.835294117647059,17,2011-03-11 15:22:00
16767.0,11,5580.6,1.6122972972972973,148,2011-11-09 09:42:00
16768.0,3,478.09000000000003,4.027962962962963,47,2011-10-23 10:38:00
16769.0,1,380.39,4.69375,33,2011-03-24 13:41:00
16770.0,5,770.1,2.2877241379310345,116,2011-10-13 12:21:00
16771.0,5,2246.81,2.856039215686274,200,2011-11-06 13:28:00
16773.0,1,171.59,2.77,23,2011-10-13 14:37:00
16774.0,4,661.52,2.4722916666666666,36,2011-10-03 12:41:00
16775.0,11,1695.66,4.644873417721519,84,2011-11-29 15:22:00
16776.0,1,388.28,1.9368421052631577,61,2011-10-10 13:04:00
16777.0,2,226.35,3.6038,45,2011-09-20 13:41:00
16778.0,2,245.94,2.365,16,2011-09-26 13:48:00
16779.0,22,10629.720000000001,2.3734234234234233,161,2011-12-07 14:54:00
16780.0,2,425.19,2.5930000000000004,51,2011-08-31 16:09:00
16781.0,1,311.25,5.008823529411765,17,2010-12-02 14:26:00
16782.0,13,2279.9,3.6426315789473684,103,2011-11-29 13:20:00
16784.0,1,107.6,4.483333333333333,3,2011-11-20 12:20:00
16788.0,2,597.48,2.313870967741935,138,2011-08-08 14:53:00
16789.0,1,80.8,2.8899999999999997,5,2011-12-01 15:12:00
16790.0,6,1545.6200000000001,2.3633333333333333,88,2011-12-06 11:53:00
16791.0,7,1721.78,2.92228125,218,2011-11-10 19:12:00
16792.0,2,110.38000000000001,4.001666666666666,11,2011-03-02 14:41:00
16793.0,1,243.84,2.426875,16,2011-10-13 15:08:00
16794.0,10,1222.71,1.771719298245614,142,2011-12-08 17:54:00
16795.0,1,414.88,2.2053030303030305,64,2010-12-09 14:08:00
16796.0,1,305.62,1.7455555555555555,18,2011-09-11 14:01:00
16800.0,1,1201.49,3.6933536585365854,148,2011-11-28 14:06:00
16801.0,4,1619.73,5.979210526315789,72,2011-06-29 15:33:00
16803.0,1,332.3,2.1033333333333335,24,2011-10-05 14:28:00
16804.0,3,536.99,3.2141666666666664,59,2011-11-16 16:43:00
16805.0,2,460.59,1.7842857142857145,94,2011-06-19 11:23:00
16806.0,4,801.49,2.8590291262135925,68,2011-08-28 15:27:00
16807.0,3,1121.59,2.5701492537313433,57,2011-07-20 12:00:00
16808.0,2,288.42,2.332173913043478,21,2011-09-01 19:34:00
16809.0,5,914.69,1.5418120805369127,79,2011-11-16 15:45:00
16810.0,1,309.54,3.5353333333333334,15,2011-05-31 15:32:00
16811.0,2,547.07,2.3685714285714283,26,2011-12-05 11:39:00
16812.0,1,479.35,5.533333333333333,15,2010-12-14 12:35:00
16813.0,10,1692.98,1.750445434298441,248,2011-12-01 14:03:00
16814.0,21,6509.1,3.2728703703703705,122,2011-11-25 13:27:00
16816.0,4,417.06,2.2528571428571427,28,2011-08-28 14:16:00
16817.0,9,1604.75,3.5644186046511632,73,2011-12-07 11:03:00
16818.0,11,3349.57,2.5258510638297875,172,2011-11-29 10:41:00
16820.0,1,497.61,3.7388461538461537,26,2011-09-05 12:06:00
16823.0,1,358.38,3.273157894736842,34,2011-04-26 15:00:00
16824.0,2,460.64,3.383076923076923,23,2011-11-24 12:38:00
16825.0,2,775.1800000000001,3.3082142857142856,27,2011-11-01 11:51:00
16826.0,1,341.7,3.985,22,2011-10-19 14:05:00
16828.0,2,128.5,3.75,8,2011-09-07 15:10:00
16829.0,1,197.22,3.019090909090909,11,2011-07-06 10:48:00
16830.0,1,325.91,2.13,23,2011-11-01 11:35:00
16832.0,3,199.15,8.083333333333334,11,2011-06-08 15:36:00
16833.0,4,1106.53,3.1982978723404254,46,2011-12-08 14:39:00
16834.0,1,413.46,1.5062499999999999,24,2011-04-26 09:37:00
16835.0,2,180.85,4.297,10,2011-08-03 13:50:00
16836.0,2,251.87,2.174545454545455,11,2011-10-31 10:05:00
16837.0,11,3170.98,4.203090909090909,123,2011-11-08 14:27:00
16838.0,2,588.85,11.256799999999998,24,2011-05-26 13:13:00
16839.0,34,16594.35,2.9833082706766914,114,2011-12-01 09:03:00
16841.0,6,1869.82,1.2737931034482757,101,2011-11-03 11:51:00
16842.0,3,1264.19,3.161111111111111,45,2011-08-31 10:42:00
16843.0,16,10196.57,1.8746825396825397,226,2011-10-28 09:06:00
16846.0,1,214.32,2.661818181818182,11,2011-10-20 13:55:00
16847.0,1,193.44,3.3074999999999997,12,2011-10-27 13:29:00
16848.0,1,281.42,1.7100000000000002,14,2011-10-18 08:42:00
16849.0,1,124.57,5.1049999999999995,8,2011-06-06 09:16:00
16850.0,1,332.41,2.1210526315789475,19,2011-01-10 11:09:00
16851.0,3,342.45,1.9634999999999998,17,2011-12-05 13:32:00
16852.0,2,144.91000000000003,8.315555555555555,9,2011-11-29 13:22:00
16855.0,2,328.4,3.7394736842105263,19,2011-11-16 12:03:00
16856.0,1,35.400000000000006,2.95,2,2011-11-25 08:59:00
16858.0,1,375.69000000000005,5.349,9,2010-12-06 09:52:00
16859.0,2,747.81,2.820576923076923,50,2011-07-18 12:19:00
16861.0,2,173.76,1.8950000000000002,6,2011-10-11 09:05:00
16863.0,2,502.8,1.68,25,2011-11-08 15:26:00
16866.0,3,207.73999999999998,3.808181818181818,10,2011-07-22 10:06:00
16869.0,4,825.42,2.29875,113,2011-11-17 12:02:00
16871.0,6,2812.34,3.4572992700729923,131,2011-11-17 19:27:00
16872.0,3,680.02,9.68142857142857,5,2011-09-23 16:05:00
16873.0,6,7123.62,3.503727598566308,179,2011-12-05 12:05:00
16875.0,5,2095.53,3.585267857142857,93,2011-10-03 13:39:00
16877.0,6,853.72,2.525786163522013,111,2011-11-27 13:47:00
16878.0,1,13.3,1.5833333333333333,3,2011-09-16 17:39:00
16880.0,7,1519.08,3.7406179775280903,121,2011-11-09 11:33:00
16881.0,1,432.0,0.72,1,2011-10-04 10:33:00
16882.0,3,705.12,2.767179487179487,39,2011-10-04 10:42:00
16883.0,2,276.73,3.683947368421053,33,2011-06-05 12:51:00
16884.0,2,429.84000000000003,1.9965384615384614,26,2011-11-02 11:52:00
16885.0,3,471.51,3.452673267326733,82,2011-11-24 13:40:00
16887.0,1,194.88,1.9683783783783784,35,2011-11-04 14:07:00
16889.0,3,1578.67,3.099037037037037,112,2011-05-29 11:05:00
16891.0,5,809.7,3.1253201970443354,166,2011-12-08 11:15:00
16892.0,5,525.54,3.2438383838383835,87,2011-12-08 13:18:00
16893.0,1,145.93,2.5971111111111114,44,2010-12-08 12:06:00
16895.0,1,219.14,2.430869565217391,57,2011-10-06 12:15:00
16897.0,2,289.78,5.09972972972973,37,2011-02-13 15:02:00
16898.0,3,508.81,2.055740740740741,150,2011-11-13 15:44:00
16899.0,6,1281.56,3.38856,80,2011-12-02 12:03:00
16900.0,3,887.11,2.1250632911392406,78,2011-11-23 10:32:00
16902.0,1,1706.88,3.8652272727272727,43,2011-08-15 14:17:00
16903.0,1,373.24,2.3445000000000005,50,2011-11-10 15:32:00
16904.0,16,3754.27,2.7468450704225353,387,2011-12-05 13:10:00
16905.0,7,3102.43,3.5751442307692307,117,2011-12-04 14:01:00
16906.0,4,579.77,3.269462365591398,74,2011-09-19 11:49:00
16907.0,5,981.65,3.786622516556291,89,2011-11-10 18:04:00
16909.0,1,379.14,3.238888888888889,18,2011-09-28 16:45:00
16910.0,8,1510.06,2.173400365630713,318,2011-12-05 12:51:00
16912.0,11,2575.38,4.062871287128713,88,2011-11-11 12:18:00
16913.0,1,113.44,2.07125,8,2011-02-22 12:56:00
16914.0,1,208.46,2.649736842105263,25,2011-11-03 15:27:00
16915.0,6,621.6800000000001,5.300175438596492,46,2011-11-30 16:39:00
16916.0,2,576.26,2.22041958041958,129,2011-11-16 12:08:00
16917.0,1,391.52,3.873333333333333,9,2011-03-08 11:55:00
16918.0,6,1068.82,2.080625,97,2011-10-21 12:50:00
16919.0,11,2596.45,2.794954128440367,141,2011-07-06 13:35:00
16921.0,1,169.79,1.5675,50,2011-10-09 16:22:00
16923.0,19,7247.61,3.108511904761905,313,2011-11-27 13:00:00
16924.0,3,846.75,2.6796385542168673,69,2011-11-18 12:53:00
16926.0,1,230.25,6.978571428571429,14,2010-12-03 13:42:00
16927.0,3,543.05,2.9066666666666667,5,2011-08-16 11:10:00
16928.0,17,2847.6,1.8953588516746411,69,2011-09-20 15:10:00
16929.0,7,1295.39,2.0796103896103895,51,2011-12-06 08:37:00
16930.0,3,380.55,1.6248148148148147,47,2011-11-13 16:13:00
16931.0,21,4604.22,2.0643652561247214,448,2011-12-04 13:15:00
16932.0,1,161.94,2.1841509433962267,44,2011-10-17 14:12:00
16933.0,2,563.23,2.8868181818181817,42,2011-12-08 12:54:00
16934.0,2,950.9300000000001,4.025645161290322,59,2011-10-16 12:40:00
16936.0,1,262.68,1.87,56,2011-11-14 11:04:00
16938.0,4,2736.38,2.8477593360995854,212,2011-12-01 10:20:00
16940.0,3,3049.88,2.0787868852459015,226,2011-10-18 13:15:00
16942.0,9,1920.59,2.976725978647687,159,2011-11-27 12:40:00
16943.0,3,816.73,6.822424242424242,23,2011-05-12 11:57:00
16945.0,19,4345.5,2.2293172690763052,137,2011-11-18 11:39:00
16947.0,1,406.48,2.610952380952381,21,2011-04-18 09:38:00
16948.0,3,435.02,1.1131578947368421,15,2011-07-24 12:46:00
16949.0,6,1286.27,6.3966666666666665,57,2011-12-06 11:07:00
16950.0,3,1178.56,3.0883333333333334,39,2011-10-14 09:06:00
16951.0,3,1277.75,1.4517441860465115,73,2011-07-28 12:05:00
16952.0,2,167.61,5.236875,16,2011-08-22 13:03:00
16953.0,1,20.8,2.08,1,2011-11-09 15:54:00
16954.0,9,2085.08,3.3449999999999998,40,2011-12-09 09:46:00
16955.0,4,518.67,4.1983999999999995,18,2011-06-08 10:36:00
16956.0,1,308.74,4.229375,16,2011-11-22 08:56:00
16957.0,2,416.64,3.329375,15,2011-04-14 13:56:00
16959.0,1,117.35000000000001,3.007142857142857,7,2011-09-13 15:03:00
16960.0,3,507.05,2.0174257425742574,92,2011-11-01 11:35:00
16961.0,1,234.17,2.674285714285714,14,2011-08-15 13:46:00
16963.0,1,110.55000000000001,3.342857142857143,7,2011-06-05 13:48:00
16965.0,1,201.19,2.335769230769231,26,2011-04-27 12:08:00
16966.0,7,2154.97,1.2935714285714286,8,2011-12-01 13:40:00
16967.0,1,319.02,1.1404761904761904,21,2011-06-03 14:24:00
16968.0,2,439.43,2.803548387096774,31,2011-12-05 15:02:00
16969.0,3,650.41,2.382142857142857,42,2011-10-31 13:12:00
16971.0,1,357.21,7.760731707317073,40,2011-11-01 15:06:00
16976.0,1,251.51999999999998,6.005,2,2011-03-17 16:33:00
16978.0,1,344.33,2.944871794871795,39,2011-09-23 12:50:00
16979.0,6,1852.0,3.4710112359550562,64,2011-12-06 12:21:00
16980.0,2,1078.96,2.3197701149425285,71,2011-03-29 16:36:00
16982.0,1,384.06,2.453181818181818,22,2011-10-10 12:28:00
16983.0,7,1931.25,2.3687837837837837,112,2011-11-27 12:10:00
16984.0,2,4481.35,3.5025307125307124,354,2011-09-12 13:43:00
16985.0,10,5464.12,4.208,62,2011-11-22 13:33:00
16986.0,2,1873.2,1.9833333333333334,3,2011-11-10 11:55:00
16987.0,7,1625.05,4.745038759689923,74,2011-12-06 17:26:00
16988.0,1,126.12,5.977142857142858,7,2011-12-04 16:02:00
16989.0,6,1133.25,1.5,7,2011-12-02 16:39:00
16990.0,1,179.0,1.79,1,2011-05-05 08:30:00
16992.0,5,1614.31,3.8163440860215054,84,2011-11-29 11:50:00
16996.0,6,1456.96,2.984054054054054,13,2011-11-09 16:43:00
16997.0,3,702.0,1.95,7,2011-02-24 17:28:00
16998.0,4,295.0,3.85,1,2011-07-13 09:44:00
16999.0,2,484.82,2.427391304347826,21,2011-11-16 13:53:00
17001.0,11,3989.57,3.05698224852071,75,2011-12-09 09:38:00
17002.0,3,1493.73,3.438775510204082,41,2011-09-15 12:40:00
17004.0,2,1412.94,2.652727272727273,38,2011-10-24 14:25:00
17006.0,4,781.78,3.7497727272727275,37,2011-12-05 12:09:00
17007.0,6,889.9300000000001,3.3242307692307693,50,2011-10-20 10:47:00
17010.0,1,195.36,2.5500000000000003,11,2011-11-21 14:49:00
17011.0,1,270.9,1.79,15,2011-11-09 13:30:00
17014.0,3,586.33,2.9335135135135135,63,2011-12-01 14:09:00
17015.0,3,1842.56,1.417142857142857,182,2011-11-11 10:45:00
17017.0,20,8694.26,1.6860714285714284,88,2011-12-07 09:32:00
17018.0,2,920.1,6.223125,15,2011-10-30 11:42:00
17019.0,4,1272.61,2.1226495726495727,166,2011-11-28 13:06:00
17022.0,1,71.0,0.9585714285714285,7,2011-11-08 17:09:00
17024.0,3,95.85,1.3833333333333335,2,2011-10-25 13:47:00
17025.0,3,357.77,2.006666666666667,8,2011-10-10 09:06:00
17026.0,2,154.82999999999998,4.035,4,2011-06-07 14:28:00
17027.0,6,890.29,2.642156862745098,110,2011-09-22 12:24:00
17029.0,2,716.0,1.79,1,2011-08-21 11:06:00
17030.0,1,146.87,2.661818181818182,11,2011-10-07 08:49:00
17031.0,2,380.35,1.606818181818182,19,2011-11-28 10:23:00
17033.0,3,1030.14,2.2567857142857144,24,2011-09-14 14:34:00
17034.0,3,745.52,3.3606666666666665,28,2011-11-23 15:14:00
17035.0,2,433.53000000000003,3.3057142857142856,27,2011-04-08 11:23:00
17037.0,1,1267.32,2.7634666666666665,75,2011-09-13 12:49:00
17038.0,1,112.4,4.440909090909091,22,2011-11-09 13:50:00
17040.0,1,449.73,3.3006666666666664,15,2011-07-25 10:19:00
17041.0,3,1081.57,1.929142857142857,59,2011-11-13 11:21:00
17042.0,5,1044.3799999999999,1.8227551020408164,74,2011-12-07 12:26:00
17043.0,4,1735.18,3.143627450980392,100,2011-11-07 15:33:00
17044.0,1,948.48,2.236666666666667,6,2011-11-14 14:28:00
17045.0,3,339.44,4.968181818181819,20,2011-08-18 17:09:00
17046.0,1,642.02,2.169090909090909,22,2011-07-05 14:24:00
17047.0,3,1100.9,3.536923076923077,59,2011-09-15 13:27:00
17048.0,3,925.35,3.7065116279069765,41,2011-08-14 11:49:00
17049.0,9,5659.9800000000005,3.9271069182389935,201,2011-12-07 10:48:00
17050.0,6,3228.84,2.778924050632911,169,2011-09-04 13:48:00
17051.0,1,247.14000000000001,1.8213953488372092,40,2011-05-29 14:13:00
17052.0,1,413.75,1.8638043478260868,72,2011-11-11 14:50:00
17053.0,1,498.48,4.499230769230769,13,2011-08-01 10:23:00
17054.0,5,1356.33,4.77144578313253,64,2011-11-11 12:56:00
17058.0,3,1179.89,3.765322580645161,51,2011-09-19 10:13:00
17059.0,5,3095.04,2.6577325581395352,292,2011-11-10 12:27:00
17060.0,1,234.24,1.7719999999999998,5,2011-03-18 13:27:00
17061.0,11,5232.2300000000005,5.0870707070707075,57,2011-09-27 11:24:00
17062.0,4,538.37,2.162,52,2011-01-30 11:01:00
17063.0,7,1461.14,2.656025641025641,66,2011-11-18 16:19:00
17064.0,3,859.35,3.687741935483871,53,2011-10-12 10:18:00
17068.0,21,4552.14,2.5016554054054057,116,2011-11-27 13:14:00
17069.0,9,2709.7000000000003,2.8552447552447555,111,2011-11-11 17:13:00
17070.0,1,312.14,2.5853125,62,2011-08-17 17:01:00
17071.0,9,2429.03,3.376714285714286,102,2011-11-11 16:31:00
17073.0,4,1446.09,3.1235632183908044,142,2011-11-22 11:47:00
17075.0,4,834.12,3.8464935064935064,62,2011-11-22 11:58:00
17076.0,3,841.0799999999999,5.8696,17,2011-11-03 17:53:00
17078.0,2,378.2,0.6025,28,2011-11-03 19:17:00
17079.0,1,118.80000000000001,4.95,2,2011-09-22 15:34:00
17080.0,2,287.62,3.76375,8,2011-11-17 12:59:00
17081.0,2,290.16,3.7953125,55,2011-11-14 12:56:00
17082.0,2,2003.85,4.224567901234568,75,2011-11-06 15:17:00
17083.0,3,1405.78,2.0717307692307694,24,2011-08-22 15:43:00
17084.0,2,2949.75,2.892283950617284,146,2011-11-04 14:54:00
17085.0,5,1566.65,2.732192513368984,115,2011-08-08 14:15:00
17086.0,6,2050.08,2.1609374999999997,76,2011-12-02 13:54:00
17088.0,4,1991.01,3.8090434782608695,96,2011-11-11 14:23:00
17090.0,7,2043.95,2.742063492063492,45,2011-12-05 13:44:00
17091.0,9,3827.76,3.139846153846154,119,2011-12-07 10:43:00
17092.0,4,1777.78,2.2588000000000004,99,2011-10-20 19:51:00
17094.0,1,302.0,2.1464285714285714,14,2011-01-21 13:09:00
17095.0,3,1324.16,3.755135135135135,69,2011-11-17 12:21:00
17096.0,4,1022.13,4.555416666666667,46,2011-11-24 15:01:00
17097.0,8,954.42,2.5918009478672985,153,2011-12-07 17:05:00
17100.0,2,971.74,1.9433846153846153,65,2011-11-21 16:36:00
17101.0,4,1621.73,2.8811904761904765,28,2011-11-29 13:57:00
17102.0,1,25.5,12.75,1,2011-03-23 10:08:00
17105.0,2,665.78,1.9445555555555554,80,2011-07-03 15:53:00
17107.0,6,10815.43,3.343612440191388,269,2011-11-06 14:14:00
17109.0,6,885.04,2.3304273504273505,107,2011-11-10 16:59:00
17110.0,1,163.29999999999998,5.166666666666667,12,2011-06-27 12:58:00
17111.0,1,248.61,1.8419999999999999,29,2011-10-23 15:59:00
17114.0,8,808.62,5.023464566929134,85,2011-12-04 12:17:00
17115.0,3,837.5,4.382307692307692,33,2011-12-01 14:30:00
17117.0,1,116.19999999999999,3.966666666666667,9,2011-02-24 13:54:00
17118.0,1,157.02,1.3579999999999999,10,2011-01-26 12:19:00
17119.0,2,606.91,3.578857142857143,35,2011-12-06 14:40:00
17120.0,1,307.46,4.396111111111111,18,2011-04-20 15:21:00
17122.0,1,138.32,1.97,7,2011-08-12 14:33:00
17123.0,1,345.29999999999995,1.7722222222222221,9,2011-07-01 10:47:00
17124.0,1,298.89,3.435625,31,2011-06-07 14:02:00
17125.0,1,259.35,3.4685,34,2011-10-20 14:41:00
17126.0,5,1004.75,1.8555384615384616,187,2011-07-10 13:52:00
17128.0,1,157.09,3.985,14,2011-01-09 12:02:00
17131.0,5,2463.17,3.519402985074627,78,2011-12-04 12:52:00
17133.0,7,4892.240000000001,2.1211111111111114,13,2011-11-24 12:27:00
17134.0,2,425.0,5.45,21,2011-08-25 09:53:00
17135.0,7,1139.73,5.040961538461539,34,2011-11-23 16:48:00
17138.0,1,380.5,4.90625,24,2011-03-09 11:54:00
17139.0,12,10668.47,3.764456066945607,309,2011-11-24 10:12:00
17140.0,1,465.32,2.5025,16,2011-04-06 13:33:00
17142.0,1,579.0,19.186666666666667,15,2011-04-14 18:22:00
17144.0,2,984.57,5.275833333333334,42,2011-12-08 17:57:00
17146.0,3,749.78,7.031142857142857,33,2011-08-26 12:44:00
17147.0,4,1714.59,3.190987654320988,68,2011-11-17 12:32:00
17148.0,1,124.88,1.62,9,2011-10-19 09:59:00
17152.0,3,1689.5,3.482857142857143,9,2011-05-29 12:19:00
17153.0,1,213.78,2.789285714285714,14,2011-11-15 13:42:00
17154.0,1,329.34,1.1069565217391304,23,2011-09-25 13:42:00
17155.0,2,251.70000000000002,2.568,19,2011-11-22 12:38:00
17157.0,2,319.0,2.5461538461538464,11,2011-12-02 09:10:00
17158.0,3,1266.97,3.2455223880597015,53,2011-11-07 15:15:00
17159.0,3,1538.88,2.389108910891089,96,2011-11-18 10:52:00
17160.0,6,3518.03,1.6480349344978165,111,2011-11-08 14:05:00
17162.0,10,1715.46,3.83,81,2011-11-11 11:34:00
17163.0,2,293.1,4.529999999999999,3,2011-11-18 08:57:00
17164.0,7,2467.35,2.4883333333333333,92,2011-11-07 09:14:00
17165.0,1,158.68,3.0669999999999997,10,2011-02-28 16:39:00
17166.0,2,206.34,3.115,11,2011-11-01 09:46:00
17169.0,2,835.78,2.830740740740741,51,2011-10-13 10:25:00
17171.0,1,224.91,2.38,16,2011-02-23 16:37:00
17172.0,1,317.76,0.8446666666666667,15,2011-09-22 09:36:00
17173.0,8,3766.6,3.7151162790697674,36,2011-12-04 14:40:00
17174.0,1,59.9,1.6625,4,2011-05-06 11:47:00
17175.0,4,1443.69,4.0947619047619055,42,2011-10-26 15:31:00
17176.0,1,306.13,2.772666666666667,15,2011-05-22 12:41:00
17179.0,3,711.79,2.314375,56,2011-06-14 16:48:00
17180.0,4,796.03,1.8921875,91,2011-10-14 15:46:00
17181.0,2,239.92000000000002,3.039565217391304,23,2011-10-13 14:48:00
17183.0,6,3347.31,4.032465753424658,42,2011-12-02 10:07:00
17186.0,2,144.0,0.72,1,2011-10-24 10:20:00
17187.0,1,203.95,3.7649999999999997,10,2011-04-27 12:39:00
17188.0,7,2474.23,2.6591666666666667,71,2011-11-28 13:53:00
17189.0,2,384.40000000000003,2.3147540983606554,52,2011-08-25 19:39:00
17190.0,2,444.74,12.313684210526317,19,2011-10-12 11:33:00
17191.0,7,2095.13,2.56506329113924,163,2011-11-11 16:58:00
17193.0,7,1699.3000000000002,2.4309375,17,2011-11-04 12:47:00
17194.0,2,262.62,3.9117241379310346,26,2011-03-11 12:05:00
17197.0,1,1013.01,5.508965517241379,29,2011-11-10 10:32:00
17198.0,3,692.22,2.8972916666666664,89,2011-11-16 10:39:00
17201.0,1,342.63,1.9490000000000003,38,2011-10-17 11:55:00
17203.0,6,3563.85,1.7332236842105262,116,2011-11-04 12:27:00
17204.0,4,1564.56,4.6410526315789475,44,2011-06-17 14:46:00
17205.0,1,384.08,0.5253846153846153,13,2011-10-17 12:46:00
17206.0,1,204.24,2.7885714285714287,7,2011-10-17 13:25:00
17211.0,8,2317.2200000000003,3.2573933649289097,150,2011-11-13 12:03:00
17212.0,1,226.85,1.385,4,2011-03-31 19:42:00
17213.0,7,2781.23,4.155414012738853,85,2011-10-30 14:53:00
17214.0,6,1069.1200000000001,5.273495145631068,79,2011-10-10 13:17:00
17217.0,1,113.5,3.716666666666667,9,2011-04-19 17:19:00
17218.0,10,1960.72,2.9099270072992702,146,2011-12-05 13:52:00
17219.0,1,114.23,1.8852000000000002,24,2011-11-08 11:25:00
17220.0,14,3198.25,2.460635593220339,303,2011-11-15 13:47:00
17221.0,2,335.13,1.9444444444444444,59,2011-12-02 13:35:00
17222.0,1,354.15,2.9910714285714284,27,2011-10-05 13:58:00
17223.0,2,426.79,4.364285714285714,43,2011-02-02 15:57:00
17226.0,1,393.49,2.5752380952380953,21,2011-02-04 11:52:00
17227.0,6,939.32,1.3721276595744683,28,2011-11-21 10:51:00
17228.0,8,1906.09,1.7266346153846153,140,2011-11-24 10:24:00
17229.0,2,318.76,2.008936170212766,39,2011-09-04 13:56:00
17230.0,8,3638.41,3.736521739130435,51,2011-03-20 16:12:00
17231.0,10,3174.32,2.7424584103512015,292,2011-11-27 15:18:00
17232.0,2,421.52,2.656388888888889,30,2011-12-07 12:21:00
17233.0,1,190.88,2.4748,25,2011-11-04 14:06:00
17234.0,1,149.89000000000001,3.697857142857143,14,2011-06-10 11:20:00
17235.0,2,550.06,3.179310344827586,24,2011-11-14 15:51:00
17236.0,6,916.13,2.6937142857142855,88,2011-11-27 12:00:00
17237.0,2,314.69,3.2257894736842103,18,2011-11-28 15:02:00
17238.0,17,3744.65,2.688268551236749,297,2011-12-07 11:35:00
17239.0,1,382.5,4.066666666666666,15,2011-01-31 09:41:00
17242.0,2,1135.04,2.14775,30,2011-08-23 14:55:00
17243.0,26,8676.85,4.198025,180,2011-12-08 13:26:00
17244.0,1,954.9,1.7067741935483869,31,2011-10-17 15:19:00
17245.0,1,171.45,2.9055555555555554,9,2011-05-19 10:43:00
17247.0,1,282.19,3.282,53,2011-11-24 15:21:00
17248.0,1,318.65,1.905217391304348,68,2011-08-11 13:34:00
17250.0,2,384.52,3.0140350877192983,55,2011-12-06 12:15:00
17251.0,1,283.28000000000003,3.503589743589744,37,2010-12-12 11:06:00
17252.0,2,353.86,2.7728735632183907,86,2011-08-15 09:45:00
17253.0,1,178.26,5.614444444444445,18,2011-11-21 12:59:00
17254.0,2,272.44,1.5055357142857144,100,2011-12-05 12:46:00
17255.0,2,298.41,1.9242307692307692,69,2011-10-30 12:18:00
17256.0,2,240.0,2.448125,12,2011-08-24 13:30:00
17259.0,2,603.37,2.3345967741935483,104,2011-07-14 15:01:00
17262.0,5,1253.3600000000001,4.0275,9,2011-10-18 12:56:00
17263.0,1,63.440000000000005,2.011304347826087,23,2011-05-15 14:32:00
17265.0,2,562.9,2.3281889763779526,106,2011-07-24 10:49:00
17266.0,3,310.64,2.5951250000000003,60,2011-12-07 14:12:00
17267.0,2,317.62,3.401315789473684,37,2011-08-04 17:22:00
17268.0,4,763.64,1.0066666666666666,3,2011-08-24 10:06:00
17272.0,4,2148.63,1.8583333333333334,70,2011-10-28 16:37:00
17274.0,1,111.97999999999999,1.744074074074074,24,2011-11-04 13:16:00
17277.0,2,1065.3500000000001,3.351594202898551,67,2011-04-26 12:47:00
17278.0,1,246.04,4.753333333333334,15,2011-04-12 13:10:00
17279.0,1,187.82999999999998,6.736666666666666,8,2011-10-13 11:58:00
17282.0,3,1703.41,2.3886170212765956,79,2011-08-01 14:29:00
17284.0,6,1652.58,1.6184246575342465,229,2011-10-10 14:38:00
17286.0,1,153.92,1.8722222222222222,44,2011-11-18 12:47:00
17287.0,7,1064.11,3.17258064516129,88,2011-11-13 13:27:00
17288.0,7,1419.73,2.674647887323944,118,2011-11-30 16:09:00
17289.0,3,944.41,2.1884684684684688,86,2011-11-08 12:01:00
17290.0,2,525.24,2.572941176470588,92,2011-12-06 12:38:00
17291.0,1,550.8000000000001,7.65,1,2011-02-04 13:04:00
17293.0,9,1875.1100000000001,2.766074074074074,93,2011-12-01 14:37:00
17295.0,3,556.95,2.9497101449275362,53,2011-11-11 10:49:00
17297.0,1,131.78,2.2054901960784314,49,2011-11-22 14:43:00
17298.0,2,498.42,2.0803333333333334,30,2011-08-30 16:43:00
17299.0,4,669.11,1.6266666666666667,50,2011-11-28 12:01:00
17301.0,1,197.63,1.910909090909091,59,2011-11-18 13:43:00
17302.0,5,1135.63,2.506582278481013,68,2011-11-25 09:36:00
17303.0,1,250.04,2.940943396226415,53,2010-12-13 13:32:00
17306.0,19,8631.31,1.558030303030303,13,2011-11-29 12:14:00
17309.0,1,82.75,2.9375,11,2011-09-05 15:20:00
17311.0,2,1384.85,3.0627272727272725,55,2011-09-22 14:11:00
17312.0,3,644.3,2.305,11,2011-07-24 11:52:00
17313.0,1,2328.84,2.1425,24,2011-11-08 15:45:00
17314.0,8,2527.92,2.458091603053435,120,2011-11-15 09:41:00
17315.0,38,6292.26,2.75061310782241,256,2011-12-08 12:15:00
17317.0,3,2600.34,3.2244444444444444,8,2011-10-24 17:19:00
17320.0,3,1200.6200000000001,3.742191780821918,57,2011-08-31 13:31:00
17321.0,2,700.86,2.766728971962617,94,2011-12-01 13:41:00
17323.0,7,921.07,1.4286500000000002,125,2011-11-24 17:29:00
17324.0,4,990.23,2.7656,43,2011-11-22 10:34:00
17325.0,1,96.8,1.633333333333333,6,2011-03-04 13:09:00
17329.0,2,523.11,4.12939393939394,29,2011-11-25 14:24:00
17330.0,2,363.9,4.488333333333333,5,2011-11-17 08:56:00
17331.0,1,175.2,10.95,1,2011-08-08 11:55:00
17333.0,1,494.25,1.772142857142857,28,2011-09-15 10:11:00
17334.0,2,307.02,1.3527272727272728,11,2011-02-10 14:59:00
17337.0,4,2027.8700000000001,2.2972375690607736,421,2011-07-11 14:55:00
17338.0,8,6643.93,2.779442231075697,389,2011-11-22 14:23:00
17339.0,2,243.36,2.9522222222222223,9,2011-09-06 13:29:00
17340.0,11,12353.29,3.148869778869779,229,2011-11-10 10:45:00
17341.0,3,781.36,2.1207650273224044,147,2011-07-06 12:33:00
17343.0,1,193.64,4.70235294117647,17,2010-12-19 15:07:00
17344.0,1,160.57,2.8334375,31,2011-10-24 12:56:00
17345.0,4,537.74,2.7472413793103447,70,2011-11-24 15:03:00
17346.0,15,2676.56,2.39966,299,2011-12-06 12:18:00
17347.0,1,228.96,1.06,1,2011-09-14 13:12:00
17348.0,5,1159.52,1.6951627906976743,180,2011-11-25 11:25:00
17349.0,1,110.75,3.0877777777777777,8,2011-06-13 14:29:00
17350.0,4,1286.07,2.4407042253521127,66,2011-12-01 15:47:00
17351.0,3,587.15,5.725555555555555,22,2011-11-03 18:45:00
17353.0,2,1740.0,1.45,5,2011-08-02 17:19:00
17354.0,1,1393.06,1.4068749999999999,15,2011-10-20 10:34:00
17356.0,1,178.22,1.121578947368421,19,2011-02-01 11:07:00
17357.0,2,388.14,3.4548888888888887,41,2011-11-15 16:30:00
17358.0,2,365.85,2.692372881355932,55,2011-02-09 16:57:00
17359.0,1,127.86,2.104,13,2011-11-28 14:37:00
17360.0,3,585.79,2.8299242424242426,113,2011-11-22 13:11:00
17361.0,3,488.2,4.833793103448276,26,2011-10-21 15:43:00
17362.0,2,312.23,2.991142857142857,30,2011-04-14 14:43:00
17364.0,11,4481.18,2.703065693430657,288,2011-12-09 09:00:00
17365.0,8,4801.56,1.9343803418803418,278,2011-11-27 12:13:00
17367.0,1,168.4,1.8961764705882354,33,2011-04-15 14:21:00
17368.0,8,1912.67,2.488468468468468,93,2011-11-16 15:26:00
17370.0,4,446.18,1.396969696969697,31,2011-09-28 10:14:00
17371.0,3,423.89,3.1804597701149424,83,2011-11-22 13:30:00
17372.0,8,1342.68,2.326600790513834,215,2011-10-30 11:37:00
17373.0,4,646.92,1.8789473684210525,47,2011-10-30 15:28:00
17374.0,2,495.77,7.0996428571428565,24,2011-05-05 09:05:00
17375.0,3,400.1,2.7102898550724634,63,2011-05-24 15:45:00
17376.0,2,203.2,3.454166666666667,23,2011-09-30 12:36:00
17377.0,20,4100.92,2.604186602870813,190,2011-11-16 11:17:00
17379.0,1,404.66,1.3718072289156626,71,2011-11-28 13:56:00
17381.0,29,20275.61,1.3353211009174313,40,2011-12-01 11:59:00
17382.0,1,65.4,8.55,2,2011-10-05 13:05:00
17383.0,1,199.29,1.8564705882352943,49,2011-12-05 17:36:00
17384.0,2,336.4,3.2493333333333334,12,2011-11-20 15:48:00
17385.0,1,261.11,1.92,42,2011-11-25 11:02:00
17386.0,6,2686.42,1.6421428571428573,23,2011-12-02 11:28:00
17387.0,2,784.11,2.417692307692308,71,2011-11-20 11:00:00
17388.0,4,1259.56,4.6979999999999995,13,2011-09-23 10:31:00
17389.0,34,31833.68,5.688826291079812,45,2011-12-09 09:38:00
17391.0,2,508.8,1.06,2,2011-06-29 09:58:00
17392.0,2,457.91,3.4179032258064517,53,2011-02-06 12:48:00
17394.0,1,203.86999999999998,3.4425,4,2011-05-04 13:22:00
17396.0,8,7330.8,4.416296296296296,24,2011-10-31 14:12:00
17397.0,2,696.41,3.074782608695652,88,2011-11-17 14:08:00
17398.0,3,653.38,4.841578947368421,30,2011-08-17 09:48:00
17400.0,5,2129.96,3.355680751173709,175,2011-08-05 15:38:00
17402.0,13,2633.85,5.860169491525424,33,2011-12-05 10:15:00
17403.0,1,281.62,3.1360606060606058,32,2011-11-03 15:18:00
17404.0,15,31906.82,2.193939393939394,111,2011-12-05 16:26:00
17405.0,3,1031.41,3.1534146341463414,77,2011-12-08 17:12:00
17406.0,3,2200.42,6.764955752212389,99,2011-01-10 15:07:00
17408.0,1,32.65,11.35,2,2011-06-29 12:53:00
17409.0,2,771.85,7.625384615384615,13,2011-06-08 10:36:00
17410.0,5,1214.72,3.48953125,57,2011-11-23 15:46:00
17411.0,3,778.94,4.144146341463415,39,2011-11-27 14:25:00
17412.0,7,1258.06,2.721060606060606,48,2011-12-07 11:36:00
17414.0,2,778.0,0.425,5,2011-10-27 12:13:00
17415.0,1,507.84,13.96642857142857,14,2011-09-21 12:50:00
17416.0,7,6893.42,2.3484758364312266,186,2011-11-10 12:47:00
17418.0,2,463.46000000000004,2.941666666666667,29,2011-10-28 13:00:00
17419.0,12,4226.57,4.12121359223301,155,2011-11-28 13:47:00
17420.0,3,598.83,3.881333333333333,28,2011-10-20 14:52:00
17422.0,6,1979.37,1.4844444444444445,93,2011-11-23 13:27:00
17423.0,2,698.41,2.2849999999999997,26,2011-10-24 13:36:00
17425.0,2,759.17,2.670930232558139,42,2011-11-20 15:30:00
17426.0,6,5037.26,3.014686346863469,179,2011-12-01 18:07:00
17427.0,1,100.8,4.165,2,2011-09-29 11:29:00
17428.0,28,17256.85,3.572774390243903,252,2011-12-09 09:45:00
17429.0,3,524.9200000000001,2.086153846153846,36,2011-08-03 13:22:00
17430.0,2,265.76,1.997857142857143,14,2011-11-07 09:24:00
17431.0,1,403.3,1.9611627906976743,41,2011-01-30 14:36:00
17432.0,2,365.76,2.5272916666666667,44,2011-11-21 17:33:00
17433.0,1,303.15999999999997,2.4059259259259256,53,2011-09-12 14:24:00
17434.0,7,2373.82,2.741044776119403,100,2011-12-07 13:16:00
17436.0,2,216.29999999999998,2.4277777777777776,7,2011-12-08 12:30:00
17438.0,1,388.45000000000005,5.238235294117647,17,2011-03-31 10:26:00
17440.0,3,186.42000000000002,0.678,3,2011-07-06 11:54:00
17442.0,6,2248.56,2.5273333333333334,96,2011-11-03 09:17:00
17443.0,1,534.24,1.06,1,2011-05-04 10:47:00
17444.0,3,2940.04,6.547407407407408,132,2011-07-15 12:05:00
17446.0,2,120.9,0.7722222222222223,6,2011-06-16 10:42:00
17447.0,2,541.53,1.6922222222222223,33,2011-10-30 14:18:00
17449.0,7,2520.86,3.4911552346570396,178,2011-12-07 16:56:00
17450.0,46,194550.79,3.392640949554896,124,2011-12-01 13:29:00
17451.0,7,1721.4,2.2744,83,2011-12-08 15:02:00
17453.0,2,486.71999999999997,3.4231578947368417,19,2011-11-22 09:42:00
17454.0,4,517.53,2.6434426229508197,57,2011-05-31 13:58:00
17455.0,1,131.7,2.825,8,2011-05-20 12:31:00
17456.0,1,249.86,1.5076470588235293,17,2010-12-09 15:23:00
17457.0,5,1737.7,3.221052631578947,14,2011-08-05 12:48:00
17458.0,1,316.5,2.4331481481481485,52,2011-11-24 13:01:00
17459.0,2,657.3,1.9172072072072073,88,2011-10-27 13:25:00
17460.0,6,622.4300000000001,4.310689655172414,18,2011-09-06 15:04:00
17461.0,3,757.46,2.4001801801801803,104,2011-11-17 10:21:00
17462.0,2,675.69,3.8862962962962966,25,2011-10-10 13:56:00
17463.0,5,1896.41,2.794604651162791,162,2011-11-23 13:40:00
17464.0,1,289.96000000000004,2.7211111111111115,9,2011-07-04 13:19:00
17466.0,2,763.28,4.690975609756098,41,2011-11-29 13:15:00
17468.0,2,137.0,1.17,5,2011-11-29 15:33:00
17469.0,5,1870.97,3.0990909090909096,61,2011-11-23 13:15:00
17470.0,5,1125.07,1.2026923076923077,67,2011-10-26 12:42:00
17472.0,3,710.29,2.055303867403315,142,2011-06-01 14:57:00
17475.0,1,194.37,1.7764285714285715,14,2011-09-21 14:55:00
17480.0,1,511.82,1.8,29,2011-09-23 11:39:00
17481.0,4,1255.59,2.549390243902439,69,2011-12-06 12:28:00
17483.0,3,414.04,3.264761904761905,18,2011-10-05 13:10:00
17486.0,1,396.87,2.89625,24,2011-03-23 14:00:00
17489.0,2,376.64,1.076896551724138,28,2011-10-12 08:56:00
17490.0,7,2092.32,3.0061842105263157,63,2011-12-09 09:08:00
17491.0,10,3558.87,3.312935779816514,72,2011-12-08 16:18:00
17492.0,1,374.57,3.5233333333333334,12,2011-04-05 15:21:00
17495.0,2,497.56,3.68,21,2011-12-02 12:08:00
17496.0,1,271.05,5.165,10,2010-12-16 08:39:00
17498.0,1,272.22,2.0194117647058825,17,2011-09-25 12:25:00
17499.0,1,622.88,1.73825,40,2011-02-23 09:14:00
17500.0,3,1138.0,54.3,3,2011-11-22 14:25:00
17501.0,2,288.6,3.4944444444444445,18,2011-05-03 09:47:00
17502.0,4,689.1,2.8096428571428573,25,2011-11-30 13:13:00
17503.0,2,558.96,2.3276315789473685,36,2011-12-07 09:18:00
17504.0,9,2997.0299999999997,3.409527559055118,112,2011-05-17 12:59:00
17505.0,2,1145.84,2.9532692307692305,48,2011-07-01 12:50:00
17506.0,1,302.2,3.6342857142857143,14,2011-09-25 11:39:00
17507.0,2,605.58,2.6617045454545454,79,2011-03-23 11:48:00
17508.0,1,387.31,1.622272727272727,22,2011-03-04 08:10:00
17509.0,8,6115.14,2.259207650273224,75,2011-10-13 10:26:00
17510.0,1,308.48,2.211,20,2011-11-15 10:00:00
17511.0,31,91062.38,2.3066251298027,453,2011-12-07 10:12:00
17512.0,10,2924.9900000000002,1.9543809523809526,61,2011-11-11 12:11:00
17513.0,1,513.2,2.77,6,2011-09-28 16:42:00
17514.0,1,208.65,2.228,40,2011-08-03 15:45:00
17515.0,4,639.02,3.7408045977011493,49,2011-11-08 14:04:00
17516.0,5,768.08,2.759124087591241,113,2011-11-24 16:51:00
17517.0,1,153.94,2.5381818181818185,11,2011-02-04 11:48:00
17519.0,6,1844.02,3.1192682926829267,60,2011-11-22 16:43:00
17520.0,1,546.81,3.2976666666666663,30,2011-10-17 12:04:00
17521.0,3,723.2099999999999,1.9406666666666665,38,2011-11-10 11:22:00
17522.0,5,1070.71,1.9445205479452052,59,2011-12-08 12:31:00
17523.0,4,652.74,3.128181818181818,25,2011-11-28 13:20:00
17524.0,1,145.0,1.5916666666666668,6,2010-12-13 14:32:00
17525.0,1,422.70000000000005,6.005555555555556,9,2010-12-15 12:05:00
17526.0,4,1195.8999999999999,5.22578947368421,17,2011-12-05 11:05:00
17527.0,4,939.37,3.408936170212766,45,2011-10-17 12:32:00
17528.0,8,3628.5,3.161818181818182,183,2011-12-08 13:27:00
17530.0,10,2385.0,2.3262690355329947,306,2011-12-08 18:42:00
17531.0,1,296.7,4.1242857142857146,14,2011-06-02 19:17:00
17534.0,1,223.36,2.677777777777778,9,2011-10-17 12:47:00
17535.0,1,164.4,1.473076923076923,13,2011-03-04 15:20:00
17536.0,1,76.5,12.75,3,2011-06-15 13:23:00
17537.0,2,897.62,2.6604,74,2011-11-10 10:56:00
17538.0,1,98.42,1.1933333333333334,9,2011-11-14 12:12:00
17540.0,2,578.9,3.534,20,2011-11-15 11:56:00
17542.0,1,170.75,2.5839999999999996,24,2011-03-15 11:45:00
17545.0,3,645.96,2.4860689655172417,122,2011-10-27 14:04:00
17548.0,1,103.3,2.43,5,2011-04-20 12:01:00
17549.0,2,148.86,1.7666666666666666,5,2011-11-16 09:59:00
17550.0,3,267.16,2.978095238095238,42,2011-05-26 14:09:00
17551.0,1,306.84,2.5411627906976744,39,2010-12-15 14:12:00
17552.0,4,930.41,2.2583673469387753,43,2011-10-10 17:00:00
17553.0,1,1487.6,3.1,2,2011-08-02 10:00:00
17554.0,5,1952.45,3.0594318181818183,58,2011-12-08 14:15:00
17555.0,2,483.26,2.184622641509434,101,2011-11-20 12:22:00
17556.0,1,157.9,4.778333333333333,6,2011-05-18 10:48:00
17557.0,3,541.46,2.702058823529412,27,2011-11-25 12:57:00
17560.0,4,854.95,3.4342307692307696,22,2011-09-06 09:18:00
17561.0,1,167.62,2.0943478260869566,44,2011-11-20 12:53:00
17562.0,7,1122.38,1.8968253968253967,48,2011-11-25 14:21:00
17564.0,3,454.01,3.722448979591837,38,2011-11-15 13:27:00
17566.0,2,901.21,2.6539473684210524,113,2011-12-01 19:54:00
17567.0,8,4331.48,2.3494545454545457,110,2011-12-02 15:48:00
17569.0,1,344.14,3.3531034482758617,29,2011-01-11 14:15:00
17571.0,4,1498.51,2.758227424749164,247,2011-10-20 15:57:00
17572.0,4,226.75000000000003,3.158333333333333,7,2011-09-29 17:53:00
17573.0,3,380.6,2.2028,24,2011-11-10 13:01:00
17574.0,1,185.65,3.3162499999999997,8,2011-04-11 09:47:00
17576.0,19,3622.68,3.015547445255475,245,2011-12-01 17:56:00
17578.0,1,143.45999999999998,1.286,5,2011-05-05 18:38:00
17579.0,3,448.90000000000003,2.476,46,2011-12-05 12:28:00
17580.0,3,215.72,2.1575555555555557,43,2011-04-01 12:41:00
17581.0,25,11045.04,3.117909090909091,229,2011-12-09 12:21:00
17582.0,1,175.27,2.134137931034483,28,2011-04-17 13:18:00
17584.0,2,1242.3,3.982857142857143,30,2011-12-02 17:12:00
17585.0,4,1133.07,1.380981308411215,176,2011-08-22 13:30:00
17588.0,3,1240.2,5.203043478260869,19,2011-08-31 13:37:00
17589.0,4,2404.17,2.1748221343873517,172,2011-10-10 16:58:00
17590.0,3,1479.22,2.668407960199005,162,2011-12-07 12:55:00
17591.0,7,2225.9700000000003,3.532228915662651,81,2011-09-27 13:42:00
17593.0,5,3927.34,2.497136150234742,190,2011-12-06 10:30:00
17594.0,2,993.18,1.9409999999999998,42,2011-09-15 16:34:00
17595.0,2,388.79,2.497710843373494,68,2011-11-27 16:08:00
17596.0,7,2827.93,1.9154814814814818,168,2011-11-16 14:11:00
17597.0,1,2044.3700000000001,3.3992727272727272,55,2011-05-10 11:54:00
17600.0,1,161.67000000000002,3.5307692307692307,13,2011-11-22 09:43:00
17601.0,1,116.00999999999999,1.6122222222222222,9,2011-04-14 18:02:00
17602.0,6,5102.97,1.9664464285714287,335,2011-12-07 13:53:00
17603.0,1,394.72,13.392727272727273,11,2011-09-22 14:18:00
17604.0,2,309.36,2.5342857142857143,57,2011-05-06 13:43:00
17608.0,2,193.42,1.153050847457627,54,2011-11-06 13:06:00
17609.0,5,1112.22,2.3075105485232066,199,2011-10-30 12:28:00
17611.0,15,3984.22,2.5292881944444447,440,2011-12-02 13:29:00
17612.0,6,2048.45,2.5762962962962965,116,2011-10-17 14:59:00
17613.0,14,4559.150000000001,2.6451602564102563,211,2011-11-17 10:51:00
17614.0,1,390.07,2.2116,97,2011-10-13 16:01:00
17615.0,3,329.6,3.9107142857142856,13,2011-08-01 14:06:00
17616.0,3,571.1999999999999,2.55,1,2011-06-19 10:11:00
17618.0,3,971.58,4.282820512820513,56,2011-12-04 11:50:00
17619.0,1,218.52,1.8036363636363635,71,2011-01-31 14:18:00
17620.0,1,81.44,2.7575,4,2011-10-11 12:08:00
17621.0,3,1379.9,3.1365384615384615,24,2011-11-18 17:11:00
17623.0,1,527.0500000000001,2.8709090909090906,33,2011-11-07 11:32:00
17624.0,2,843.48,2.958,49,2011-11-25 10:52:00
17625.0,4,2047.0,2.539587301587302,223,2011-11-21 13:36:00
17628.0,1,75.75,2.41,5,2011-09-19 15:21:00
17629.0,8,1814.12,2.0857723577235774,106,2011-12-04 10:56:00
17630.0,2,503.59999999999997,7.825000000000001,24,2011-06-23 11:58:00
17631.0,3,528.33,3.712820512820513,39,2011-12-08 09:47:00
17633.0,4,1324.84,2.797428571428571,59,2011-11-08 13:25:00
17634.0,9,2361.9700000000003,3.7267003367003366,209,2011-11-03 13:09:00
17636.0,1,285.56,2.3905000000000003,20,2011-11-20 14:40:00
17637.0,2,547.0600000000001,3.432857142857143,35,2011-11-08 12:51:00
17639.0,1,108.5,5.514285714285714,7,2011-03-08 15:22:00
17640.0,1,621.66,2.566,5,2011-09-14 09:13:00
17642.0,2,712.29,2.3432500000000003,34,2011-08-12 09:11:00
17643.0,1,101.55,4.01875,8,2010-12-01 14:38:00
17644.0,11,2895.64,2.771783439490446,102,2011-12-08 13:43:00
17646.0,3,1008.39,4.756666666666667,46,2011-05-04 13:17:00
17647.0,1,133.06,7.097142857142857,7,2011-10-05 15:38:00
17648.0,4,1797.5,5.536483516483516,81,2011-10-10 09:41:00
17649.0,1,868.49,3.581153846153846,52,2011-07-24 15:53:00
17650.0,1,166.08,1.89625,8,2011-11-18 14:52:00
17651.0,10,3945.0,2.0029310344827587,149,2011-11-28 10:29:00
17652.0,12,4867.72,3.3447490347490345,118,2011-11-14 12:55:00
17653.0,4,1207.56,4.069090909090909,44,2011-11-03 12:46:00
17654.0,1,117.55,3.1568181818181817,22,2011-03-07 13:17:00
17655.0,7,2638.94,4.826153846153846,66,2011-11-29 11:34:00
17656.0,5,1674.69,2.772560975609756,67,2011-09-27 13:04:00
17658.0,2,595.42,2.561052631578947,17,2011-11-14 12:07:00
17659.0,12,2999.46,4.0412025316455695,127,2011-11-22 13:29:00
17660.0,1,196.0,2.0037777777777777,37,2011-07-21 13:37:00
17663.0,7,1802.91,3.9981395348837214,63,2011-11-14 08:56:00
17664.0,2,604.64,1.9167441860465118,41,2011-11-21 11:29:00
17666.0,2,728.16,1.8988888888888888,14,2011-12-06 09:06:00
17667.0,5,2055.51,3.6650862068965515,85,2011-10-04 14:32:00
17668.0,2,347.75,7.336666666666667,14,2011-12-08 13:25:00
17669.0,7,3406.7200000000003,1.8576470588235294,45,2011-10-28 08:53:00
17670.0,1,205.7,2.590909090909091,11,2011-04-26 09:12:00
17671.0,4,1572.71,3.197358490566038,40,2011-11-24 12:21:00
17672.0,2,3178.17,3.331818181818182,105,2011-10-20 14:18:00
17673.0,6,1629.12,1.6033920704845817,118,2011-12-08 12:50:00
17674.0,2,551.04,0.7588888888888888,19,2011-09-26 13:35:00
17675.0,31,20374.28,3.53868085106383,239,2011-12-08 18:03:00
17676.0,6,1387.68,1.9006410256410255,49,2011-12-05 15:16:00
17677.0,30,16363.23,2.732993421052632,178,2011-12-08 09:56:00
17678.0,1,298.11,2.235625,16,2011-03-21 11:52:00
17679.0,2,1992.1100000000001,5.309,29,2011-10-18 07:43:00
17680.0,1,184.4,2.8000000000000003,11,2011-11-16 12:42:00
17682.0,6,2474.33,2.400762711864407,48,2011-11-29 15:59:00
17684.0,1,239.41,2.916,15,2011-10-27 11:10:00
17685.0,7,3191.53,2.000923076923077,88,2011-11-23 11:36:00
17686.0,7,5739.46,3.8588811188811194,205,2011-12-02 15:39:00
17690.0,15,4757.95,5.7077734375,186,2011-11-09 15:17:00
17691.0,2,290.40000000000003,3.4026315789473687,18,2010-12-16 17:20:00
17692.0,4,740.9399999999999,1.6482608695652174,34,2011-08-04 14:01:00
17693.0,1,200.47,2.0825,16,2011-07-25 15:48:00
17694.0,1,283.12,2.6086666666666667,15,2011-07-21 12:00:00
17695.0,2,765.34,1.2517142857142858,30,2011-07-31 10:40:00
17696.0,8,2285.71,2.3863478260869564,78,2011-11-01 13:43:00
17697.0,1,338.95,5.084210526315789,19,2011-04-17 15:40:00
17698.0,1,154.95,2.1375,8,2011-03-24 11:34:00
17700.0,4,2534.64,3.167887323943662,116,2011-11-23 11:51:00
17701.0,1,417.95,5.754166666666666,24,2011-04-01 12:25:00
17702.0,4,1824.37,1.7451351351351354,58,2011-11-09 16:03:00
17703.0,3,798.74,1.6427272727272726,47,2011-11-04 15:51:00
17704.0,2,885.19,3.918709677419355,27,2011-06-24 09:40:00
17705.0,9,1823.52,2.987378640776699,63,2011-12-06 13:45:00
17706.0,17,10504.49,4.205471204188481,270,2011-12-05 13:34:00
17707.0,2,152.4,1.7700000000000002,3,2011-06-07 15:03:00
17708.0,2,267.08,3.144,28,2011-06-05 10:12:00
17709.0,1,137.45,13.007142857142858,7,2011-06-23 11:55:00
17711.0,2,385.1,2.4530434782608697,22,2011-11-29 11:40:00
17712.0,1,522.91,4.665172413793103,29,2011-10-26 12:28:00
17714.0,1,153.0,2.05,10,2011-01-23 10:32:00
17715.0,1,326.4,0.85,1,2011-05-23 12:32:00
17716.0,11,5655.99,2.530040816326531,171,2011-11-17 12:00:00
17718.0,1,139.35,4.191666666666666,6,2011-04-21 13:39:00
17719.0,15,5396.04,4.476167883211679,111,2011-11-02 10:36:00
17720.0,4,1195.94,5.4342,39,2011-11-13 15:04:00
17722.0,4,2424.04,3.3454782608695655,111,2011-09-04 15:22:00
17723.0,6,3276.4000000000005,4.07,4,2011-08-04 18:37:00
17724.0,3,1033.0,4.37125,38,2011-09-29 15:26:00
17725.0,11,3439.08,2.5801041666666666,115,2011-11-23 16:34:00
17727.0,1,1060.25,3.1312121212121213,66,2011-11-24 17:06:00
17728.0,3,2876.01,3.3267272727272728,153,2011-12-06 08:52:00
17730.0,13,5298.4800000000005,1.9898165137614678,127,2011-12-06 15:43:00
17731.0,4,1240.11,5.1274626865671635,54,2011-09-21 15:02:00
17732.0,1,303.97,4.9494444444444445,18,2010-12-02 09:29:00
17733.0,2,692.19,2.959142857142857,33,2011-11-01 08:16:00
17734.0,3,700.63,2.8969767441860466,40,2011-10-17 12:33:00
17735.0,19,13110.02,2.192463768115942,319,2011-12-07 16:47:00
17736.0,3,377.44,5.2212,24,2011-11-30 15:36:00
17737.0,2,168.24,2.414,8,2011-11-30 15:16:00
17738.0,4,1879.05,3.5612371134020617,89,2011-11-20 15:05:00
17739.0,7,2791.35,4.5727659574468085,29,2011-11-28 09:12:00
17742.0,2,355.11,8.895333333333333,13,2011-08-18 15:28:00
17744.0,6,2322.4,0.8940441176470588,110,2011-12-06 12:11:00
17746.0,1,110.25,5.741666666666667,6,2011-04-13 14:31:00
17747.0,1,71.4,5.95,1,2011-08-19 08:13:00
17749.0,2,674.52,4.591714285714286,33,2011-06-14 15:45:00
17750.0,9,1797.57,0.6623316062176166,101,2011-12-04 14:09:00
17752.0,1,80.64,0.42,1,2010-12-15 16:19:00
17754.0,5,1772.26,0.9895652173913044,82,2011-12-09 11:20:00
17757.0,30,5605.29,2.748758434547908,275,2011-12-08 15:31:00
17758.0,8,3456.7000000000003,2.375485436893204,310,2011-11-20 14:45:00
17759.0,3,834.99,2.266947368421053,82,2011-11-22 16:02:00
17760.0,2,287.59,2.2716,25,2011-11-18 10:56:00
17761.0,1,712.78,3.142105263157895,19,2011-11-07 10:23:00
17763.0,1,15.0,1.25,1,2011-03-21 14:25:00
17764.0,2,818.8199999999999,3.154533333333333,71,2011-10-20 11:03:00
17765.0,3,371.88,3.8773684210526316,51,2011-07-04 12:41:00
17767.0,1,271.2,2.7976190476190474,21,2011-11-24 14:42:00
17768.0,3,2273.1800000000003,3.846857142857143,77,2011-12-01 13:22:00
17769.0,10,3997.98,3.0608709677419355,200,2011-11-27 11:18:00
17770.0,5,1143.27,4.827105263157895,33,2011-05-25 12:34:00
17771.0,2,245.81,2.247592592592593,51,2011-10-14 11:43:00
17772.0,2,182.77,3.320943396226415,50,2011-11-29 11:05:00
17774.0,4,1225.41,3.3438461538461537,123,2011-09-04 12:49:00
17775.0,1,56.4,0.7833333333333333,3,2011-03-30 10:50:00
17777.0,3,665.86,1.6470103092783503,141,2011-11-15 12:02:00
17779.0,3,658.57,2.803170731707317,73,2011-11-18 14:15:00
17781.0,2,188.02,5.5566666666666675,12,2011-07-03 16:00:00
17783.0,2,283.47,1.922686567164179,67,2011-09-28 16:07:00
17785.0,1,131.94,2.563076923076923,13,2011-10-17 13:43:00
17786.0,2,278.74,2.1241666666666665,57,2011-09-15 12:51:00
17787.0,4,1865.19,2.8470895522388058,94,2011-07-10 11:24:00
17788.0,2,1117.9,5.42,3,2011-09-27 10:09:00
17789.0,1,225.9,3.9714285714285715,14,2011-03-03 13:14:00
17790.0,14,1965.55,3.126894736842105,121,2011-11-13 11:30:00
17791.0,1,106.1,2.77,10,2011-11-10 12:09:00
17793.0,1,323.04,3.7682758620689656,49,2011-11-14 14:24:00
17795.0,2,350.39,1.9260869565217391,43,2011-06-13 12:36:00
17796.0,4,697.9,4.017073170731707,63,2011-10-30 15:38:00
17797.0,3,780.43,2.552792792792793,102,2011-11-17 13:21:00
17799.0,10,3055.93,2.532769607843137,280,2011-11-17 15:16:00
17800.0,9,1199.01,2.200480769230769,51,2011-11-02 12:57:00
17802.0,3,1285.04,2.2339285714285713,102,2011-09-18 14:56:00
17805.0,1,512.31,2.257,10,2011-09-27 11:49:00
17806.0,1,546.04,1.0211627906976743,43,2011-11-28 14:12:00
17809.0,12,5411.91,2.9057377049180326,46,2011-11-23 12:59:00
17811.0,39,7837.7300000000005,2.7256756756756757,359,2011-12-05 13:46:00
17812.0,4,732.16,3.029645390070922,113,2011-11-27 11:47:00
17813.0,5,1770.8799999999999,3.3684636118598386,297,2011-11-25 16:13:00
17816.0,4,36.56,1.4105882352941177,16,2011-11-03 11:34:00
17817.0,3,387.68,9.148484848484848,32,2011-12-05 14:39:00
17819.0,7,3704.87,4.4487499999999995,36,2011-09-29 10:52:00
17824.0,1,298.4,1.0692307692307692,13,2011-10-19 14:14:00
17827.0,5,1995.46,2.3783636363636362,190,2011-12-04 15:00:00
17828.0,4,1820.09,5.273432835820896,54,2011-11-17 08:41:00
17829.0,1,889.24,2.5856666666666666,30,2011-02-14 12:46:00
17830.0,3,398.7,6.01304347826087,18,2011-12-08 12:28:00
17831.0,1,35.400000000000006,2.95,2,2011-11-06 15:09:00
17832.0,1,155.37,1.1116393442622952,61,2011-10-21 11:43:00
17835.0,3,350.64,1.6985245901639343,45,2011-12-07 11:48:00
17836.0,1,110.21000000000001,1.3658333333333335,23,2011-10-23 16:13:00
17837.0,8,1593.38,3.8654437869822487,110,2011-10-28 16:13:00
17838.0,5,2779.3,3.797685950413223,96,2011-11-13 11:20:00
17839.0,1,338.8,1.7505357142857143,50,2011-10-28 17:27:00
17841.0,124,40991.57,2.52943672741175,1323,2011-12-08 12:07:00
17843.0,1,205.48,3.2051351351351354,36,2011-02-09 15:33:00
17844.0,1,51.559999999999995,0.998,5,2011-08-25 11:27:00
17846.0,1,2033.1,2033.1,1,2011-09-15 15:20:00
17848.0,9,901.1999999999999,4.231372549019608,41,2011-09-19 16:49:00
17849.0,4,605.8000000000001,10.323076923076924,14,2011-05-05 13:46:00
17850.0,34,5391.21,3.9603703703703705,21,2010-12-02 15:27:00
17852.0,2,114.34,2.3679166666666664,21,2011-11-28 12:36:00
17854.0,2,311.26,3.586,15,2011-06-07 16:21:00
17855.0,1,208.97,1.7658823529411765,17,2010-12-02 09:44:00
17856.0,4,1418.03,3.5593333333333335,12,2011-12-08 09:40:00
17857.0,23,26879.04,10.332407407407405,19,2011-12-05 13:13:00
17858.0,12,5155.66,5.885075376884423,101,2011-12-04 11:56:00
17859.0,1,148.21,1.8108000000000002,23,2011-02-08 10:32:00
17860.0,1,252.8,2.556379310344828,49,2010-12-06 12:41:00
17861.0,8,2100.8,2.4218018018018017,172,2011-12-06 16:21:00
17862.0,1,330.9,5.145454545454545,11,2011-01-20 12:23:00
17863.0,6,3160.0,1.547027027027027,110,2011-10-11 13:45:00
17864.0,3,597.5,1.8047058823529414,70,2011-11-27 11:15:00
17865.0,20,10526.32,2.7636756756756755,191,2011-11-09 12:08:00
17866.0,1,329.65,3.4000000000000004,9,2011-07-20 11:07:00
17867.0,6,1197.1000000000001,2.3807594936708862,62,2011-11-09 14:15:00
17869.0,5,428.18,6.1585,37,2011-08-24 16:16:00
17870.0,12,1894.35,2.2145161290322584,214,2011-12-07 15:07:00
17871.0,1,155.9,2.132,10,2011-05-19 11:32:00
17873.0,5,1859.16,4.690227272727273,24,2011-09-20 16:41:00
17874.0,6,683.46,4.084565217391304,37,2011-06-07 12:54:00
17877.0,1,237.61,3.5408333333333335,12,2011-06-22 13:00:00
17878.0,1,379.45,2.246153846153846,26,2011-10-27 11:24:00
17879.0,1,178.51999999999998,3.638333333333333,6,2011-06-19 12:36:00
17880.0,1,458.92,2.4615384615384617,26,2010-12-10 10:21:00
17881.0,1,133.35000000000002,4.53125,8,2011-02-08 17:16:00
17883.0,4,671.77,2.2995172413793106,133,2011-12-06 17:49:00
17884.0,4,717.45,1.9159829059829059,107,2011-12-06 11:33:00
17885.0,1,190.19,2.215,50,2011-11-27 14:40:00
17886.0,3,899.61,2.988348623853211,93,2011-11-08 10:09:00
17887.0,1,111.35,5.235,10,2011-08-02 17:29:00
17888.0,8,726.05,2.974925373134328,60,2011-11-18 13:45:00
17889.0,2,203.87,3.4580952380952383,20,2011-05-11 16:26:00
17890.0,2,602.09,2.4690425531914895,88,2011-01-21 11:19:00
17891.0,1,203.85999999999999,0.711764705882353,34,2011-06-30 20:08:00
17892.0,3,244.1,3.275,27,2011-10-14 16:49:00
17893.0,1,112.25,2.0949999999999998,15,2011-04-28 13:50:00
17894.0,8,1119.81,2.7942487046632123,127,2011-09-29 09:23:00
17895.0,1,98.0,1.860625,15,2011-10-26 17:00:00
17896.0,1,256.32,0.89,2,2011-11-16 13:59:00
17897.0,3,566.6,3.0799122807017545,100,2011-06-20 11:23:00
17898.0,2,152.06,1.4814285714285713,27,2011-09-15 14:56:00
17899.0,1,155.8,2.384375,29,2011-07-03 14:58:00
17900.0,2,112.19999999999999,3.608333333333333,4,2011-06-02 14:38:00
17901.0,1,110.38,5.328947368421052,19,2011-11-10 17:29:00
17904.0,1,191.67,3.617894736842105,33,2011-11-18 12:57:00
17905.0,4,800.24,3.793823529411765,33,2011-09-29 17:33:00
17906.0,1,72.9,3.8249999999999997,12,2011-04-06 17:25:00
17908.0,1,243.28,2.6725862068965514,51,2010-12-01 11:45:00
17911.0,1,366.23,2.181025641025641,39,2011-11-30 14:52:00
17912.0,5,311.01,3.9815789473684213,35,2011-02-02 14:25:00
17913.0,2,411.6,2.434237288135593,55,2011-10-12 10:45:00
17914.0,1,336.43,1.9649999999999999,72,2011-12-06 11:58:00
17917.0,3,341.28,2.2280851063829785,77,2011-10-25 13:20:00
17919.0,1,1304.04,2.1630434782608696,23,2011-09-12 13:41:00
17920.0,17,4204.1,2.3329741379310347,407,2011-12-05 14:29:00
17921.0,4,826.52,2.348689655172414,114,2011-10-06 18:56:00
17923.0,1,207.50000000000003,4.15,1,2011-03-02 15:15:00
17924.0,7,2962.5,3.246451612903226,26,2011-11-28 09:11:00
17925.0,1,244.08,3.39,1,2010-12-02 10:10:00
17926.0,2,397.29,3.1552380952380954,17,2011-07-29 14:39:00
17928.0,2,212.54,2.988695652173913,23,2011-10-25 13:52:00
17929.0,4,843.0,7.57,4,2011-11-28 16:01:00
17930.0,5,1740.48,1.4825641025641025,26,2011-11-04 10:23:00
17931.0,2,408.36,3.069384615384615,63,2011-07-28 18:33:00
17932.0,3,1331.57,2.7395555555555555,84,2011-11-10 19:49:00
17934.0,2,704.25,3.4528571428571433,21,2011-10-19 11:16:00
17935.0,2,145.79,1.8672413793103448,28,2011-07-24 13:18:00
17936.0,1,389.84,2.384025974025974,68,2011-12-04 13:32:00
17937.0,7,4301.22,3.473255813953488,19,2011-12-01 11:45:00
17939.0,1,99.14,2.455833333333333,12,2011-07-03 12:27:00
17940.0,10,4106.4400000000005,98.52894736842104,6,2011-10-21 13:27:00
17941.0,1,304.56,1.255,2,2011-08-01 08:30:00
17942.0,1,77.50000000000001,1.525,2,2011-12-02 10:45:00
17946.0,2,149.57999999999998,3.1445,18,2011-04-20 17:00:00
17947.0,1,176.68,0.9422222222222223,9,2011-11-02 13:05:00
17948.0,1,358.56000000000006,2.49,1,2011-07-15 12:58:00
17949.0,45,58510.48,3.3914285714285715,29,2011-12-08 18:46:00
17950.0,3,482.2,2.3209859154929577,63,2011-09-28 15:18:00
17951.0,3,1008.5400000000001,2.2085,18,2011-10-31 12:30:00
17954.0,12,2332.72,1.942103092783505,326,2011-12-04 14:15:00
17955.0,4,557.3,5.631052631578947,14,2011-05-25 12:00:00
17956.0,1,12.75,12.75,1,2011-04-04 13:47:00
17957.0,1,111.68,1.3490322580645162,31,2011-10-04 14:58:00
17958.0,1,508.4599999999999,4.04,7,2011-08-15 12:19:00
17960.0,1,73.78,1.7196153846153845,26,2011-06-21 14:15:00
17961.0,39,1296.44,3.2722489959839356,211,2011-11-18 16:55:00
17962.0,1,102.83,1.6517142857142857,33,2011-07-20 14:16:00
17964.0,2,471.7,2.680192307692308,84,2011-11-08 10:44:00
17965.0,14,2622.57,3.4882370820668696,274,2011-11-02 09:31:00
17966.0,5,1098.43,1.4894117647058824,53,2011-11-02 10:26:00
17967.0,1,123.07,1.8797916666666667,41,2010-12-03 11:19:00
17968.0,1,277.35,1.9291764705882353,74,2010-12-01 12:23:00
17969.0,2,228.2,4.701428571428571,14,2011-06-26 13:00:00
17970.0,1,582.59,2.9658064516129032,27,2011-05-12 20:03:00
17972.0,1,136.04,4.230322580645161,30,2011-04-12 12:16:00
17973.0,1,337.04,3.244,15,2011-10-19 10:34:00
17974.0,3,740.79,2.024245810055866,143,2011-11-15 11:37:00
17975.0,13,4488.81,3.1686824324324325,189,2011-11-24 13:27:00
17976.0,1,353.19,3.532,56,2010-12-02 13:49:00
17977.0,1,288.14,3.2476190476190476,19,2011-11-10 13:28:00
17978.0,1,300.91999999999996,2.3633333333333333,12,2010-12-09 14:05:00
17979.0,4,757.71,2.338082191780822,116,2011-11-04 12:05:00
17980.0,3,811.45,2.2036666666666664,23,2011-06-27 12:01:00
17984.0,1,152.68,2.066666666666667,48,2011-07-17 15:59:00
17985.0,1,634.95,4.469565217391304,20,2011-11-17 14:24:00
17986.0,1,20.8,2.08,1,2011-10-14 14:22:00
17987.0,1,198.57,0.9092307692307693,13,2011-06-07 14:22:00
17988.0,7,201.12,5.094736842105263,37,2011-11-28 11:00:00
17990.0,3,630.84,2.3224137931034488,27,2011-04-17 11:44:00
17991.0,2,93.35,4.91,4,2011-04-28 15:58:00
17994.0,4,678.49,2.3518518518518516,63,2011-08-10 11:41:00
17995.0,1,76.1,1.685,2,2011-03-03 12:30:00
17997.0,8,1970.6699999999998,1.5156024096385543,133,2011-09-26 16:13:00
17999.0,2,382.06,2.822903225806452,87,2011-11-02 15:56:00
18001.0,2,417.23,2.8377586206896552,56,2011-11-27 16:02:00
18004.0,1,169.47,2.76525,32,2010-12-12 13:47:00
18005.0,2,249.72,3.1863333333333332,52,2011-12-06 11:51:00
18006.0,1,444.68,3.2290909090909095,21,2011-11-16 16:52:00
18008.0,9,2116.19,3.8,24,2011-09-30 15:17:00
18009.0,1,257.34,4.1378125,31,2011-04-18 13:36:00
18010.0,1,174.8,5.014285714285714,14,2011-03-28 12:27:00
18011.0,1,102.78999999999999,2.3610714285714285,28,2010-12-01 17:35:00
18013.0,2,187.29,1.1703225806451614,31,2011-07-07 14:11:00
18014.0,1,166.42,2.930625,29,2011-11-11 15:28:00
18015.0,1,120.03,1.2758695652173913,46,2011-12-05 14:49:00
18016.0,5,1483.56,3.353821138211382,90,2011-11-07 13:25:00
18017.0,3,523.0,1.7433333333333334,1,2011-09-19 16:15:00
18018.0,2,122.14,3.8113793103448277,29,2011-08-23 17:37:00
18019.0,1,38.45,5.71,5,2011-10-19 12:10:00
18022.0,1,668.11,1.754240837696335,141,2011-11-04 12:45:00
18024.0,2,389.78,2.5828571428571427,21,2011-07-10 12:40:00
18027.0,1,115.31,2.7923809523809524,21,2011-09-02 10:38:00
18030.0,2,230.64999999999998,6.705555555555555,8,2011-12-05 16:37:00
18032.0,1,73.5,1.8699999999999999,5,2011-01-09 15:32:00
18033.0,1,97.97,1.8658823529411763,32,2011-10-05 17:28:00
18034.0,2,422.88,1.3344642857142859,99,2011-11-18 12:22:00
18035.0,3,730.4,2.467358490566038,44,2011-11-04 12:39:00
18036.0,3,405.62,1.8920833333333336,77,2011-11-07 14:40:00
18037.0,6,70.02,3.598421052631579,19,2011-07-08 13:39:00
18040.0,2,357.20000000000005,3.0710526315789473,18,2011-11-20 14:20:00
18041.0,21,4183.39,1.968156779661017,285,2011-11-28 11:39:00
18042.0,1,165.04999999999998,5.45,7,2011-10-17 11:49:00
18043.0,3,559.51,2.9121487603305787,106,2011-11-15 12:48:00
18044.0,10,2088.6,4.251574803149607,88,2011-12-05 14:26:00
18045.0,1,189.4,2.606808510638298,43,2011-10-25 13:07:00
18048.0,2,172.29000000000002,1.5,6,2011-05-20 14:58:00
18050.0,1,74.4,2.31,5,2010-12-15 14:25:00
18053.0,1,300.02,1.5855000000000001,20,2011-09-30 09:05:00
18055.0,10,6784.1900000000005,4.0215555555555556,223,2011-12-02 14:25:00
18056.0,1,363.65,3.7578947368421054,19,2011-02-24 14:27:00
18058.0,1,170.16,1.7966666666666666,3,2011-11-30 08:38:00
18059.0,3,306.46,1.913333333333333,17,2011-11-16 16:49:00
18061.0,10,2119.41,5.010434782608696,18,2011-11-18 11:20:00
18062.0,3,720.52,4.489259259259259,23,2011-06-19 14:47:00
18064.0,2,814.0,2.2471428571428573,7,2011-07-29 16:39:00
18065.0,14,2392.83,4.154306569343065,110,2011-12-04 10:30:00
18066.0,1,318.0,3.4299999999999997,10,2011-09-25 15:30:00
18067.0,1,396.33,2.8329729729729727,36,2011-10-30 15:58:00
18068.0,1,101.69999999999999,16.95,1,2011-02-23 14:50:00
18069.0,5,2036.67,2.201787234042553,334,2011-11-13 16:03:00
18071.0,2,453.0,2.998,23,2011-03-27 11:59:00
18072.0,1,247.44,0.885,18,2011-06-07 10:44:00
18073.0,12,3877.5200000000004,3.834931506849315,23,2011-08-17 14:02:00
18074.0,1,489.6,4.7807692307692315,13,2010-12-01 09:53:00
18075.0,10,2611.75,3.4669014084507044,97,2011-11-16 15:21:00
18077.0,11,2633.0099999999998,1.8249779735682818,101,2011-12-01 13:32:00
18078.0,2,336.13,2.98551724137931,27,2011-05-06 14:32:00
18079.0,4,3651.97,0.8958267716535433,99,2011-10-25 15:27:00
18080.0,2,1231.5,1.9,2,2011-11-21 08:02:00
18081.0,3,343.45,3.84,14,2011-11-03 16:30:00
18082.0,1,703.37,2.153972602739726,62,2011-11-14 12:45:00
18084.0,1,90.47999999999999,0.29,1,2011-11-23 13:57:00
18085.0,2,689.95,2.8448275862068964,25,2011-01-13 15:17:00
18086.0,1,101.34,1.48,7,2011-03-10 13:34:00
18087.0,2,4055.7199999999993,426.81,2,2011-09-02 15:12:00
18088.0,1,167.67000000000002,2.0935897435897437,35,2011-10-09 13:41:00
18092.0,11,9068.26,3.7192134831460675,28,2011-12-07 13:14:00
18093.0,4,2106.52,1.6352777777777776,31,2011-09-07 15:43:00
18094.0,7,3017.3,2.1552857142857142,39,2011-09-19 09:28:00
18095.0,2,580.0500000000001,2.619047619047619,20,2011-01-31 12:50:00
18096.0,3,911.15,2.2876525821596245,157,2011-11-28 12:44:00
18097.0,6,2697.8,2.9694444444444446,65,2011-12-02 11:16:00
18099.0,1,168.31,2.1389473684210527,19,2011-08-04 15:52:00
18101.0,2,223.65,2.580487804878049,37,2011-11-28 13:37:00
18102.0,60,259657.3,4.503294663573086,150,2011-12-09 11:50:00
18104.0,1,754.64,3.758947368421053,38,2011-11-02 14:07:00
18105.0,1,113.48000000000002,2.232222222222222,18,2011-11-02 12:04:00
18106.0,1,430.7,3.9358974358974357,33,2011-01-14 12:23:00
18108.0,1,271.0,4.711764705882352,17,2011-03-30 13:56:00
18109.0,26,8052.97,4.930247747747748,119,2011-12-08 11:36:00
18110.0,1,236.3,2.7769565217391303,33,2011-11-20 12:34:00
18112.0,2,352.69,4.289230769230769,26,2011-11-27 14:43:00
18113.0,1,76.32000000000001,1.06,1,2010-12-06 12:31:00
18114.0,1,220.1,5.533928571428571,28,2011-02-22 13:20:00
18116.0,8,1418.03,2.370079365079365,230,2011-10-03 11:00:00
18117.0,1,320.72,1.2141891891891892,68,2011-11-14 12:47:00
18118.0,26,5653.82,2.5287959343236905,424,2011-11-29 11:32:00
18119.0,1,181.12,2.7823333333333333,29,2010-12-07 11:59:00
18120.0,1,111.15,4.0323529411764705,17,2011-05-09 13:45:00
18121.0,2,673.1,1.865,28,2011-07-13 12:53:00
18122.0,6,1826.21,2.3395054945054947,239,2011-12-01 13:08:00
18123.0,2,589.4399999999999,1.4233333333333333,31,2011-11-15 14:23:00
18125.0,4,1142.99,2.225459183673469,164,2011-11-10 12:29:00
18126.0,1,206.82999999999998,1.9507142857142856,52,2011-10-10 12:19:00
18127.0,3,348.73,3.177446808510638,41,2011-11-20 14:05:00
18129.0,1,112.55000000000001,2.9250000000000003,13,2011-04-10 14:16:00
18130.0,3,1059.39,2.3695714285714287,58,2011-11-24 14:40:00
18133.0,1,931.4999999999999,0.69,1,2011-05-11 14:14:00
18135.0,5,681.9100000000001,2.3075,11,2011-11-10 19:32:00
18136.0,3,784.33,2.728421052631579,34,2011-10-07 15:40:00
18138.0,1,152.65,6.25625,8,2011-02-17 14:51:00
18139.0,6,8438.34,1.5092452830188678,35,2011-11-22 10:44:00
18142.0,2,1019.52,1.53,9,2011-07-05 13:19:00
18143.0,2,1000.16,2.728360655737705,59,2011-08-15 12:07:00
18144.0,12,2888.75,4.43046511627907,27,2011-12-02 12:46:00
18145.0,4,2861.55,1.801447963800905,174,2011-11-27 11:22:00
18146.0,2,160.35000000000002,1.95,10,2011-07-22 12:08:00
18147.0,2,179.33999999999997,1.2971428571428572,7,2011-10-25 11:46:00
18149.0,3,612.0799999999999,2.7525,11,2011-10-20 12:04:00
18150.0,3,566.58,2.3235135135135137,29,2011-11-07 16:49:00
18151.0,2,653.35,3.1986842105263156,38,2011-07-28 11:35:00
18154.0,2,399.19,2.8261904761904764,15,2011-12-06 16:41:00
18155.0,3,371.62,2.4703999999999997,19,2011-09-25 13:32:00
18156.0,2,734.94,3.0002142857142857,100,2011-11-27 12:24:00
18158.0,2,453.4,1.2944117647058824,24,2011-11-30 16:19:00
18159.0,1,530.15,5.004347826086956,23,2011-02-11 14:26:00
18160.0,2,638.0600000000001,3.657179487179487,37,2011-10-13 15:50:00
18161.0,5,1618.69,3.640125,49,2011-11-24 16:40:00
18164.0,1,399.65000000000003,4.207083333333333,24,2011-11-02 12:56:00
18165.0,1,302.46000000000004,1.238,10,2011-06-15 13:23:00
18167.0,3,1384.8600000000001,3.788648648648649,24,2011-11-16 15:56:00
18168.0,6,1169.94,3.2399236641221374,97,2011-06-16 19:21:00
18169.0,1,202.65,3.688888888888889,9,2011-10-10 12:18:00
18170.0,3,980.31,4.247368421052632,29,2011-11-06 14:35:00
18171.0,5,1231.31,5.11037037037037,43,2011-10-12 09:13:00
18172.0,20,7561.68,3.107037037037037,100,2011-11-25 11:12:00
18173.0,4,2106.84,2.705806451612903,23,2011-09-14 11:26:00
18174.0,1,104.0,2.08,1,2011-12-02 16:56:00
18176.0,1,476.35,2.6816666666666666,30,2010-12-16 15:45:00
18177.0,6,1341.42,1.8343243243243244,53,2011-11-08 14:44:00
18178.0,4,1590.81,2.448762886597938,80,2011-08-03 09:30:00
18179.0,6,1793.17,2.761,86,2011-11-30 16:23:00
18180.0,6,1843.75,2.080840336134454,108,2011-12-05 08:39:00
18181.0,1,382.8,3.6140909090909092,40,2011-11-15 15:08:00
18183.0,2,632.07,3.5043243243243243,36,2011-04-26 15:26:00
18184.0,1,49.8,0.83,1,2011-11-24 15:28:00
18185.0,1,304.25,3.626470588235294,17,2011-04-04 13:42:00
18188.0,3,2001.04,2.4726760563380283,63,2011-11-24 16:46:00
18189.0,2,1090.24,3.2851470588235294,65,2011-09-23 12:40:00
18190.0,2,284.46000000000004,3.929333333333333,14,2011-05-31 14:48:00
18191.0,1,207.79999999999998,4.021428571428571,7,2011-03-23 12:08:00
18192.0,1,957.97,4.007333333333333,45,2011-09-29 09:53:00
18193.0,1,243.76,3.5949999999999998,16,2011-06-27 13:58:00
18194.0,1,973.8399999999999,1.6514285714285712,7,2011-09-18 13:29:00
18196.0,2,689.13,2.2075886524822694,131,2011-09-05 16:22:00
18198.0,17,5425.56,2.3962893081761005,81,2011-12-05 14:49:00
18200.0,1,163.8,1.9684375,29,2011-08-25 18:45:00
18202.0,3,1396.99,4.052058823529412,55,2011-05-24 12:12:00
18203.0,1,160.42000000000002,4.583157894736842,19,2011-07-05 13:07:00
18204.0,3,1993.7,2.5493,159,2011-09-29 16:44:00
18205.0,2,517.36,4.58,30,2011-11-03 13:22:00
18209.0,1,139.10000000000002,3.24375,8,2011-11-11 12:07:00
18210.0,6,2621.38,3.5970895522388058,109,2011-12-08 11:02:00
18211.0,5,600.07,2.451904761904762,37,2011-11-14 08:10:00
18212.0,1,248.42,3.057674418604651,30,2011-01-17 16:14:00
18213.0,1,232.48000000000002,1.5013333333333334,15,2011-04-17 10:21:00
18215.0,1,299.34000000000003,2.9930769230769227,13,2011-09-11 16:05:00
18216.0,1,481.75,4.935384615384615,26,2011-11-08 16:55:00
18217.0,2,621.75,2.0880645161290325,27,2011-11-10 13:18:00
18218.0,2,662.08,1.7866666666666664,17,2011-05-12 12:53:00
18219.0,10,2069.77,4.12921052631579,58,2011-12-07 11:43:00
18220.0,1,305.28000000000003,1.06,2,2011-04-27 09:03:00
18221.0,5,1041.61,2.6042187500000002,59,2011-11-17 14:40:00
18222.0,1,443.0,3.2557894736842106,19,2011-09-08 10:45:00
18223.0,14,6484.54,2.9675,116,2011-12-05 09:11:00
18224.0,1,158.95000000000002,3.06,10,2011-03-21 10:30:00
18225.0,12,5509.12,2.5551660516605166,150,2011-12-06 13:27:00
18226.0,11,5228.05,2.185206611570248,141,2011-10-26 13:36:00
18227.0,1,93.75,8.65,5,2011-05-06 12:23:00
18228.0,2,779.9,3.9876666666666667,23,2011-10-14 09:21:00
18229.0,20,7276.900000000001,4.626585365853659,66,2011-11-28 09:48:00
18230.0,7,2810.2000000000003,2.191627906976744,32,2011-11-30 13:22:00
18231.0,5,2083.27,3.765483870967742,106,2011-05-31 14:18:00
18232.0,4,592.97,3.724864864864865,31,2011-09-19 11:49:00
18233.0,1,440.0,110.0,1,2011-01-18 08:44:00
18235.0,3,1796.48,2.1464423076923076,100,2011-09-29 08:27:00
18236.0,6,882.24,3.3632653061224493,42,2011-11-10 08:06:00
18237.0,5,987.1,2.957704918032787,40,2011-12-07 12:49:00
18239.0,5,1561.6100000000001,2.871931818181818,80,2011-05-05 12:38:00
18240.0,1,422.58,3.9283333333333332,6,2011-10-24 13:06:00
18241.0,17,2073.09,3.2537499999999997,60,2011-11-30 12:10:00
18242.0,4,2232.4900000000002,3.279871794871795,72,2011-09-28 13:43:00
18245.0,7,2567.06,2.5844,153,2011-12-02 14:48:00
18246.0,2,596.1,4.71,3,2011-11-16 11:49:00
18248.0,2,804.02,4.105744680851064,39,2011-08-09 10:19:00
18249.0,1,95.34,1.60375,8,2011-11-22 15:07:00
18250.0,1,349.27,3.8057142857142856,21,2011-02-02 13:16:00
18251.0,1,4314.72,0.771875,16,2011-09-13 15:03:00
18252.0,2,526.67,3.129081632653061,90,2011-10-20 12:43:00
18255.0,1,103.3,1.7166666666666668,6,2011-09-11 13:16:00
18257.0,8,2337.63,3.40364406779661,97,2011-10-31 14:48:00
18259.0,3,2338.6000000000004,3.2595238095238095,27,2011-11-15 12:34:00
18260.0,6,2643.2000000000003,3.5070149253731344,86,2011-06-20 12:37:00
18261.0,2,324.24,3.0828571428571427,19,2011-10-27 15:36:00
18262.0,1,149.48,1.123076923076923,13,2011-07-22 16:04:00
18263.0,3,1213.1599999999999,0.9595081967213115,59,2011-11-14 09:00:00
18265.0,2,801.51,5.246521739130435,44,2011-09-28 14:10:00
18268.0,1,25.5,12.75,1,2011-07-28 19:13:00
18269.0,1,168.6,3.164285714285714,7,2010-12-08 13:53:00
18270.0,2,283.15,3.6727272727272724,11,2011-11-01 13:57:00
18272.0,6,3078.58,2.2946385542168675,99,2011-12-07 12:43:00
18273.0,3,204.0,2.55,1,2011-12-07 13:16:00
18274.0,1,175.92,3.671818181818182,11,2011-11-09 17:03:00
18276.0,1,335.86,2.482142857142857,14,2011-10-27 10:54:00
18277.0,1,110.38,3.1412500000000003,8,2011-10-12 15:22:00
18278.0,1,173.9,3.283333333333333,9,2011-09-27 11:58:00
18280.0,1,180.60000000000002,4.765,10,2011-03-07 09:52:00
18281.0,1,80.82,5.622857142857143,7,2011-06-12 10:53:00
18282.0,2,178.05,5.199166666666667,12,2011-12-02 11:43:00
18283.0,16,2094.88,1.6149867724867726,263,2011-12-06 12:02:00
18287.0,3,1837.28,1.4935714285714285,59,2011-10-28 09:29:00
