CustomerID,PurchaseCount,TotalSpent,AvgUnitPrice,UniqueItems,Cluster
12346.0,1,77183.6,1.04,1,1
12347.0,7,4310.0,2.644010989010989,103,0
12348.0,4,1797.24,5.764838709677419,22,0
12349.0,1,1757.55,8.289041095890411,73,0
12350.0,1,334.4,3.841176470588235,17,0
12352.0,8,2506.04,15.93070588235294,59,0
12353.0,1,89.0,6.074999999999999,4,0
12354.0,1,1079.4,4.5037931034482765,58,0
12355.0,1,459.4,4.203846153846154,13,0
12356.0,3,2811.43,3.201186440677966,53,0
12357.0,1,6207.67,3.3486259541984733,131,0
12358.0,2,1168.06,8.27421052631579,13,0
12359.0,4,6372.58,8.620403225806452,214,1
12360.0,3,2662.06,3.54968992248062,105,0
12361.0,1,189.9,3.335,10,0
12362.0,10,5226.23,3.94093984962406,201,1
12363.0,2,552.0,2.3117391304347827,23,0
12364.0,4,1313.1,1.910235294117647,70,0
12365.0,2,641.38,17.150454545454547,22,0
12367.0,1,168.9,3.2,11,0
12370.0,4,3545.69,2.800299401197605,143,1
12371.0,2,1887.96,3.8742857142857146,63,0
12372.0,3,1298.04,3.001346153846154,34,0
12373.0,1,364.6,4.582142857142857,14,0
12374.0,1,742.9300000000001,4.21969696969697,33,0
12375.0,2,457.5,6.912941176470589,14,0
12377.0,2,1628.12,2.718831168831169,72,0
12378.0,1,4008.62,2.9974429223744297,219,1
12379.0,2,852.24,2.86625,39,0
12380.0,4,2724.81,3.378653846153846,77,0
12381.0,5,1845.31,4.683218390804598,70,0
12383.0,5,1850.56,3.086969696969697,84,0
12384.0,2,585.27,7.87925925925926,26,0
12386.0,2,401.9,2.391,10,0
12388.0,6,2780.66,2.7777,57,0
12390.0,1,549.84,3.996875,32,0
12391.0,1,460.89,2.4599,92,0
12393.0,4,1582.6,2.2796875,47,0
12394.0,2,1272.48,3.3707407407407404,26,0
12395.0,12,3018.63,3.9688461538461537,91,1
12397.0,2,2409.9,3.4682539682539684,110,0
12398.0,1,1635.66,1.992705882352941,85,0
12399.0,4,1108.65,2.1145762711864404,47,0
12401.0,1,84.3,9.68,5,0
12402.0,1,225.6,3.290909090909091,11,0
12403.0,1,427.7,7.080000000000001,5,0
12405.0,1,1710.39,3.54425925925926,54,0
12406.0,2,3415.3,2.487047619047619,92,0
12407.0,5,1708.12,3.2674025974025973,57,0
12408.0,5,2888.55,3.0228571428571427,81,0
12409.0,3,11072.67,3.574495412844037,91,0
12410.0,2,693.3299999999999,6.335384615384616,26,0
12412.0,3,1226.88,2.7137704918032783,43,0
12413.0,3,758.1,4.798421052631579,29,0
12414.0,3,562.41,8.57,16,0
12415.0,21,124914.53,2.937086834733893,444,2
12417.0,9,3649.1,5.337916666666666,158,1
12418.0,1,668.58,3.5644117647058824,34,0
12420.0,1,600.39,4.707241379310345,29,0
12421.0,4,807.04,4.520222222222222,32,0
12422.0,3,803.5600000000001,3.26025641025641,39,0
12423.0,8,1859.31,2.9136,97,0
12424.0,2,1760.96,2.780666666666667,30,0
12425.0,1,777.2,2.5644444444444443,36,0
12426.0,1,582.73,3.936333333333333,30,0
12427.0,3,825.8,4.589032258064516,26,0
12428.0,9,7956.46,4.627414965986395,258,1
12429.0,4,3750.4,3.630721649484536,82,0
12430.0,1,256.4,6.225454545454546,11,0
12431.0,15,6487.45,3.785063829787234,163,1
12432.0,5,5059.32,10.550833333333332,107,0
12433.0,7,13375.87,2.1927380952380955,219,1
12434.0,2,806.14,3.6726,46,0
12435.0,2,7829.89,5.479166666666667,31,0
12436.0,1,509.01,5.2675,16,0
12437.0,18,4951.41,4.012562814070352,118,1
12438.0,2,2906.85,3.894897959183673,84,0
12441.0,1,173.55,3.700909090909091,11,0
12442.0,1,172.06,3.34,12,0
12444.0,5,5005.46,6.3586931818181816,138,1
12445.0,1,133.4,7.9875,4,0
12446.0,1,1002.31,4.352631578947368,57,0
12447.0,1,476.49,3.5742307692307693,26,0
12448.0,1,449.45,5.951818181818182,22,0
12449.0,4,4067.29,3.694712041884817,118,0
12450.0,2,197.88,1.6175,7,0
12451.0,5,9035.52,2.450084745762712,265,1
12452.0,2,430.57,4.485,21,0
12453.0,1,707.09,2.393255813953488,43,0
12454.0,1,3528.34,7.282,15,0
12455.0,6,2466.86,3.173333333333334,85,0
12456.0,3,3181.04,3.62456,105,0
12457.0,7,2363.23,5.357096774193548,53,0
12458.0,2,947.4,4.326315789473685,35,0
12461.0,2,826.88,4.258857142857143,35,0
12462.0,2,1189.59,4.689516129032258,51,0
12463.0,4,1344.78,3.0434939759036146,65,0
12464.0,8,1212.05,11.832758620689654,6,0
12465.0,2,742.1899999999999,2.76,46,0
12468.0,2,729.5400000000001,3.515,36,0
12471.0,30,19824.05,4.300369565217392,150,1
12472.0,7,6572.11,2.397669616519174,219,1
12473.0,5,3938.55,8.323928571428572,140,1
12474.0,18,7375.79,2.8656603773584903,253,1
12475.0,1,723.38,2.941111111111111,36,0
12476.0,11,6816.42,4.831030042918456,177,1
12477.0,6,13219.74,4.3832,191,1
12478.0,1,680.99,4.537777777777778,36,0
12479.0,1,527.2,2.6687096774193546,31,0
12480.0,4,3281.63,3.1344155844155845,129,0
12481.0,10,5596.32,3.4149769585253456,150,1
12483.0,8,2484.98,5.198133333333334,46,0
12484.0,6,4541.72,3.126098265895954,256,1
12488.0,3,1298.66,3.7347272727272727,46,0
12489.0,1,334.93,5.908,15,0
12490.0,10,5417.93,2.692857142857143,131,1
12491.0,1,460.4,3.376923076923077,25,0
12492.0,2,263.21000000000004,3.3475,19,0
12493.0,2,433.74,4.309090909090909,20,0
12494.0,7,1246.1,3.862207792207792,63,0
12497.0,1,1043.1,2.06,14,0
12498.0,3,403.7000000000001,4.197826086956522,21,0
12500.0,11,4257.82,5.63688524590164,34,0
12501.0,1,2169.39,2.4126845637583894,149,0
12502.0,5,3723.87,6.425238095238095,102,0
12504.0,2,482.05,9.011111111111113,6,0
12506.0,1,73.5,3.1956521739130435,23,0
12507.0,3,1304.81,4.862857142857143,19,0
12508.0,2,398.27,1.720434782608696,57,0
12509.0,1,176.5,5.564285714285715,7,0
12510.0,2,982.57,4.263333333333334,29,0
12512.0,2,138.03,2.5794117647058825,31,0
12513.0,1,612.29,2.180571428571428,35,0
12514.0,1,1017.68,3.296862745098039,51,0
12515.0,1,383.7,6.78125,16,0
12516.0,2,1312.06,2.725769230769231,20,0
12517.0,5,2502.84,2.3527464788732395,232,1
12518.0,5,2056.89,2.837177419354839,84,0
12519.0,1,340.84,2.9911111111111115,17,0
12520.0,5,2634.26,3.288421052631579,121,0
12521.0,1,599.68,2.995789473684211,38,0
12522.0,2,192.72,5.0008333333333335,11,0
12523.0,11,1789.77,4.935471698113207,84,0
12524.0,8,4485.72,2.9170833333333333,113,1
12526.0,3,1316.66,3.3538028169014087,64,0
12527.0,3,348.71000000000004,2.9294444444444445,18,0
12528.0,6,1933.48,5.487934782608695,50,0
12530.0,4,1662.28,3.885454545454545,51,0
12531.0,1,125.22,3.8094117647058825,17,0
12532.0,1,349.83000000000004,3.698125,16,0
12534.0,1,1089.18,3.035396825396825,63,0
12535.0,2,716.35,4.451470588235294,28,0
12536.0,3,12601.830000000002,34.75452107279693,260,1
12538.0,1,363.95,3.6433333333333335,21,0
12539.0,4,5568.35,4.176520146520147,157,1
12540.0,17,13400.24,3.847050209205021,277,1
12541.0,3,981.18,3.615769230769231,46,0
12544.0,1,372.7,4.106315789473685,19,0
12545.0,2,1000.39,4.0238,42,0
12546.0,2,1161.5,3.199275362318841,59,0
12547.0,2,207.8,7.95,7,0
12548.0,1,95.2,6.720000000000001,5,0
12550.0,1,964.83,3.090350877192982,57,0
12551.0,1,168.0,1.6800000000000002,10,0
12552.0,2,437.82,9.1155,20,0
12553.0,10,3692.28,3.1996335078534037,95,1
12556.0,2,603.71,2.6623140495867768,100,0
12557.0,5,11990.96,2.1766666666666667,15,0
12558.0,1,269.96,1.25,11,0
12559.0,2,561.71,3.5490476190476192,21,0
12560.0,3,2134.01,2.8562857142857143,91,0
12561.0,1,238.85,2.964375,16,0
12562.0,7,3781.74,3.188214285714286,99,0
12564.0,1,456.9,5.576190476190476,21,0
12565.0,1,145.92,2.351111111111111,9,0
12566.0,1,351.65,3.903684210526316,19,0
12567.0,10,9401.28,3.40847533632287,323,1
12569.0,32,4124.69,5.434574468085106,92,1
12571.0,2,519.61,1.3205882352941176,31,0
12572.0,2,1020.42,4.227833333333334,53,0
12573.0,1,160.54000000000002,2.0964285714285715,26,0
12574.0,1,218.45,5.2,11,0
12576.0,5,1315.83,2.4045454545454543,72,0
12577.0,3,657.8,1.795034013605442,137,0
12578.0,2,2794.51,3.157017543859649,111,0
12579.0,1,440.42,3.338620689655172,29,0
12580.0,1,415.7,2.6075,24,0
12581.0,1,197.71,2.8926666666666665,15,0
12582.0,2,511.36,5.2318181818181815,21,0
12583.0,15,7281.38,3.103603238866397,115,1
12584.0,9,2338.15,7.484375,44,0
12585.0,2,2040.1,3.4639080459770115,77,0
12586.0,1,196.94000000000003,4.190909090909091,11,0
12587.0,1,144.0,11.56,4,0
12588.0,1,214.9,9.58,10,0
12589.0,2,646.68,4.502857142857143,29,0
12590.0,2,9864.26,10.54735294117647,68,0
12591.0,1,452.85,3.780769230769231,26,0
12592.0,2,437.6,3.311111111111111,11,0
12593.0,3,418.1,2.6523809523809527,14,0
12594.0,10,3338.2200000000003,3.023135593220339,50,0
12596.0,2,618.27,4.405555555555556,25,0
12597.0,4,3811.22,3.942087378640776,184,1
12598.0,8,3023.08,2.8425757575757578,84,0
12599.0,7,1032.58,2.996290322580645,32,0
12600.0,10,2599.04,5.47375,32,0
12601.0,5,577.0600000000001,6.511071428571428,21,0
12602.0,1,153.12,1.9708333333333328,12,0
12603.0,1,739.1999999999999,14.475,2,0
12604.0,2,254.18,2.59125,15,0
12607.0,1,1579.51,2.157722772277228,101,0
12609.0,3,1126.85,3.5178333333333334,57,0
12610.0,5,2099.54,5.024716981132076,85,0
12611.0,1,1193.32,2.675076923076923,65,0
12612.0,1,704.0400000000001,4.4389473684210525,19,0
12613.0,5,3344.38,2.8726143790849674,124,0
12614.0,1,315.6,5.61,20,0
12615.0,4,2291.19,3.089619047619048,82,0
12616.0,2,713.3,3.8203125,25,0
12617.0,1,355.53,1.903095238095238,39,0
12618.0,1,177.31,6.63818181818182,11,0
12619.0,9,3641.24,7.056555555555556,50,0
12620.0,3,1339.41,2.1478260869565218,89,0
12621.0,20,13689.67,2.892291220556745,261,1
12622.0,1,180.1,5.739090909090909,11,0
12623.0,1,305.1,2.628888888888889,18,0
12624.0,2,641.13,3.8721052631578954,36,0
12625.0,2,2683.82,2.1713953488372093,73,0
12626.0,9,6620.48,2.8210544217687072,232,1
12627.0,7,4478.53,2.937913043478261,162,1
12628.0,3,786.46,3.591219512195122,34,0
12630.0,2,1270.88,4.48640625,60,0
12631.0,1,640.5,4.537096774193548,31,0
12633.0,4,2163.98,3.211386138613862,73,0
12635.0,2,1689.18,2.522079207920792,96,0
12637.0,8,6021.9,2.6583076923076923,205,1
12638.0,1,671.69,2.56,39,0
12639.0,1,486.1,4.918181818181818,22,0
12640.0,3,1174.58,5.716981132075472,47,0
12641.0,1,185.9,6.964999999999999,10,0
12642.0,3,1013.26,3.5906382978723403,39,0
12643.0,6,3344.64,5.187916666666666,11,0
12644.0,1,477.91,2.8045161290322578,31,0
12645.0,4,1775.18,2.611095890410959,58,0
12646.0,2,1346.97,2.387111111111111,43,0
12647.0,12,3722.82,5.498842975206611,78,1
12648.0,1,318.05,3.1723809523809527,21,0
12649.0,3,623.51,2.6970967741935485,28,0
12650.0,1,314.44,1.9345,20,0
12651.0,1,114.0,2.244444444444445,9,0
12652.0,1,919.98,2.8972916666666664,48,0
12653.0,2,2209.85,2.59093023255814,37,0
12654.0,5,601.98,4.420526315789473,31,0
12656.0,5,4051.17,4.4494444444444445,89,0
12657.0,4,1643.18,5.044893617021277,35,0
12658.0,1,686.05,4.114444444444445,36,0
12659.0,1,91.68,5.308,5,0
12660.0,1,245.1,3.865384615384616,13,0
12662.0,11,3849.78,3.206478260869565,129,1
12664.0,9,4881.88,11.084864864864864,10,0
12665.0,1,63.0,6.833333333333333,3,0
12667.0,1,620.13,3.624242424242424,33,0
12668.0,4,3807.15,3.458509316770187,115,0
12669.0,3,2744.03,13.741386138613862,98,0
12670.0,5,2996.05,3.235869565217391,58,0
12672.0,1,225.9,3.79,10,0
12673.0,2,610.52,2.9283333333333337,42,0
12674.0,4,1970.6,3.230602409638554,52,0
12676.0,6,1331.39,7.0282222222222215,33,0
12678.0,12,17628.46,6.554666666666667,105,1
12679.0,4,1113.02,4.004166666666666,43,0
12680.0,4,862.81,3.637884615384615,33,0
12681.0,22,13787.54,3.1529153605015674,267,1
12682.0,31,12288.22,3.7501523809523807,209,1
12683.0,15,8476.57,2.719156976744186,177,1
12684.0,7,2283.63,2.536,61,0
12685.0,6,2863.08,3.0710191082802547,117,0
12686.0,1,89.14,3.2585714285714285,7,0
12688.0,1,4873.81,4.124736842105263,171,1
12689.0,2,1247.61,2.8519444444444444,57,0
12690.0,1,389.01,5.526875,16,0
12691.0,6,1035.8,5.0359375,21,0
12693.0,4,855.91,5.44025641025641,35,0
12694.0,2,869.67,3.901621621621622,32,0
12695.0,4,582.1,4.785555555555556,23,0
12697.0,3,957.59,5.027560975609756,37,0
12700.0,4,4939.99,2.6198880597014926,193,1
12701.0,2,797.71,3.090754716981132,50,0
12702.0,1,219.0,5.441666666666666,12,0
12703.0,1,283.55,2.638095238095238,21,0
12704.0,8,2340.84,6.428409090909091,64,0
12705.0,9,6868.29,2.8610179640718565,228,1
12707.0,1,603.42,3.236666666666667,33,0
12708.0,10,2712.91,4.316433121019108,86,0
12709.0,15,9736.52,3.3240865384615383,93,1
12710.0,3,1149.02,2.718441558441558,75,0
12712.0,13,4396.13,6.379924812030075,58,0
12713.0,1,848.55,2.503421052631579,38,0
12714.0,5,4708.86,2.391891891891892,216,1
12715.0,1,353.86,3.401904761904762,20,0
12716.0,2,1053.49,2.665797101449275,60,0
12717.0,2,1030.98,4.670000000000001,49,0
12718.0,1,238.25,2.7221052631578946,19,0
12719.0,2,644.95,3.644871794871795,34,0
12720.0,25,5781.73,2.701581920903955,211,1
12721.0,6,2656.13,3.069751552795031,133,1
12722.0,4,997.63,3.6201886792452833,50,0
12723.0,5,725.07,3.2023188405797103,53,0
12724.0,4,1031.41,3.721132075471698,47,0
12725.0,1,427.8,4.104166666666667,24,0
12726.0,7,2609.1,2.106693548387097,57,0
12727.0,7,3980.7,3.2171223021582733,109,0
12728.0,4,836.33,4.669347826086956,38,0
12729.0,1,453.01,3.701538461538462,26,0
12731.0,12,18895.91,3.346167883211679,109,1
12732.0,1,236.26,3.5225000000000004,12,0
12733.0,1,383.95,3.372727272727273,22,0
12734.0,1,110.4,1.185,4,0
12735.0,2,779.5699999999999,5.416279069767441,38,0
12736.0,1,234.0,5.58,4,0
12738.0,1,155.35,3.95,11,0
12739.0,2,1013.04,4.008421052631578,38,0
12740.0,1,427.6,2.074074074074074,27,0
12743.0,2,546.43,3.038582089552239,114,0
12744.0,7,21279.29,58.33328828828829,178,1
12747.0,11,4196.01,4.367864077669903,42,0
12748.0,209,33719.73,2.656278563656148,1768,2
12749.0,5,4090.88,4.999949748743719,160,1
12750.0,1,275.88,4.62,15,0
12752.0,1,4366.78,2.2941509433962266,53,0
12753.0,6,21429.39,2.33736040609137,132,1
12754.0,3,3010.74,1.125079365079365,49,0
12755.0,2,3811.95,5.025,4,0
12756.0,1,112.07999999999998,0.7424999999999999,4,0
12757.0,13,7857.1,11.912641509433962,237,1
12758.0,2,2791.59,1.700618556701031,84,0
12759.0,3,1531.44,3.2154736842105267,81,0
12762.0,2,1898.52,2.736086956521739,62,0
12763.0,2,494.08,1.7716666666666667,16,0
12764.0,1,1693.88,5.387555555555555,45,0
12766.0,7,6989.63,3.070806451612903,205,1
12769.0,1,1143.6,4.45625,32,0
12770.0,1,1351.45,2.625,12,0
12772.0,1,892.47,3.700727272727272,55,0
12775.0,5,1386.04,3.880606060606061,47,0
12778.0,6,822.23,3.5094,40,0
12779.0,8,3981.36,3.654362416107383,88,0
12781.0,2,826.74,3.1308,25,0
12782.0,5,2330.92,3.805436893203883,81,0
12783.0,6,2225.91,12.22857142857143,76,0
12784.0,2,574.42,2.8015254237288136,54,0
12785.0,1,311.95,4.828571428571428,14,0
12787.0,3,463.66,3.998,17,0
12789.0,1,91.85,22.9625,4,0
12790.0,1,324.92,3.948571428571429,21,0
12791.0,1,192.6,8.425,2,0
12792.0,1,400.54,3.5096,25,0
12793.0,2,545.48,3.91,21,0
12794.0,2,860.41,2.077111111111111,43,0
12795.0,1,430.48,7.695,14,0
12797.0,1,254.03,5.143846153846154,13,0
12798.0,3,6977.04,1.0475,6,0
12802.0,1,427.58,2.52,25,0
12808.0,3,483.65,4.0460714285714285,27,0
12809.0,1,489.31,4.4092,25,0
12811.0,3,514.85,4.12258064516129,27,0
12812.0,1,229.64,2.0686666666666667,15,0
12814.0,1,125.92,20.895,2,0
12815.0,2,1063.46,5.401489361702128,38,0
12816.0,2,572.2,8.832758620689654,27,0
12817.0,1,166.04,12.0725,4,0
12818.0,1,1542.08,6.755,14,0
12820.0,4,942.34,1.904745762711864,55,0
12821.0,1,92.72,2.498333333333333,6,0
12822.0,2,948.88,2.692608695652174,41,0
12823.0,5,1759.5,7.65,1,0
12824.0,1,397.12,2.5356,25,0
12826.0,7,1474.72,1.927692307692308,58,0
12827.0,3,430.15,2.8680000000000003,19,0
12828.0,6,1018.71,3.09,46,0
12829.0,2,293.0,10.368181818181816,9,0
12830.0,6,6814.64,1.0863157894736843,13,0
12831.0,1,215.05,3.066666666666667,9,0
12832.0,2,383.03,2.928888888888889,27,0
12833.0,1,417.38,5.44125,24,0
12834.0,1,312.38,4.893888888888889,18,0
12836.0,4,2612.86,4.287828571428571,148,1
12837.0,1,134.1,6.745833333333334,12,0
12838.0,2,683.13,2.319756097560976,115,0
12839.0,14,5591.42,1.9202229299363056,95,1
12840.0,4,2726.77,2.035486725663717,67,0
12841.0,25,4022.35,2.395166666666667,229,1
12842.0,2,1118.99,4.33029411764706,34,0
12843.0,8,1702.26,3.513203883495146,69,0
12844.0,2,325.96000000000004,2.631153846153846,47,0
12845.0,4,354.09,2.7903703703703706,26,0
12847.0,1,871.54,1.3392307692307692,72,0
12849.0,2,1050.89,2.8945098039215686,47,0
12851.0,1,135.18,1.9466,43,0
12852.0,1,311.55,3.65,17,0
12853.0,6,1957.1,4.250512820512821,66,0
12854.0,3,1324.5,2.774636363636364,95,0
12855.0,1,38.1,1.55,3,0
12856.0,6,2179.93,2.543407643312102,155,1
12857.0,2,1106.4,4.142391304347826,37,0
12863.0,1,521.2,3.374,5,0
12864.0,1,147.12,0.6566666666666666,3,0
12865.0,2,1568.23,3.119157894736842,86,0
12866.0,1,559.12,4.4157692307692304,26,0
12867.0,7,4036.82,1.3313382899628252,240,1
12868.0,6,1607.0600000000002,2.611682242990654,72,0
12871.0,2,380.64,2.110909090909091,8,0
12872.0,2,599.97,2.4956060606060606,58,0
12873.0,1,374.0,4.0375,4,0
12875.0,2,343.2300000000001,0.17,1,0
12876.0,2,2218.02,2.2544705882352942,67,0
12877.0,12,1535.77,1.898896103896104,100,1
12878.0,2,854.99,2.0325531914893618,38,0
12879.0,3,573.22,1.832,7,0
12881.0,1,298.0,32.971428571428575,7,0
12882.0,2,1463.04,6.437692307692307,12,0
12883.0,4,703.47,5.926904761904762,39,0
12884.0,1,309.05,15.984285714285717,7,0
12885.0,3,1175.22,3.593098591549296,66,0
12886.0,2,1378.4,3.7206097560975615,75,0
12888.0,2,354.12,5.896,4,0
12890.0,1,380.47,1.8129268292682927,78,0
12891.0,3,331.0,0.3666666666666667,2,0
12893.0,1,188.14,2.2108823529411765,27,0
12895.0,2,372.8,3.222727272727273,22,0
12897.0,2,216.5,2.7,3,0
12901.0,28,17654.54,1.4663793103448275,30,1
12902.0,1,138.68,5.619,10,0
12904.0,2,509.58,3.085,59,0
12906.0,5,2919.81,2.551904761904762,55,0
12908.0,2,750.0,0.625,1,0
12909.0,5,2178.67,6.763956043956044,78,0
12910.0,8,3075.04,2.0928,48,0
12912.0,5,1662.3,2.7191666666666667,17,0
12913.0,5,2483.63,2.9248000000000003,37,0
12915.0,2,363.65,6.788636363636363,19,0
12916.0,4,3006.15,4.126635514018692,53,0
12917.0,1,594.0,4.95,2,0
12919.0,6,1335.19,2.6044,34,0
12920.0,1,164.23,3.841071428571429,27,0
12921.0,37,16587.09,2.3401944444444447,233,1
12922.0,1,405.38,1.627857142857143,28,0
12923.0,1,176.97,2.936551724137931,28,0
12924.0,4,933.7,3.188333333333333,22,0
12925.0,2,694.05,2.310222222222222,42,0
12928.0,5,2062.7000000000003,1.942619047619048,59,0
12929.0,1,117.85,7.11875,8,0
12930.0,2,415.8,2.9948,20,0
12931.0,15,42055.96,1.701707317073171,28,1
12933.0,3,607.53,2.646981132075472,102,0
12935.0,7,2160.7,2.032325581395349,80,0
12936.0,4,1063.9,2.033225806451613,56,0
12937.0,4,1504.27,2.371666666666667,81,0
12938.0,1,114.14,1.271111111111111,9,0
12939.0,8,11581.8,2.403404255319149,21,0
12940.0,2,913.54,3.8207070707070714,87,0
12942.0,3,683.9,4.137866666666668,68,0
12944.0,2,604.51,3.1886666666666668,29,0
12945.0,1,462.95,4.95,23,0
12947.0,6,1603.99,3.270309278350515,83,0
12948.0,7,2064.95,2.932758620689655,82,0
12949.0,8,4167.22,2.878651162790697,166,1
12950.0,3,1843.0,1.3891304347826086,13,0
12951.0,6,1064.07,3.006031746031746,53,0
12952.0,4,1387.79,4.062658227848101,64,0
12953.0,1,329.85,6.647058823529412,17,0
12955.0,11,4757.16,1.6899444444444445,81,1
12956.0,1,108.07,4.365263157894737,19,0
12957.0,8,4017.54,2.817563025210084,208,1
12962.0,2,266.39,2.985625,15,0
12963.0,8,1856.63,3.294842105263158,75,0
12965.0,1,771.91,3.663853211009175,108,0
12966.0,1,160.18,3.4230000000000005,10,0
12967.0,2,1660.9,6.476315789473684,19,0
12968.0,1,135.95,3.29,5,0
12970.0,4,452.24,2.0307947019867547,116,0
12971.0,86,11189.91,2.310327868852459,94,1
12974.0,1,144.8,7.7,8,0
12976.0,1,738.6,1.5345454545454544,22,0
12977.0,1,39.24,4.23,9,0
12980.0,9,7374.900000000001,15.904500000000002,6,0
12981.0,2,372.22,1.6235,12,0
12982.0,1,390.54,1.8478571428571429,28,0
12984.0,1,97.5,3.85,4,0
12985.0,2,1239.38,1.914342105263158,73,0
12987.0,2,558.7,6.110714285714286,27,0
12988.0,1,535.32,4.110217391304348,75,0
12989.0,15,6924.110000000001,3.1915625,41,1
12990.0,3,409.5,2.05,8,0
12991.0,2,503.76,2.3067741935483874,31,0
12993.0,4,414.76,2.1377777777777776,26,0
12994.0,3,974.42,4.212459016393442,52,0
12995.0,1,211.32,1.9566666666666668,3,0
12997.0,4,1226.89,3.294237288135593,45,0
12999.0,3,455.88,2.549285714285714,25,0
13000.0,3,534.85,3.0125806451612904,30,0
13001.0,13,9818.82,2.419882005899705,166,1
13002.0,1,120.95,2.821428571428572,7,0
13003.0,3,149.05,2.25,4,0
13004.0,18,5655.91,2.0111633663366337,277,1
13005.0,2,513.7,5.117307692307692,21,0
13006.0,1,81.57,5.295,4,0
13008.0,1,229.47,1.7342857142857144,14,0
13011.0,1,50.55,4.216666666666667,3,0
13012.0,8,1661.84,3.2319101123595506,67,0
13013.0,13,4810.9400000000005,3.163470319634703,155,1
13014.0,10,3466.28,5.255229357798165,67,0
13015.0,5,3346.28,5.035568181818181,156,1
13016.0,3,789.89,3.173191489361702,39,0
13017.0,1,204.0,4.25,1,0
13018.0,28,7277.7,2.1802183406113538,313,1
13021.0,9,2616.38,3.812290076335878,101,1
13023.0,2,689.9,4.5525,36,0
13026.0,5,975.36,0.6757500000000001,32,0
13027.0,6,6912.0,0.4,6,0
13028.0,2,661.3199999999999,1.014,40,0
13029.0,3,1247.5,7.388,8,0
13030.0,2,799.48,3.17989898989899,76,0
13032.0,2,1010.18,3.81943661971831,55,0
13033.0,1,190.55,2.640909090909091,11,0
13034.0,2,642.77,2.3721621621621622,37,0
13035.0,2,921.88,1.821851851851852,23,0
13037.0,3,881.07,3.8214583333333336,44,0
13038.0,3,908.46,2.7582142857142857,24,0
13040.0,2,676.99,2.8039534883720934,38,0
13043.0,1,516.42,5.680000000000001,13,0
13044.0,1,560.47,3.258787878787879,33,0
13045.0,1,305.28000000000003,1.5705555555555557,18,0
13046.0,2,629.31,6.142857142857143,33,0
13047.0,10,3237.54,3.9320348837209305,106,1
13048.0,4,1835.91,1.8322058823529408,77,0
13049.0,2,656.6800000000001,3.9335714285714287,14,0
13050.0,17,5836.86,2.9888833746898262,246,1
13052.0,1,348.15000000000003,3.2938888888888886,18,0
13055.0,3,1214.41,2.471052631578948,74,0
13058.0,3,271.40000000000003,5.825,5,0
13059.0,1,183.4,5.21875,8,0
13060.0,1,307.53,3.982666666666667,15,0
13061.0,1,248.61,3.403,10,0
13062.0,1,346.98,6.819090909090908,11,0
13064.0,4,1119.49,3.555217391304348,51,0
13065.0,1,205.86,5.222142857142857,14,0
13066.0,2,470.8,3.1733333333333333,48,0
13067.0,1,115.46,3.86,14,0
13068.0,2,344.0,1.72,1,0
13069.0,24,4436.12,1.705764705882353,281,1
13070.0,1,228.8,2.08,9,0
13072.0,1,177.15,3.3500000000000005,7,0
13075.0,1,919.61,2.0395454545454546,22,0
13077.0,4,729.27,1.7558035714285716,99,0
13078.0,26,12627.94,3.957430167597765,95,1
13079.0,5,220.1,4.166666666666667,2,0
13080.0,1,58.08,0.5783333333333333,6,0
13081.0,11,28337.38,2.3001953125,503,1
13082.0,9,3613.63,2.968767123287672,63,0
13083.0,2,303.75,3.4066666666666667,15,0
13085.0,2,416.08,4.003636363636364,17,0
13089.0,97,58825.83,2.737816281628163,636,2
13090.0,14,8910.82,4.534516129032259,98,1
13091.0,1,345.82,0.9933333333333332,21,0
13092.0,5,477.83,5.018,19,0
13093.0,8,7832.47,3.273647798742138,97,1
13094.0,12,1927.32,1.2525000000000002,4,0
13095.0,1,74.39999999999999,0.6933333333333334,6,0
13097.0,10,6010.42,4.244113475177305,214,1
13098.0,28,28882.44,2.7601223776223778,156,1
13099.0,1,207.36,0.72,1,0
13101.0,1,101.19,2.9675,8,0
13102.0,24,6424.09,2.5820394736842105,140,1
13103.0,1,243.94,3.9675,8,0
13104.0,6,1098.48,2.1715,14,0
13106.0,1,76.5,4.25,1,0
13107.0,4,1531.62,1.7613793103448274,54,0
13108.0,1,350.06,1.752,10,0
13109.0,2,786.54,2.6465957446808512,41,0
13110.0,7,1488.67,4.7364137931034485,109,0
13113.0,24,12245.96,3.45205,95,1
13115.0,4,2294.78,2.5445,88,0
13116.0,1,501.14,4.5216666666666665,30,0
13117.0,8,984.91,2.4343421052631578,66,0
13118.0,5,1197.81,3.588354430379747,68,0
13120.0,1,30.6,2.55,1,0
13121.0,1,283.73,1.6888,50,0
13122.0,2,922.39,2.6365454545454545,54,0
13124.0,3,3866.33,3.323489361702128,185,1
13126.0,8,2099.64,2.100142857142857,124,1
13127.0,1,259.17,2.885333333333333,15,0
13130.0,1,64.0,2.25,2,0
13131.0,3,1073.3,3.1161363636363637,30,0
13132.0,1,77.3,4.933333333333334,3,0
13133.0,2,109.8,5.342857142857143,7,0
13134.0,4,1793.58,3.113163265306122,94,0
13135.0,1,3096.0,0.72,1,0
13136.0,5,2607.61,2.843937007874016,94,0
13137.0,8,3650.41,1.915241477272727,345,1
13138.0,6,962.39,2.8215873015873014,31,0
13139.0,7,5064.94,3.541235294117647,132,1
13140.0,3,423.72,2.9486956521739134,40,0
13141.0,5,2388.75,2.202444444444444,113,0
13142.0,1,307.09,2.9969565217391305,23,0
13144.0,1,110.95,6.216666666666666,3,0
13145.0,4,618.52,51.71,5,0
13146.0,1,228.91,2.027058823529412,16,0
13147.0,4,712.8000000000001,4.95,1,0
13148.0,12,3707.12,3.467742946708464,231,1
13149.0,4,1676.06,2.881860465116279,76,0
13151.0,1,1257.87,5.689324324324324,73,0
13153.0,1,486.22,1.278,15,0
13155.0,4,971.76,2.912,67,0
13157.0,4,1741.22,1.8683908045977011,69,0
13158.0,4,1201.06,2.0106329113924053,59,0
13159.0,4,1437.85,2.7321487603305785,114,0
13160.0,1,91.8,3.025,4,0
13161.0,1,112.75,4.8625,8,0
13162.0,4,1688.29,1.4626582278481013,74,0
13165.0,2,1021.48,0.800952380952381,40,0
13166.0,1,417.2,2.3914634146341465,39,0
13167.0,4,791.33,2.9483076923076923,51,0
13168.0,4,1319.19,3.165267175572519,102,0
13169.0,2,712.88,3.782307692307693,11,0
13170.0,1,116.01,1.54625,29,0
13171.0,3,468.41,4.0445652173913045,37,0
13173.0,2,353.65,2.6467441860465115,41,0
13174.0,3,2817.03,3.3874840764331213,228,1
13176.0,1,492.84,2.7775,66,0
13177.0,1,282.45,3.514705882352941,17,0
13178.0,11,5725.47,2.046566037735849,95,1
13182.0,1,121.18,0.6854545454545454,11,0
13183.0,9,3957.78,2.032659574468085,51,0
13184.0,10,1701.29,1.8393922651933703,138,1
13185.0,1,71.4,5.95,1,0
13186.0,3,1575.89,3.2486075949367086,69,0
13187.0,1,236.02,3.765405405405405,37,0
13188.0,1,114.6,9.575,2,0
13189.0,2,260.68,0.3917241379310344,29,0
13192.0,2,911.94,2.6287301587301584,57,0
13193.0,1,117.88,2.870344827586207,22,0
13194.0,1,60.7,2.65,3,0
13196.0,4,1797.78,2.5078181818181817,97,0
13198.0,6,3401.24,2.379336283185841,199,1
13199.0,38,9817.12,2.6299159663865543,48,1
13200.0,4,870.09,3.375652173913044,42,0
13203.0,4,869.46,2.3040350877192983,56,0
13207.0,2,250.26,2.29125,7,0
13208.0,6,1223.9,2.338456375838926,124,0
13209.0,8,5891.61,2.2679127725856696,255,1
13210.0,1,353.48,1.5118181818181815,22,0
13211.0,3,1197.42,1.4396428571428572,45,0
13212.0,3,788.08,3.745211267605634,128,0
13213.0,5,1520.58,2.721,82,0
13216.0,1,333.74,1.448,5,0
13217.0,3,533.98,2.38,3,0
13218.0,1,62.63999999999999,0.93,5,0
13220.0,4,819.2900000000001,4.531904761904762,18,0
13221.0,2,847.41,5.01439393939394,62,0
13223.0,2,163.20000000000002,1.96,5,0
13224.0,2,2155.95,2.3142592592592592,101,0
13225.0,7,6463.84,2.3603125,23,0
13226.0,1,108.21,2.711875,16,0
13227.0,1,257.7,2.6,9,0
13228.0,1,358.0,1.79,2,0
13229.0,1,160.95,4.0600000000000005,10,0
13230.0,14,2806.97,2.399050736497545,393,1
13232.0,7,1357.6,3.2770531400966183,147,1
13233.0,2,605.12,0.737906976744186,43,0
13235.0,1,1031.07,2.7143103448275863,53,0
13236.0,2,744.85,4.0344444444444445,34,0
13238.0,4,700.73,4.110645161290323,20,0
13239.0,1,329.56,1.590952380952381,21,0
13240.0,4,663.65,3.3132835820895523,59,0
13242.0,3,270.40000000000003,2.08,12,0
13243.0,1,600.07,3.617413793103448,56,0
13244.0,1,121.74,3.747777777777778,27,0
13245.0,1,430.5,6.23125,16,0
13246.0,6,1987.3,1.851418439716312,110,0
13247.0,4,501.12,2.1076,18,0
13248.0,2,465.68,2.6873076923076926,25,0
13249.0,3,711.41,3.430869565217391,21,0
13253.0,2,1030.4,1.1419444444444444,35,0
13255.0,2,399.51,4.96,13,0
13258.0,3,698.58,3.663684210526316,28,0
13259.0,1,292.32,2.308390804597701,77,0
13260.0,1,557.62,4.9675,8,0
13261.0,2,944.1,5.488888888888889,8,0
13262.0,1,200.29,3.092727272727273,11,0
13263.0,35,7454.07,2.2423792486583185,450,1
13265.0,5,2107.66,2.3726373626373625,66,0
13266.0,12,3834.26,1.9028877005347595,82,1
13267.0,19,4521.49,3.5107582938388626,88,1
13268.0,11,3214.69,1.5559545454545454,257,1
13269.0,15,5346.2300000000005,2.545474683544304,177,1
13270.0,1,590.0,2.95,1,0
13271.0,1,217.38,1.1966666666666663,79,0
13272.0,2,276.56,5.339333333333333,15,0
13273.0,1,138.98,1.298125,16,0
13276.0,2,590.9300000000001,5.097666666666667,30,0
13277.0,4,258.4,1.45,5,0
13278.0,1,542.73,1.9269565217391305,46,0
13279.0,1,137.75,2.603333333333333,9,0
13280.0,3,814.86,2.6203529411764706,67,0
13282.0,3,1132.14,4.676216216216217,29,0
13283.0,2,93.66,1.3071428571428572,7,0
13284.0,1,201.19,4.397692307692308,13,0
13285.0,4,2709.12,2.134866310160428,157,1
13291.0,1,361.11,2.6642857142857146,41,0
13292.0,2,578.9399999999999,3.7332258064516126,29,0
13294.0,2,873.74,3.6888888888888887,48,0
13295.0,1,201.2,3.49,10,0
13296.0,1,87.4,2.408,5,0
13297.0,4,2089.85,2.977966101694915,52,0
13298.0,1,360.0,3.75,2,0
13299.0,1,142.5,4.75,5,0
13300.0,1,371.89,2.3865,20,0
13301.0,4,618.09,2.637654320987654,75,0
13302.0,1,63.75,12.75,1,0
13304.0,1,300.42,3.161904761904762,21,0
13305.0,10,2000.86,3.362098765432098,50,0
13307.0,1,15.0,3.75,1,0
13308.0,3,1385.51,3.0190740740740742,49,0
13309.0,5,1456.79,1.6181308411214952,82,0
13310.0,3,1132.03,3.248055555555556,65,0
13311.0,2,598.57,4.120769230769231,25,0
13313.0,5,1555.32,2.132307692307692,47,0
13314.0,3,775.94,3.187903225806452,55,0
13316.0,4,5977.7300000000005,2.504022988505747,66,0
13317.0,6,2273.68,4.001209677419355,100,0
13318.0,3,640.76,2.857,14,0
13319.0,26,10845.55,3.273970588235294,209,1
13320.0,4,1548.7,1.8131132075471696,77,0
13321.0,2,567.36,2.1245454545454545,10,0
13322.0,1,199.48,2.7704000000000004,25,0
13323.0,5,787.85,4.55,6,0
13324.0,10,7121.95,2.7862666666666667,25,0
13325.0,1,675.3,3.0283333333333338,12,0
13327.0,8,3627.77,2.772222222222222,74,0
13328.0,1,1308.48,1.8776470588235288,17,0
13329.0,2,789.0,2.2535294117647062,16,0
13330.0,3,1140.93,2.020377358490566,37,0
13332.0,1,350.9,3.0352380952380957,21,0
13334.0,3,3536.82,2.926119402985075,207,1
13336.0,1,795.12,2.5023529411764707,51,0
13338.0,1,487.02,6.575263157894737,19,0
13339.0,1,860.12,5.235555555555556,54,0
13340.0,7,10736.48,2.760223880597015,128,1
13341.0,1,775.85,4.182142857142857,42,0
13343.0,1,353.43,6.25421052631579,19,0
13344.0,3,2543.72,5.008487394957983,115,0
13345.0,1,389.5,5.6450000000000005,20,0
13347.0,1,341.36,7.52,8,0
13348.0,1,233.76,2.205714285714285,14,0
13349.0,1,247.32,4.02625,16,0
13350.0,2,979.12,8.31575,36,0
13351.0,1,373.94,6.498125,16,0
13352.0,1,397.98,3.779583333333333,24,0
13354.0,1,743.53,1.848627450980392,51,0
13355.0,1,674.7,2.7259375,32,0
13356.0,1,768.24,4.316190476190476,42,0
13357.0,1,609.95,2.9174444444444445,85,0
13358.0,1,439.03,5.006551724137931,29,0
13359.0,1,439.56,5.8,23,0
13362.0,4,3090.74,3.499277108433735,128,0
13363.0,2,992.5,3.8373333333333335,47,0
13364.0,1,134.95999999999998,2.598,10,0
13365.0,2,2225.37,3.115703125,122,0
13366.0,1,56.16,0.39,1,0
13368.0,2,623.4,4.917586206896552,29,0
13369.0,1,308.28000000000003,6.5442857142857145,14,0
13370.0,1,754.87,3.7279487179487183,39,0
13372.0,1,378.64,6.020434782608696,23,0
13373.0,3,3312.25,3.27006329113924,135,0
13375.0,1,778.65,3.137567567567568,37,0
13376.0,3,1019.76,5.379811320754717,45,0
13379.0,3,572.56,1.7503092783505154,85,0
13381.0,6,3639.31,3.0504069767441857,77,0
13382.0,1,222.99,2.752,15,0
13384.0,7,4151.93,3.173223684210526,123,1
13385.0,1,534.57,4.533142857142857,35,0
13388.0,2,677.1,4.560857142857143,35,0
13389.0,3,797.96,3.844901960784314,50,0
13390.0,1,544.08,3.060769230769231,13,0
13391.0,1,59.8,14.95,1,0
13394.0,8,2520.02,1.638,124,1
13395.0,1,307.72,2.7238095238095235,21,0
13396.0,2,1360.99,3.894883720930233,42,0
13397.0,5,1544.13,4.0,28,0
13398.0,1,457.34,3.4296153846153845,26,0
13402.0,2,621.23,1.97974358974359,32,0
13403.0,1,75.0,2.9166666666666665,3,0
13404.0,2,252.49,2.900909090909091,11,0
13405.0,3,572.451,5.427814814814814,25,0
13408.0,62,28117.04,2.439100418410042,234,1
13410.0,5,1003.06,2.440714285714286,15,0
13411.0,1,213.55,3.263888888888889,17,0
13414.0,3,1390.5,1.8404166666666668,23,0
13416.0,2,712.5,5.455263157894737,11,0
13417.0,2,640.83,6.356428571428571,26,0
13418.0,18,6127.43,2.9381578947368423,223,1
13419.0,1,221.06,1.011875,16,0
13420.0,2,159.85,3.5425,8,0
13421.0,2,1851.08,2.088461538461538,88,0
13422.0,1,2626.3,3.0306299212598424,127,0
13425.0,3,1624.21,2.634102564102564,66,0
13426.0,10,3641.32,1.8858598726114648,103,1
13427.0,3,582.6,1.65,25,0
13428.0,1,218.47,1.9724324324324325,70,0
13429.0,4,1006.8,1.2207462686567163,55,0
13430.0,2,679.45,1.6575510204081632,48,0
13431.0,2,1269.1,3.2167391304347825,44,0
13434.0,2,534.24,1.652,9,0
13435.0,7,3809.89,2.935247524752475,68,0
13436.0,1,196.89,5.829999999999999,12,0
13437.0,7,3408.06,4.888982035928144,143,1
13439.0,1,283.71,1.7253703703703704,54,0
13441.0,1,296.64,1.926153846153846,13,0
13447.0,3,1129.14,3.139830508474576,55,0
13448.0,6,3539.37,3.182205128205128,137,1
13449.0,1,291.88,1.924736842105263,19,0
13450.0,6,2043.72,1.5401408450704224,32,0
13451.0,5,2976.15,2.1018284424379234,315,1
13452.0,2,590.0,295.0,1,0
13453.0,2,356.98,4.546470588235294,16,0
13455.0,2,1058.34,4.624347826086956,42,0
13456.0,6,1766.72,3.458730158730159,43,0
13458.0,14,9646.57,2.4352356020942407,242,1
13460.0,2,183.44,1.06,16,0
13461.0,3,1445.0,1.5685185185185186,14,0
13462.0,1,151.5,3.388888888888889,9,0
13464.0,1,674.68,3.205609756097561,41,0
13466.0,1,307.9,2.841764705882353,17,0
13467.0,2,1083.71,2.731818181818182,89,0
13468.0,37,5704.97,4.103245033112583,184,1
13470.0,2,165.0,1.65,7,0
13471.0,4,2531.58,2.507538461538461,214,1
13473.0,2,422.64,3.728095238095238,21,0
13474.0,1,229.59,2.32265625,59,0
13475.0,4,1431.78,2.8886046511627907,64,0
13476.0,2,1238.47,8.79551724137931,56,0
13477.0,6,1454.58,2.530886075949367,57,0
13479.0,2,300.95,4.6466666666666665,14,0
13481.0,5,1804.56,2.2855963302752293,98,0
13482.0,1,184.64,2.439090909090909,11,0
13483.0,1,140.34,1.0559999999999998,10,0
13484.0,1,313.8,7.5,8,0
13485.0,1,454.24,2.425217391304348,23,0
13486.0,3,1122.41,2.91,69,0
13487.0,3,575.4,4.451176470588235,26,0
13488.0,13,8968.31,3.4669194312796208,271,1
13489.0,4,449.52,1.417142857142857,11,0
13491.0,10,1215.82,3.372093023255814,73,0
13492.0,3,1269.84,4.5016,38,0
13493.0,2,618.63,12.89625,6,0
13494.0,1,316.26000000000005,3.665,18,0
13495.0,5,2044.87,2.5783333333333336,34,0
13496.0,2,653.33,3.108285714285714,28,0
13497.0,2,348.05,2.973684210526316,19,0
13499.0,5,1159.11,2.131666666666667,31,0
13500.0,3,1166.77,3.627076923076923,60,0
13501.0,1,1340.32,3.732115384615384,52,0
13502.0,3,292.0,1.7977777777777777,17,0
13503.0,1,216.85,2.1811764705882357,17,0
13504.0,1,295.93,3.7018181818181817,22,0
13505.0,4,4393.63,3.2970232558139534,182,1
13506.0,2,458.52,2.8611538461538464,26,0
13507.0,4,2479.16,3.3541975308641976,146,1
13508.0,1,110.97,5.1925,12,0
13509.0,7,979.72,1.3643181818181818,27,0
13510.0,4,1791.56,2.385913043478261,86,0
13512.0,1,251.21,4.1353333333333335,15,0
13513.0,1,205.1,3.685,10,0
13514.0,1,152.20000000000002,4.175000000000001,4,0
13515.0,4,891.12,2.1654237288135594,50,0
13516.0,3,1389.41,2.9477272727272723,43,0
13517.0,3,2128.42,2.921631205673759,125,0
13518.0,1,659.4399999999999,2.7518421052631576,36,0
13519.0,1,122.75,6.34375,8,0
13520.0,6,3624.35,4.549462365591398,49,0
13521.0,3,1093.65,1.8141743119266056,313,1
13522.0,1,125.8,3.2700000000000005,5,0
13523.0,5,3964.88,6.2013372093023245,157,1
13524.0,5,680.1800000000001,3.4651851851851854,17,0
13525.0,2,628.78,3.901666666666667,5,0
13527.0,7,2287.51,2.858340807174888,153,1
13529.0,2,307.76,5.598666666666667,15,0
13531.0,2,483.8,4.539545454545455,17,0
13532.0,1,210.31,2.223181818181818,66,0
13533.0,3,270.79,1.9332894736842103,61,0
13534.0,25,5870.08,2.811013513513514,119,1
13536.0,7,3448.29,3.2182681564245814,91,0
13538.0,7,1280.85,7.4764,10,0
13539.0,3,631.34,4.195135135135135,35,0
13544.0,2,291.41,2.943448275862069,76,0
13546.0,3,626.99,2.204285714285714,72,0
13548.0,2,682.41,2.8149193548387097,114,0
13549.0,7,918.2,3.5321568627450985,37,0
13551.0,1,91.8,7.65,4,0
13552.0,12,3740.07,3.911284403669725,82,1
13555.0,4,4149.28,2.388235294117647,128,0
13557.0,2,584.06,1.4773529411764703,31,0
13558.0,4,605.06,2.2094857142857145,123,0
13560.0,1,174.37,2.9854545454545454,32,0
13561.0,1,141.86,3.5464285714285717,14,0
13562.0,3,1799.33,3.83719512195122,50,0
13563.0,2,777.53,8.512857142857143,49,0
13564.0,3,1749.02,10.248795180722892,68,0
13565.0,2,240.22,1.7186842105263158,35,0
13566.0,2,874.71,1.8909090909090909,134,0
13568.0,1,192.85,3.001136363636364,41,0
13569.0,2,373.75,3.1531764705882352,73,0
13570.0,1,239.49,2.102592592592593,27,0
13571.0,12,2092.32,1.7267741935483871,157,1
13572.0,1,1384.25,4.502424242424243,32,0
13573.0,2,294.4,3.5473076923076925,24,0
13575.0,5,732.0699999999999,2.1478260869565218,41,0
13576.0,18,6717.34,3.223492063492064,78,1
13577.0,4,1687.6,3.086987951807229,61,0
13579.0,2,467.04,4.260434782608695,19,0
13581.0,1,118.0,4.48,10,0
13583.0,1,781.03,2.0120754716981133,53,0
13584.0,1,142.4,4.164583333333333,24,0
13587.0,1,712.4,6.63625,8,0
13588.0,9,2478.95,1.376494252873563,131,1
13589.0,2,379.65,6.701428571428571,21,0
13590.0,6,1981.92,1.8458620689655167,70,0
13591.0,3,1117.13,3.979310344827586,56,0
13592.0,4,247.96,6.26,15,0
13593.0,5,2037.08,4.3735156250000005,77,0
13594.0,1,396.97,1.5953846153846152,26,0
13596.0,2,697.04,2.282951807228916,133,0
13598.0,1,180.17,3.3560000000000003,33,0
13599.0,21,5153.67,2.7971659919028338,171,1
13600.0,1,219.52,3.0642105263157893,19,0
13601.0,2,693.32,1.8624242424242423,90,0
13602.0,1,428.89,2.0608695652173914,23,0
13603.0,1,164.34,2.111851851851852,27,0
13606.0,3,280.54,2.2688372093023257,40,0
13607.0,1,678.01,3.150612244897959,93,0
13610.0,7,1131.88,2.878982300884956,165,1
13611.0,3,1171.8,2.35472972972973,67,0
13614.0,4,1610.46,3.7748756218905473,171,1
13615.0,1,417.69,3.387391304347826,23,0
13617.0,3,544.18,2.789772727272727,31,0
13618.0,1,177.34,1.0353846153846151,13,0
13621.0,1,213.85,1.1289473684210527,19,0
13623.0,5,747.78,3.594444444444444,75,0
13626.0,1,257.23,2.1405263157894736,19,0
13627.0,5,1638.47,2.9745652173913046,84,0
13629.0,11,7792.36,2.3242372881355933,28,0
13630.0,7,2031.78,2.003098591549296,51,0
13631.0,11,3070.42,6.16090909090909,6,0
13632.0,5,2121.27,3.173561643835616,121,0
13634.0,5,1575.16,3.3305851063829786,156,1
13635.0,1,1071.03,2.405806451612903,62,0
13636.0,5,949.12,3.785396825396825,57,0
13637.0,3,810.5,2.365841584158416,79,0
13638.0,1,122.64,2.9925,8,0
13639.0,1,1033.34,1.443,39,0
13642.0,1,354.8,3.251212121212121,57,0
13643.0,3,519.44,2.394642857142857,24,0
13644.0,4,2624.26,3.043013698630137,144,1
13645.0,1,252.1,3.37,5,0
13647.0,4,1678.12,3.3203797468354432,65,0
13649.0,2,346.6,3.191304347826087,23,0
13650.0,6,1836.34,3.1525,79,0
13651.0,2,94.2,6.058333333333334,6,0
13652.0,3,1095.08,3.123333333333333,48,0
13654.0,6,2707.33,2.526686746987952,157,1
13655.0,2,932.97,3.3296428571428573,52,0
13656.0,2,379.65,1.7189795918367348,49,0
13657.0,2,382.14,2.993125,16,0
13658.0,5,2639.17,4.0226851851851855,91,0
13659.0,2,1573.2,3.829134615384616,92,0
13662.0,3,897.76,3.28,50,0
13663.0,1,189.47,4.5,13,0
13666.0,3,84.65,3.7416666666666663,12,0
13667.0,1,305.02,2.4348275862068967,82,0
13668.0,21,6363.59,2.976063829787234,284,1
13669.0,2,218.55,2.7511111111111117,9,0
13670.0,1,349.7,1.8768,25,0
13672.0,2,186.39,4.463333333333334,4,0
13673.0,2,396.92,3.301846153846154,47,0
13675.0,2,486.8200000000001,1.9028,25,0
13678.0,1,232.6,0.39375,16,0
13680.0,4,3722.42,2.205230769230769,164,1
13681.0,4,827.83,2.902456140350877,37,0
13682.0,1,59.5,7.083333333333333,3,0
13684.0,1,67.23,1.7446666666666668,29,0
13685.0,7,3119.44,0.7007692307692308,29,0
13686.0,1,72.0,1.1625,8,0
13689.0,1,910.0,1.7,6,0
13690.0,1,172.25,5.972222222222222,9,0
13692.0,3,1488.32,2.598490566037736,48,0
13694.0,50,65039.62,1.5689964788732396,366,2
13695.0,15,2504.13,2.646888888888889,46,0
13697.0,1,151.29999999999998,1.393333333333333,12,0
13699.0,1,308.58000000000004,6.306428571428572,14,0
13700.0,10,2265.12,1.585736040609137,139,1
13703.0,1,99.5,9.95,1,0
13704.0,9,2308.06,3.328805970149254,111,1
13705.0,3,711.86,7.608571428571427,25,0
13706.0,1,330.79,2.774,20,0
13707.0,2,806.41,4.463333333333334,48,0
13708.0,1,296.88,2.057450980392157,49,0
13709.0,13,6328.05,3.551071428571429,244,1
13710.0,1,180.48,1.16625,8,0
13711.0,2,252.06,3.78,11,0
13712.0,1,228.84,1.235,10,0
13715.0,5,1079.34,2.284761904761905,89,0
13716.0,1,138.28,1.4195238095238094,21,0
13717.0,6,1445.01,2.04343137254902,92,0
13718.0,2,306.55,5.529166666666666,9,0
13719.0,5,1041.68,3.266,56,0
13720.0,4,799.9,3.17906976744186,42,0
13721.0,1,524.14,2.8510714285714287,28,0
13722.0,3,2375.41,2.8843529411764703,75,0
13723.0,1,199.85,5.283333333333333,6,0
13725.0,8,1980.56,4.336057692307692,95,0
13726.0,2,1079.66,1.076190476190476,39,0
13727.0,2,333.48,2.941,19,0
13728.0,6,1016.14,5.451746031746032,38,0
13730.0,2,752.6,3.238139534883721,38,0
13731.0,2,610.59,4.289473684210527,36,0
13732.0,1,491.86,1.58,33,0
13735.0,4,2885.24,4.036377551020408,158,1
13736.0,2,731.9,2.177696335078534,166,1
13737.0,1,339.6,3.848666666666667,29,0
13739.0,1,216.9,5.483333333333333,3,0
13740.0,1,350.75,1.5960869565217393,23,0
13741.0,3,668.4300000000001,5.225588235294118,34,0
13742.0,12,3131.02,4.103551401869159,200,1
13743.0,7,1341.6,1.1202439024390245,8,0
13744.0,2,1156.36,1.7072222222222222,54,0
13745.0,1,300.04,0.6456000000000001,25,0
13747.0,1,79.6,9.95,1,0
13748.0,5,948.25,3.996428571428571,24,0
13750.0,5,1647.26,5.020416666666667,20,0
13751.0,1,296.25,3.53,9,0
13752.0,6,1186.28,3.0701315789473687,64,0
13753.0,1,741.26,1.7942857142857145,35,0
13754.0,2,282.6,2.3375,11,0
13755.0,9,2161.35,3.0728947368421053,232,1
13756.0,14,5189.52,2.7371126760563382,66,1
13758.0,7,3190.55,3.287948717948718,104,0
13759.0,2,659.4100000000001,3.3628,24,0
13760.0,2,286.79,1.984561403508772,50,0
13761.0,2,1070.65,2.949428571428572,68,0
13762.0,1,306.72,1.26,7,0
13763.0,1,1714.96,2.598,15,0
13764.0,3,1521.76,2.723990384615385,183,1
13767.0,37,17220.36,3.713532608695652,55,1
13769.0,10,2796.51,3.727777777777778,73,0
13771.0,4,2634.45,2.6267226890756303,114,0
13772.0,3,1132.13,2.463898305084746,141,0
13774.0,1,345.0,3.290909090909091,22,0
13777.0,33,25977.16,2.269137055837563,36,1
13778.0,1,178.7,3.3,9,0
13780.0,2,360.01,2.5831578947368423,56,0
13781.0,1,127.84,4.557058823529411,17,0
13782.0,6,912.0,3.508521739130435,96,0
13784.0,11,2462.79,2.6380645161290324,9,0
13786.0,1,230.4,1.8928571428571428,7,0
13787.0,2,309.04,2.4777419354838712,24,0
13790.0,1,348.8,0.7717777777777777,45,0
13791.0,2,1516.0,1.2463636363636363,7,0
13792.0,2,195.55,3.5461538461538464,13,0
13798.0,57,37153.85,2.1165329512893982,113,1
13799.0,2,688.86,2.1302564102564103,32,0
13800.0,1,558.32,2.553939393939394,33,0
13801.0,1,324.8,3.954347826086957,23,0
13802.0,3,4599.42,2.6631666666666667,55,0
13803.0,1,277.07,2.922941176470588,17,0
13804.0,7,2635.79,3.0835036496350363,124,1
13805.0,2,924.6,0.5930769230769231,10,0
13806.0,1,256.38,5.233,10,0
13807.0,1,112.6,5.15,7,0
13808.0,5,1747.66,3.753157894736842,70,0
13809.0,1,155.05,7.108333333333333,11,0
13810.0,3,1499.01,21.278,32,0
13811.0,3,814.5,26.25,7,0
13812.0,3,539.0,3.586111111111111,33,0
13813.0,4,1366.86,4.282608695652174,54,0
13814.0,2,1579.12,3.020701754385965,37,0
13815.0,4,4027.36,2.566875,132,0
13816.0,2,571.6700000000001,4.742142857142857,25,0
13817.0,2,382.98,3.219583333333333,20,0
13819.0,3,1140.35,2.003611111111111,26,0
13821.0,2,385.64,3.2916949152542374,51,0
13822.0,2,632.0,1.7905208333333331,90,0
13823.0,2,957.66,3.9205,39,0
13824.0,5,1698.94,2.7528260869565218,34,0
13826.0,1,189.5,5.73,10,0
13827.0,3,412.05,3.7441935483870967,83,0
13828.0,1,209.49,1.9046666666666667,15,0
13831.0,6,2202.99,3.957432432432433,58,0
13832.0,1,52.2,2.283333333333333,3,0
13833.0,1,384.8,4.9,28,0
13835.0,4,834.57,3.2005454545454546,48,0
13837.0,2,271.24,2.1978947368421053,17,0
13838.0,4,691.73,3.102528735632184,144,0
13841.0,1,85.0,0.85,1,0
13842.0,9,3385.62,4.044271844660194,155,1
13844.0,1,361.62,2.4605,20,0
13845.0,1,312.98,1.9544444444444444,9,0
13846.0,3,865.0600000000001,3.524909090909091,55,0
13848.0,3,1255.0,0.462,3,0
13849.0,2,1537.95,3.023960396039604,97,0
13850.0,1,1595.48,2.4186021505376343,93,0
13851.0,3,2651.46,2.238888888888889,77,0
13853.0,1,1090.14,4.546086956521739,23,0
13854.0,25,8109.519999999999,4.628363636363637,39,1
13856.0,3,388.5,1.06,10,0
13858.0,1,216.17,4.335454545454545,11,0
13859.0,1,201.16,2.887857142857143,27,0
13860.0,5,1245.9,3.514605263157895,58,0
13862.0,8,2209.36,1.6970503597122304,97,0
13863.0,1,305.78,2.5965,20,0
13865.0,4,501.56,3.902333333333333,26,0
13866.0,1,145.67000000000002,3.375714285714286,7,0
13867.0,3,1015.29,3.9440983606557376,51,0
13868.0,2,3192.54,1.854242424242424,32,0
13869.0,4,3104.95,2.944592833876221,234,1
13870.0,8,2770.94,3.378608695652174,91,0
13871.0,13,6403.25,3.760892857142857,155,1
13873.0,3,389.6,4.609565217391304,21,0
13874.0,1,540.45,5.505555555555556,18,0
13875.0,5,1786.79,1.9584615384615385,79,0
13876.0,1,122.7,5.114285714285714,7,0
13877.0,1,117.24,1.1766666666666663,3,0
13878.0,1,1281.53,4.655277777777778,35,0
13880.0,13,3219.77,2.68830303030303,125,1
13881.0,20,17159.52,2.6765168539325845,72,1
13882.0,5,1191.13,3.381846153846154,54,0
13883.0,5,2674.48,3.3760563380281687,108,0
13884.0,5,787.6,3.5635593220338984,45,0
13885.0,2,506.8,3.960714285714286,28,0
13886.0,1,243.56,3.805,16,0
13887.0,1,349.55,3.8542105263157898,19,0
13888.0,2,605.63,4.1217500000000005,38,0
13889.0,1,416.9,3.8333333333333335,15,0
13890.0,10,1883.81,3.401545454545454,74,0
13892.0,4,632.97,1.1092592592592592,26,0
13893.0,1,821.1,6.199999999999999,21,0
13894.0,3,564.62,2.6707407407407406,25,0
13895.0,4,2593.07,2.935338983050848,97,0
13897.0,1,311.16,1.9476470588235293,17,0
13898.0,1,155.93,2.6141666666666667,12,0
13899.0,2,388.52,3.031052631578948,19,0
13900.0,3,740.95,3.113720930232558,42,0
13901.0,5,2867.2,3.7404697986577182,144,1
13904.0,2,332.64,1.323846153846154,24,0
13908.0,4,2369.55,2.867540983606557,104,0
13911.0,9,2580.91,2.389189189189189,120,1
13914.0,2,626.45,2.552121212121212,28,0
13917.0,2,272.04,2.022222222222222,16,0
13918.0,2,1212.84,2.1853333333333333,30,0
13919.0,2,384.81,2.836071428571429,24,0
13922.0,1,172.25,4.988571428571428,7,0
13923.0,1,351.13,2.9745,20,0
13924.0,6,1838.85,2.6076068376068373,90,0
13925.0,4,678.25,5.914390243902439,28,0
13926.0,1,223.85,6.533636363636364,11,0
13927.0,1,348.99,2.6957142857142857,21,0
13928.0,4,464.57,5.767407407407408,23,0
13929.0,2,842.65,5.294444444444444,8,0
13930.0,2,337.34,1.6405882352941177,15,0
13931.0,2,1237.53,2.0460344827586208,56,0
13932.0,1,307.4,6.103125,16,0
13933.0,2,608.7900000000001,3.460434782608696,23,0
13934.0,1,922.1,3.1870967741935483,31,0
13936.0,1,376.58,1.5419230769230767,26,0
13937.0,1,158.85,1.6944444444444444,9,0
13938.0,1,71.66,1.012857142857143,7,0
13939.0,3,568.55,1.1835555555555557,43,0
13940.0,4,839.14,3.121428571428571,39,0
13941.0,5,5112.96,3.858444444444444,24,0
13946.0,3,561.5699999999999,1.679090909090909,11,0
13947.0,1,90.6,2.93,5,0
13948.0,1,102.0,3.95,3,0
13949.0,6,2427.32,1.456625,124,0
13950.0,4,745.06,4.589714285714285,33,0
13951.0,3,674.45,3.4892307692307694,38,0
13952.0,2,3251.071,3.98329197080292,120,0
13953.0,7,3515.68,2.293,8,0
13954.0,2,439.92,5.4508,24,0
13955.0,2,322.96,3.016060606060606,33,0
13956.0,5,1026.42,3.4226973684210527,123,0
13959.0,3,598.2,2.203913043478261,79,0
13960.0,2,230.22,2.105,11,0
13962.0,2,169.55,7.019090909090909,11,0
13963.0,4,664.54,3.268,35,0
13967.0,1,80.7,3.6,2,0
13969.0,18,9053.94,2.954297124600639,334,1
13971.0,8,2758.26,2.225167785234899,118,1
13972.0,2,190.25,2.546,15,0
13973.0,1,264.7,3.756363636363636,11,0
13974.0,1,413.59,2.1967857142857143,28,0
13975.0,6,2526.28,2.195414201183432,240,1
13976.0,1,357.98,3.568,10,0
13978.0,2,196.79,1.2106666666666668,14,0
13979.0,1,869.87,1.8322222222222224,54,0
13980.0,1,200.14,3.914545454545455,11,0
13982.0,4,1871.81,2.232072072072072,72,0
13983.0,12,2603.43,6.329999999999999,91,1
13984.0,5,920.51,2.10875,14,0
13985.0,15,7060.13,2.384498567335244,108,1
13986.0,1,320.46,1.8615384615384616,12,0
13988.0,6,4147.96,2.99974358974359,188,1
13989.0,2,1266.08,2.6253658536585367,33,0
13990.0,1,311.3,2.66,16,0
13991.0,6,855.97,1.4925000000000002,58,0
13992.0,1,76.8,1.17,5,0
13993.0,9,3466.36,5.586942148760331,66,0
13994.0,6,2313.14,3.8118064516129033,122,0
13995.0,5,1393.69,2.227558139534884,55,0
13999.0,12,3901.81,2.274903846153846,102,1
14000.0,1,635.66,1.9493333333333331,15,0
14001.0,3,2043.08,3.536153846153846,34,0
14002.0,2,529.73,2.411489361702128,47,0
14004.0,7,4582.64,2.8440350877192984,102,0
14005.0,5,2874.72,2.205238095238095,53,0
14006.0,3,962.19,2.3706666666666667,22,0
14009.0,2,695.61,2.822142857142857,42,0
14012.0,1,328.8,2.8318181818181816,11,0
14013.0,3,473.02,1.3817647058823528,30,0
14014.0,1,505.18,0.5679487179487179,39,0
14015.0,1,917.34,3.107,20,0
14016.0,4,4341.21,3.949565217391304,154,1
14019.0,3,1421.61,2.414848484848485,37,0
14020.0,2,642.8,2.848974358974359,37,0
14021.0,3,631.9,4.502272727272727,22,0
14022.0,1,440.0,1.2953571428571429,28,0
14023.0,2,584.07,2.870967741935484,30,0
14024.0,2,327.7,3.70125,16,0
14027.0,1,104.82,2.143333333333333,6,0
14029.0,2,467.66,4.366,15,0
14030.0,8,2360.09,4.054444444444445,210,1
14031.0,19,17286.86,4.32708,119,1
14032.0,11,2975.59,2.38993006993007,53,0
14034.0,3,651.8199999999999,2.354494382022472,82,0
14035.0,5,1428.02,2.81030303030303,41,0
14036.0,1,626.65,4.371842105263158,38,0
14037.0,2,147.20000000000002,3.460714285714286,27,0
14038.0,3,1560.38,1.917717391304348,64,0
14039.0,1,152.2,2.033333333333333,6,0
14040.0,12,3614.92,3.8171063829787233,146,1
14041.0,1,141.41,1.870952380952381,21,0
14044.0,4,652.82,2.5656937799043065,165,1
14045.0,4,1659.75,4.233333333333333,4,0
14046.0,1,154.99,0.5407142857142857,14,0
14047.0,5,1308.61,4.8353125,22,0
14048.0,1,409.93,2.1890588235294115,83,0
14049.0,4,5681.72,2.570655737704918,348,1
14050.0,2,746.36,1.5387037037037037,49,0
14051.0,23,15610.39,4.660714285714286,52,1
14052.0,1,225.36,2.882142857142857,56,0
14053.0,2,260.25,1.3775,2,0
14054.0,1,92.46,1.5133333333333334,6,0
14055.0,1,725.6400000000001,4.453,10,0
14056.0,23,8214.65,2.8268083182640145,320,1
14057.0,17,6217.96,1.936021126760564,179,1
14059.0,1,183.6,2.3125,8,0
14060.0,19,6140.42,1.4406930693069306,86,1
14062.0,12,10464.85,2.825675675675676,60,1
14064.0,5,1353.74,1.58,59,0
14066.0,1,152.55,4.364285714285715,7,0
14067.0,2,374.7,2.8625,51,0
14068.0,1,265.85,4.091666666666667,22,0
14071.0,8,1438.82,2.4038271604938277,271,1
14073.0,1,151.04,2.1415384615384614,13,0
14075.0,3,942.26,1.8132558139534884,33,0
14076.0,1,122.47,2.009130434782609,43,0
14077.0,5,499.42,2.665952380952381,33,0
14078.0,6,1049.37,2.6804615384615382,46,0
14079.0,1,375.1,3.273333333333333,12,0
14080.0,1,45.6,0.95,4,0
14081.0,2,934.52,3.0334640522875818,126,0
14082.0,1,182.25,2.587586206896552,28,0
14083.0,9,1018.43,2.806243093922652,162,1
14085.0,18,4448.54,2.401177777777778,272,1
14087.0,1,194.42,1.4207246376811595,61,0
14088.0,13,50491.81,5.730696095076401,379,1
14089.0,1,161.0,2.207142857142857,13,0
14090.0,1,76.32000000000001,1.06,1,0
14092.0,14,4076.91,2.7328971962616824,117,1
14093.0,1,442.85,1.4897142857142855,95,0
14096.0,17,65164.79,6.521708080610448,1119,2
14098.0,1,147.35,1.7047619047619047,21,0
14099.0,11,3104.17,2.59356,167,1
14100.0,1,194.9,3.388461538461539,24,0
14101.0,6,5976.79,1.73,15,0
14102.0,5,1360.28,2.0744303797468358,35,0
14104.0,2,216.21,7.933809523809523,21,0
14105.0,1,1266.23,2.9174324324324328,74,0
14107.0,7,2703.23,2.65910569105691,61,0
14108.0,2,597.91,3.093235294117647,33,0
14109.0,1,144.2,2.466666666666667,9,0
14110.0,12,5683.15,2.3614193548387097,94,1
14111.0,4,692.85,3.68,10,0
14112.0,7,2915.15,2.5103125,117,1
14113.0,4,1840.42,2.481176470588235,26,0
14114.0,2,386.53,6.312666666666667,15,0
14116.0,5,1382.74,3.251666666666667,61,0
14117.0,1,90.0,1.25,3,0
14121.0,4,2780.15,2.2942138364779874,148,1
14124.0,1,419.58,0.358,4,0
14125.0,3,2740.43,3.1613173652694613,159,1
14126.0,3,706.1300000000001,4.040666666666667,14,0
14127.0,3,709.71,3.9595454545454554,39,0
14128.0,2,637.5,1.895,40,0
14129.0,5,1123.86,2.734423076923077,31,0
14130.0,1,483.86,2.865373134328358,66,0
14132.0,11,3586.03,1.71775,100,1
14133.0,3,605.64,3.795,25,0
14135.0,15,4690.31,2.472462686567164,95,1
14138.0,2,982.38,2.3117021276595744,40,0
14139.0,1,415.82,1.4576923076923076,26,0
14140.0,2,935.05,1.823939393939394,60,0
14141.0,4,915.13,3.5195,27,0
14142.0,1,311.81,1.7704545454545455,22,0
14143.0,1,115.8,5.485714285714286,7,0
14145.0,4,3742.2,4.95,6,0
14146.0,5,4191.0,2.6339047619047617,183,1
14147.0,2,483.4,4.55,4,0
14148.0,1,157.2,7.55,3,0
14149.0,1,446.62,2.97,28,0
14150.0,2,658.64,1.6823076923076925,23,0
14152.0,2,621.29,1.143469387755102,47,0
14154.0,2,1345.62,7.893076923076923,52,0
14155.0,1,118.75,5.45,6,0
14156.0,55,117379.63,3.826914285714286,714,2
14157.0,2,432.88,2.1975,45,0
14158.0,1,507.66,1.5365853658536586,41,0
14159.0,11,4693.01,1.4932392026578072,501,1
14161.0,3,1110.52,3.1771296296296296,87,0
14162.0,2,289.36,3.8892,25,0
14163.0,4,2445.91,4.738076923076923,36,0
14164.0,2,1631.77,1.5541379310344827,28,0
14165.0,1,122.54,3.2376,23,0
14167.0,4,574.84,4.298461538461539,27,0
14171.0,1,363.79,2.8863793103448274,57,0
14173.0,4,450.84,4.376896551724138,28,0
14174.0,1,134.46,1.937307692307692,26,0
14175.0,3,3222.3,3.7063758389261743,139,0
14176.0,4,576.9000000000001,3.574193548387097,28,0
14177.0,4,559.41,4.346666666666667,37,0
14178.0,7,1620.93,1.7031192660550458,191,1
14179.0,2,719.78,2.813575757575758,135,0
14180.0,25,4748.52,9.311208333333331,112,1
14184.0,1,452.89,5.418333333333333,24,0
14185.0,1,197.65,59.73333333333333,3,0
14188.0,6,2054.36,1.975076923076923,34,0
14189.0,15,4654.08,2.158,176,1
14191.0,13,4684.76,1.9932818532818533,145,1
14193.0,2,853.39,2.724047619047619,35,0
14194.0,21,11349.52,3.387288428324698,269,1
14195.0,2,1012.0,5.992857142857143,7,0
14196.0,1,335.52,3.265,6,0
14198.0,4,701.4,4.7356410256410255,35,0
14199.0,1,185.4,5.9,2,0
14201.0,7,747.44,2.545945945945946,32,0
14204.0,1,161.03,2.405,36,0
14205.0,2,466.7,4.167916666666667,23,0
14206.0,1,328.16,1.797,20,0
14208.0,1,151.74,3.527,10,0
14209.0,6,2073.43,5.291494252873563,55,0
14210.0,6,1905.84,3.816372549019608,66,0
14211.0,9,2241.1,2.7716964285714285,87,0
14212.0,1,1070.48,1.252222222222222,9,0
14214.0,5,1004.38,2.3407462686567166,64,0
14215.0,6,1789.72,2.221111111111111,98,0
14216.0,4,1839.3,4.716271186440678,47,0
14217.0,17,2004.98,5.4955,78,1
14218.0,1,169.48000000000002,1.4400000000000002,12,0
14219.0,1,89.94,2.2885714285714287,7,0
14220.0,2,632.4,3.3961904761904766,21,0
14221.0,9,3432.8,3.2711398963730574,123,1
14222.0,1,683.17,1.706829268292683,41,0
14223.0,3,991.13,3.8998333333333335,50,0
14224.0,4,1050.12,3.8577966101694914,105,0
14226.0,5,2232.19,2.899701492537313,64,0
14227.0,10,3350.96,2.8489714285714287,117,1
14229.0,3,1547.2,3.22,29,0
14231.0,3,925.71,3.6696,47,0
14232.0,5,2048.07,1.8238260869565217,81,0
14233.0,4,1462.72,2.7905714285714285,30,0
14234.0,4,775.46,1.591069182389937,122,0
14235.0,5,3144.86,2.017974683544304,65,0
14236.0,2,490.86,2.065333333333333,15,0
14237.0,1,161.0,7.122222222222222,9,0
14238.0,1,146.85,2.2875,8,0
14239.0,11,2380.85,3.606696428571429,83,0
14240.0,2,890.34,3.439761904761905,37,0
14241.0,1,213.7,1.955,10,0
14242.0,2,280.55,3.720625,13,0
14243.0,10,2588.77,3.961276595744681,99,1
14245.0,2,1693.45,3.1289814814814814,107,0
14246.0,3,1474.06,2.9734666666666665,57,0
14247.0,1,136.76999999999998,3.912,19,0
14248.0,1,302.58,3.0525,8,0
14250.0,3,1904.05,2.487207207207207,94,0
14251.0,5,2879.7000000000003,2.069230769230769,37,0
14256.0,2,969.06,4.05188679245283,51,0
14257.0,5,3099.7200000000003,2.838867924528302,88,0
14258.0,9,12669.98,3.8380180180180177,58,0
14259.0,1,120.0,2.83,5,0
14261.0,2,1163.45,5.064038461538461,52,0
14262.0,8,2618.23,2.090699300699301,87,0
14264.0,2,333.97,6.62,15,0
14265.0,2,530.18,5.862903225806452,31,0
14267.0,3,1516.24,4.3910909090909085,25,0
14270.0,1,492.65,4.570689655172414,29,0
14271.0,1,112.32,2.491,10,0
14272.0,2,437.96,2.2675757575757576,33,0
14273.0,4,559.97,2.4848275862068965,22,0
14276.0,3,1119.74,2.2271875,52,0
14277.0,3,4216.2,3.8665777777777777,195,1
14280.0,1,134.04,4.73375,8,0
14282.0,15,3729.34,1.600320512820513,70,1
14284.0,2,595.25,4.821875,24,0
14285.0,4,1910.01,4.82037037037037,18,0
14286.0,3,4628.75,1.5431785714285713,220,1
14287.0,3,176.63,1.913333333333333,9,0
14288.0,1,426.6,3.00625,16,0
14289.0,6,911.26,5.346382978723404,33,0
14290.0,5,2314.65,3.6530693069306936,89,0
14291.0,11,3883.25,2.5928691983122363,145,1
14292.0,9,4871.93,3.346,64,0
14293.0,4,1046.56,2.206393442622951,51,0
14295.0,1,166.20000000000002,1.93,5,0
14297.0,4,1305.33,2.341935483870968,48,0
14298.0,44,51527.3,1.4979780085522296,884,2
14299.0,9,3965.62,3.091818181818182,94,0
14300.0,1,43.2,1.383333333333333,3,0
14301.0,1,640.14,1.3523076923076922,13,0
14304.0,1,383.45,4.885294117647058,17,0
14305.0,3,1858.96,2.353238095238096,96,0
14306.0,2,2093.32,4.135151515151516,33,0
14307.0,6,2995.72,2.4864444444444445,150,1
14309.0,9,2352.53,2.456153846153846,74,0
14311.0,1,310.26,5.084,20,0
14312.0,6,1611.59,3.5480459770114945,74,0
14314.0,1,120.0,0.66625,8,0
14315.0,6,2481.13,3.71,64,0
14317.0,1,508.58,3.0975,24,0
14320.0,2,477.79,1.957741935483871,29,0
14321.0,5,1530.75,1.41869918699187,111,0
14323.0,2,605.0600000000001,2.996388888888889,32,0
14326.0,1,183.85,2.8000000000000003,8,0
14327.0,1,311.65,2.5875,12,0
14329.0,7,5014.84,2.8467181467181466,218,1
14331.0,2,462.66,3.019285714285714,27,0
14332.0,3,866.31,2.116538461538461,22,0
14333.0,1,415.2,8.063333333333334,15,0
14334.0,8,2552.21,3.291543209876543,98,0
14335.0,2,468.26,2.2895238095238097,55,0
14336.0,4,1614.91,1.6151111111111112,77,0
14338.0,2,588.22,3.647096774193548,30,0
14339.0,1,309.52,2.032857142857143,14,0
14340.0,1,134.7,2.9333333333333336,6,0
14341.0,8,2182.28,2.553875968992248,109,0
14342.0,4,668.5600000000001,2.8904761904761904,18,0
14344.0,8,889.9300000000001,4.225633802816901,56,0
14345.0,1,108.98,3.49,6,0
14346.0,2,1021.58,4.602333333333333,55,0
14348.0,1,409.57,2.962222222222222,18,0
14349.0,1,133.5,2.3193548387096774,31,0
14350.0,1,282.93,2.286666666666666,18,0
14351.0,1,51.0,4.25,1,0
14352.0,4,1078.96,3.8659574468085114,44,0
14353.0,1,90.6,1.3666666666666665,6,0
14354.0,2,163.62,1.237777777777778,9,0
14355.0,1,174.4,2.85,11,0
14356.0,2,701.23,3.902727272727272,33,0
14357.0,1,225.77,1.9502439024390248,39,0
14359.0,3,912.18,3.922727272727273,44,0
14360.0,4,2128.23,3.1004237288135594,104,0
14362.0,1,161.2,2.3285365853658537,37,0
14364.0,8,3717.35,3.0260869565217394,61,0
14367.0,16,9261.52,3.175725190839694,270,1
14368.0,1,155.0,6.125,8,0
14371.0,1,100.5,3.775,4,0
14373.0,1,76.55,11.625,4,0
14375.0,1,257.68,1.878933333333333,57,0
14377.0,2,617.05,9.15,11,0
14379.0,2,348.1,2.1617391304347824,39,0
14381.0,1,202.68,1.627857142857143,56,0
14382.0,1,626.0699999999999,1.6106870229007633,121,0
14383.0,3,1247.69,3.32593220338983,49,0
14385.0,3,202.11,1.6164285714285715,13,0
14386.0,1,142.4,3.885714285714286,7,0
14387.0,3,1770.56,3.382142857142857,125,0
14388.0,8,3212.84,2.7180645161290324,124,1
14389.0,2,1043.46,2.1333333333333333,33,0
14390.0,9,4652.82,3.07986013986014,135,1
14393.0,1,67.95,5.390000000000001,5,0
14395.0,9,3507.71,2.787057142857143,181,1
14396.0,2,487.99,2.626849315068493,71,0
14397.0,19,2612.96,2.0789655172413792,18,0
14400.0,1,574.7,1.7368,25,0
14401.0,13,4051.48,1.3996153846153845,113,1
14403.0,4,1475.81,6.2535,17,0
14404.0,6,1474.32,3.066116504854369,70,0
14406.0,1,156.75,3.795,8,0
14407.0,6,2157.73,3.5512328767123287,67,0
14408.0,7,2606.53,1.8925233644859811,60,0
14409.0,6,2059.4500000000003,2.8044444444444445,40,0
14410.0,9,1105.07,2.3759067357512955,153,1
14411.0,1,1063.0,8.175,14,0
14412.0,2,770.03,2.304418604651163,43,0
14413.0,1,122.7,2.8065217391304347,22,0
14414.0,7,1496.98,0.9145360824742268,79,0
14415.0,13,5900.28,2.950966101694916,283,1
14416.0,2,490.22,1.6685714285714286,13,0
14418.0,3,1937.25,2.1406451612903226,114,0
14419.0,6,1058.06,2.5041747572815534,112,0
14420.0,1,387.52,1.5313793103448274,29,0
14421.0,2,813.11,2.6351851851851853,25,0
14422.0,6,4263.64,2.810225225225225,189,1
14423.0,1,265.2,1.9833333333333327,3,0
14424.0,1,322.08,6.71,1,0
14426.0,10,4481.67,3.266339285714285,183,1
14427.0,2,363.34,1.987058823529412,16,0
14428.0,5,1244.83,4.181319444444444,108,0
14431.0,1,470.36,4.69,17,0
14432.0,6,2255.51,1.4508115183246075,256,1
14434.0,6,1372.8,4.451666666666667,3,0
14436.0,1,89.06,2.117777777777777,9,0
14437.0,1,63.0,1.05,5,0
14438.0,1,131.9,1.5944444444444443,9,0
14439.0,1,2661.24,6.4809375,32,0
14440.0,5,2357.6800000000003,4.7023636363636365,33,0
14441.0,4,1712.89,5.544117647058823,43,0
14442.0,2,1589.82,6.323492063492063,58,0
14443.0,4,1420.2,2.5386021505376344,84,0
14446.0,4,1039.58,1.8383276450511945,233,1
14447.0,5,1163.23,2.576571428571429,54,0
14448.0,2,375.35,2.7175,20,0
14449.0,4,907.1,1.6575968992248062,201,1
14450.0,3,483.25,2.7905,32,0
14451.0,2,662.59,1.9695412844036695,86,0
14452.0,2,264.44,3.127741935483871,55,0
14453.0,1,119.93,3.777272727272727,22,0
14456.0,9,3062.4,1.7757628865979382,580,1
14457.0,1,113.64,1.255,4,0
14459.0,1,1837.92,3.4364864864864866,37,0
14460.0,3,434.34,0.6643749999999999,14,0
14461.0,3,2103.06,3.721833333333333,173,1
14462.0,11,2004.02,2.8845416666666663,150,1
14463.0,3,529.62,5.976666666666667,6,0
14465.0,3,1058.62,2.8282307692307693,107,0
14466.0,7,2272.4,3.79375,35,0
14467.0,4,598.76,2.758555555555556,67,0
14470.0,2,461.19,4.8388372093023255,43,0
14472.0,8,1936.84,2.7660142348754446,153,1
14473.0,2,234.34000000000003,4.107142857142857,7,0
14474.0,1,547.66,6.527931034482759,29,0
14475.0,3,925.85,3.125238095238095,35,0
14476.0,1,215.7,3.2710526315789474,17,0
14477.0,4,1309.6,1.892,7,0
14479.0,2,316.25,4.016666666666667,18,0
14480.0,1,279.05,3.0015384615384617,13,0
14481.0,2,636.51,1.994,25,0
14482.0,6,2068.15,2.442361111111111,110,0
14483.0,1,137.1,1.8522222222222224,9,0
14484.0,1,321.92,2.0957142857142856,14,0
14485.0,1,165.75,2.682978723404255,44,0
14487.0,6,1196.33,2.496111111111111,112,0
14488.0,1,1064.28,2.131304347826087,46,0
14489.0,1,463.38,1.777,30,0
14491.0,2,340.93,4.54235294117647,17,0
14493.0,5,2383.24,3.024583333333333,95,0
14494.0,1,139.56,1.6614285714285713,7,0
14495.0,2,123.8,2.0083333333333333,6,0
14496.0,2,538.8100000000001,5.65421052631579,16,0
14497.0,1,475.37,4.478620689655172,29,0
14498.0,5,1957.32,2.807720207253886,162,1
14499.0,3,815.32,1.9600515463917525,146,0
14500.0,3,356.85,6.214285714285714,6,0
14501.0,2,251.21,2.175,9,0
14502.0,11,2470.67,2.378974358974359,368,1
14503.0,6,3543.26,2.6662195121951218,113,0
14504.0,4,673.26,3.482710280373832,85,0
14505.0,8,5905.64,2.888247809762203,540,1
14506.0,5,2012.17,3.365221518987342,204,1
14507.0,6,1383.18,3.1722916666666667,79,0
14508.0,2,276.42,3.432280701754386,52,0
14511.0,5,1314.81,2.501764705882353,53,0
14512.0,2,275.28,4.611739130434782,19,0
14513.0,3,455.59,2.4391666666666665,11,0
14514.0,3,1055.35,3.226438356164384,65,0
14515.0,6,2102.09,2.7978217821782176,68,0
14517.0,2,330.45,5.333333333333333,17,0
14518.0,1,174.37,2.699375,16,0
14520.0,2,270.6,3.2075,3,0
14522.0,4,974.54,2.531764705882353,15,0
14523.0,1,241.09,2.72,12,0
14524.0,9,1867.68,4.042660098522167,161,1
14525.0,9,4332.2,3.239209621993127,217,1
14527.0,55,8508.82,5.357716049382716,330,1
14528.0,1,364.22,1.973888888888889,18,0
14529.0,3,620.04,1.9686026200873363,177,1
14530.0,6,2925.91,4.156435185185185,140,1
14532.0,4,932.85,5.6234375000000005,45,0
14533.0,7,1949.72,1.4325806451612904,53,0
14534.0,18,4447.05,3.3136030828516376,331,1
14535.0,3,2864.19,2.5123333333333333,280,1
14536.0,1,171.8,4.8315789473684205,18,0
14537.0,1,355.56,2.963,10,0
14538.0,2,388.25,3.318947368421053,19,0
14539.0,2,537.48,2.0790625,31,0
14540.0,3,996.26,3.862236842105263,64,0
14541.0,8,1461.65,2.464054054054054,71,0
14542.0,1,103.25,5.41,5,0
14543.0,16,3630.33,6.137222222222222,43,1
14544.0,2,2024.45,2.4168421052631577,97,0
14546.0,5,2578.09,2.679122807017544,250,1
14547.0,8,4007.54,2.8737704918032785,198,1
14548.0,2,652.8,2.55,2,0
14549.0,1,289.24,3.2125,56,0
14550.0,2,765.62,2.184375,38,0
14551.0,2,186.23,4.702,9,0
14552.0,1,165.07,1.875172413793104,57,0
14553.0,5,859.27,3.723628318584071,103,0
14554.0,4,2381.04,2.756851851851852,147,1
14555.0,2,324.14,3.0109523809523813,18,0
14557.0,1,788.38,1.59,16,0
14560.0,22,2237.77,4.907027027027027,39,1
14561.0,3,1080.76,1.9856521739130435,67,0
14562.0,18,5074.77,3.4981560283687942,187,1
14565.0,4,3099.12,3.911732283464567,111,0
14566.0,1,1432.0,1.79,4,0
14567.0,2,1530.36,3.7118181818181815,33,0
14569.0,1,227.39,3.92,10,0
14570.0,2,218.06,3.372068965517242,29,0
14572.0,7,2832.84,2.987888888888889,190,1
14573.0,9,1653.42,4.4331489361702126,127,1
14576.0,1,35.400000000000006,2.95,1,0
14577.0,4,859.71,2.643333333333333,86,0
14578.0,1,168.63,2.45125,24,0
14581.0,1,138.6,1.5829411764705883,16,0
14582.0,1,114.11,3.39,6,0
14583.0,5,1052.55,1.9964545454545453,243,1
14584.0,4,1042.26,3.5141000000000004,68,0
14585.0,1,157.05,1.9896551724137927,29,0
14586.0,1,237.36,0.6984210526315789,19,0
14587.0,9,1601.14,2.3890339425587466,170,1
14589.0,1,39.75,7.95,3,0
14591.0,4,1447.14,2.810710659898477,138,0
14592.0,3,570.46,2.0446341463414632,132,0
14593.0,3,617.99,2.0631578947368423,127,0
14594.0,2,379.83,3.349245283018868,48,0
14595.0,6,1740.6,2.9027450980392158,94,0
14597.0,2,883.15,1.4760000000000002,45,0
14598.0,1,221.97,1.5216,49,0
14600.0,1,393.33,5.3628,25,0
14601.0,1,213.96,1.4342857142857142,7,0
14603.0,1,660.0,1.65,2,0
14606.0,93,12156.65,2.8132407407407407,819,2
14607.0,14,16569.5,2.100116279069768,38,1
14608.0,4,1785.15,4.225,8,0
14609.0,4,601.56,0.1225,2,0
14616.0,3,406.08,3.44,2,0
14618.0,3,553.44,4.274375,10,0
14619.0,1,394.44,4.706,20,0
14620.0,2,412.78,3.4223076923076925,26,0
14621.0,5,1788.36,3.0166304347826083,80,0
14622.0,1,320.58000000000004,3.212380952380953,21,0
14623.0,5,889.25,3.0276119402985078,108,0
14624.0,2,225.85,2.0707692307692307,13,0
14625.0,2,899.63,4.738490566037736,51,0
14626.0,4,2791.27,3.4078688524590164,108,0
14628.0,2,671.96,4.545416666666667,22,0
14629.0,2,959.01,3.738815789473684,133,0
14631.0,3,1006.98,2.38390243902439,38,0
14632.0,1,114.56,2.54,8,0
14633.0,1,344.90000000000003,5.4025,20,0
14636.0,2,609.85,3.038214285714286,27,0
14638.0,1,443.6,4.159375,16,0
14639.0,6,2984.49,4.691860465116279,138,1
14640.0,6,2125.08,3.9412264150943392,87,0
14641.0,1,110.46,1.2900000000000005,7,0
14642.0,1,96.12,3.005,2,0
14643.0,2,693.8100000000001,1.586774193548387,30,0
14644.0,2,830.76,4.341538461538462,26,0
14645.0,2,597.09,3.622,28,0
14646.0,73,280206.02,2.4932996146435453,700,2
14647.0,1,243.22,2.372,24,0
14649.0,4,1417.29,2.547989949748744,148,1
14651.0,2,654.6,2.8968627450980398,95,0
14652.0,1,114.18,2.986206896551724,29,0
14653.0,7,1947.55,3.319831223628692,154,1
14655.0,4,1932.23,2.686938775510204,35,0
14656.0,2,291.05,2.7685,73,0
14657.0,4,848.22,2.733492063492064,103,0
14658.0,2,247.15,5.588275862068966,27,0
14659.0,9,2529.93,2.937509881422925,147,1
14660.0,2,285.74,2.3586666666666667,24,0
14661.0,1,107.95,3.95,4,0
14662.0,4,771.17,2.380238095238095,143,0
14664.0,2,637.89,1.982727272727273,78,0
14665.0,5,1835.7,4.328333333333333,63,0
14666.0,1,195.25,1.857142857142857,14,0
14667.0,25,9241.2,3.113298429319372,354,1
14669.0,3,1269.99,2.706,158,1
14670.0,2,411.53,1.6325,107,0
14672.0,2,765.55,2.921639344262295,58,0
14673.0,5,1736.4,2.395,39,0
14675.0,1,604.75,2.230098039215686,93,0
14676.0,6,2548.24,1.7133333333333336,29,0
14680.0,16,28754.11,2.4156976744186047,73,1
14681.0,3,498.95,7.207142857142857,6,0
14682.0,2,52.0,0.65,1,0
14684.0,5,1236.28,1.6946555819477436,231,1
14687.0,1,628.38,2.27,15,0
14688.0,21,5630.87,2.131039755351682,148,1
14689.0,1,112.8,2.180769230769231,13,0
14690.0,2,371.7,2.8594,40,0
14691.0,5,2114.33,3.666478873239437,50,0
14692.0,4,591.55,2.932352941176471,53,0
14693.0,1,172.9,3.475,8,0
14696.0,7,2078.95,2.4591538461538462,117,0
14697.0,2,188.61,3.2372727272727277,22,0
14698.0,5,1250.76,2.8727142857142858,148,1
14699.0,1,109.13,2.21125,8,0
14700.0,3,2235.3,2.36695652173913,80,0
14701.0,9,2549.37,3.124985074626866,268,1
14702.0,17,3292.14,3.795850144092219,196,1
14703.0,1,318.17,2.0513636363636363,22,0
14704.0,9,1546.91,2.2325542168674697,288,1
14705.0,1,179.0,1.79,1,0
14708.0,3,1126.37,3.0003571428571427,25,0
14709.0,13,4921.04,2.75515306122449,71,1
14710.0,4,606.13,2.0762589928057555,124,0
14711.0,11,2868.8,4.756078431372549,221,1
14712.0,3,917.07,3.3080000000000003,21,0
14713.0,11,2666.36,2.4739823008849555,146,1
14714.0,1,160.19,3.287,10,0
14715.0,4,867.38,3.3422535211267608,60,0
14716.0,2,329.68,1.3956363636363638,46,0
14719.0,5,1602.13,2.360253164556962,177,1
14720.0,3,663.81,5.744594594594595,34,0
14722.0,1,187.92,3.029310344827586,28,0
14723.0,6,1158.3,2.247482014388489,193,1
14725.0,1,718.08,4.396153846153846,45,0
14727.0,1,268.58,7.0840000000000005,10,0
14729.0,1,313.49,2.159154929577465,69,0
14730.0,8,2005.06,2.525788423153693,317,1
14731.0,3,380.02,2.102222222222222,38,0
14732.0,8,2702.49,3.386326530612245,105,0
14733.0,12,9585.91,3.932920792079208,102,1
14735.0,32,6065.69,3.750824742268041,99,1
14737.0,3,1164.55,3.614117647058823,15,0
14738.0,7,1314.45,3.318703703703704,39,0
14739.0,7,3902.28,2.065166666666667,47,0
14740.0,3,1448.21,2.8922471910112364,85,0
14741.0,6,1400.34,2.6030508474576277,35,0
14744.0,7,1099.98,3.009230769230769,21,0
14745.0,5,1220.26,1.6594202898550725,46,0
14747.0,1,328.2,5.800000000000001,18,0
14748.0,5,1415.75,1.860224719101124,87,0
14752.0,1,389.64,2.504,5,0
14753.0,1,563.15,3.5983333333333336,30,0
14754.0,2,638.05,2.238048780487805,38,0
14755.0,11,5010.28,3.991148936170213,128,1
14756.0,1,738.96,3.4794736842105265,38,0
14757.0,1,420.5,3.9242105263157896,19,0
14758.0,4,1484.06,6.657605633802817,54,0
14759.0,3,1625.97,5.394117647058824,92,0
14760.0,1,89.2,2.87,5,0
14761.0,2,255.9,2.272727272727273,11,0
14762.0,1,300.52,1.3342857142857143,21,0
14764.0,1,278.3,1.4916666666666665,6,0
14765.0,3,254.11,2.9766666666666666,38,0
14766.0,6,2473.37,2.6556296296296296,111,0
14768.0,2,192.6,3.91,4,0
14769.0,8,10674.75,2.711669724770642,718,1
14770.0,2,876.42,3.4444230769230773,49,0
14772.0,1,139.26,3.508888888888889,9,0
14775.0,3,1011.9,1.0518333333333334,57,0
14776.0,11,2538.3,0.9858119658119658,44,0
14778.0,2,730.86,3.1414285714285715,34,0
14779.0,3,386.15,6.824390243902439,40,0
14780.0,2,447.68,2.7666666666666666,26,0
14782.0,1,200.1,2.516666666666667,6,0
14784.0,2,289.99,3.860666666666667,15,0
14785.0,2,77.4,0.9433333333333334,2,0
14788.0,2,679.4399999999999,2.5886666666666667,26,0
14789.0,1,197.64,2.056666666666666,6,0
14790.0,4,745.06,1.4782608695652173,30,0
14792.0,1,6.2,3.1,2,0
14793.0,1,228.99,3.257857142857143,14,0
14794.0,7,1319.91,3.903,68,0
14795.0,1,131.45000000000002,7.333333333333333,6,0
14796.0,17,8022.49,1.9610692375109555,403,1
14798.0,3,173.74,1.46,11,0
14799.0,1,157.7,4.889230769230769,13,0
14800.0,12,4339.74,2.1975324675324672,246,1
14801.0,1,193.14,2.4633898305084747,56,0
14803.0,3,845.55,2.886590909090909,35,0
14804.0,1,353.27,4.240833333333334,12,0
14805.0,4,554.65,5.808085106382979,30,0
14806.0,1,193.39,1.8445454545454545,11,0
14808.0,8,2741.17,3.486553191489362,176,1
14810.0,11,2087.88,2.328078431372549,106,1
14813.0,2,155.43,2.8263333333333334,25,0
14815.0,2,778.5,1.6549056603773586,53,0
14816.0,1,271.85,66.475,4,0
14817.0,2,1110.34,3.531428571428571,52,0
14818.0,3,657.8,3.751458333333333,41,0
14819.0,2,272.07,4.13,13,0
14820.0,4,507.29,3.222758620689655,24,0
14821.0,1,48.8,2.5250000000000004,2,0
14823.0,3,321.43,4.234714285714285,56,0
14824.0,4,1127.71,2.3944827586206894,19,0
14825.0,12,2226.91,2.743884297520661,82,1
14828.0,3,2139.76,2.853529411764706,17,0
14829.0,4,697.55,2.179761904761905,39,0
14830.0,1,197.13,1.7247499999999998,39,0
14834.0,6,1720.3,3.628059701492537,43,0
14836.0,3,102.45,2.7916666666666665,5,0
14837.0,4,1649.5,1.757037037037037,96,0
14840.0,1,62.85,3.05,4,0
14841.0,6,3295.76,3.1945652173913044,103,0
14842.0,4,2824.69,5.326275862068966,128,0
14844.0,4,3189.81,3.123153846153846,87,0
14847.0,1,309.4,3.753076923076923,13,0
14849.0,25,7930.54,2.440309278350516,159,1
14850.0,1,325.75,1.4904761904761905,21,0
14851.0,2,511.35,2.317142857142857,28,0
14852.0,6,2836.69,3.056643356643357,96,0
14853.0,2,475.8,5.677777777777778,8,0
14854.0,7,2759.83,2.952204724409449,110,0
14855.0,2,645.65,4.67,13,0
14856.0,3,1311.38,3.132878787878788,65,0
14857.0,2,1173.12,4.384166666666667,58,0
14859.0,4,1353.74,3.126551724137931,47,0
14860.0,1,170.32,0.9027272727272728,11,0
14861.0,1,125.79,2.735,6,0
14862.0,2,841.1999999999999,2.154583333333333,47,0
14863.0,1,266.76,2.020909090909091,11,0
14865.0,2,52.2,0.6525,4,0
14866.0,12,14389.9,3.3226262626262626,30,0
14867.0,3,710.28,3.775,31,0
14868.0,8,2953.59,2.88125,96,0
14869.0,2,725.7,2.998169014084507,66,0
14870.0,1,327.25,3.0461538461538464,13,0
14871.0,4,522.38,3.14765306122449,68,0
14873.0,1,519.68,4.994285714285715,28,0
14875.0,2,1465.3200000000002,4.418936170212766,46,0
14878.0,9,1485.54,2.609596774193548,62,0
14880.0,3,706.19,3.7380851063829783,45,0
14881.0,1,255.4,1.3729411764705883,17,0
14882.0,2,589.7,3.95,6,0
14883.0,6,761.59,1.220943396226415,39,0
14885.0,1,765.3199999999999,1.2686666666666668,15,0
14886.0,1,364.8,3.1277777777777778,18,0
14887.0,1,1862.0,1.6116666666666666,6,0
14888.0,1,369.2,2.21,20,0
14889.0,1,135.9,2.26,10,0
14890.0,1,125.65,2.907142857142857,7,0
14891.0,2,554.38,1.6524242424242424,30,0
14893.0,2,1237.85,3.1345205479452054,72,0
14894.0,1,655.75,2.8395652173913044,23,0
14895.0,20,11138.71,4.1638755020080325,273,1
14896.0,2,468.77,2.397906976744186,43,0
14897.0,4,1366.38,5.067454545454545,43,0
14898.0,6,1303.52,2.893362068965517,86,0
14901.0,9,1421.29,3.1441666666666666,73,0
14902.0,1,332.66,2.773,20,0
14903.0,5,2810.63,2.7626478873239435,227,1
14904.0,2,1025.44,0.7394202898550725,66,0
14905.0,2,616.15,2.384117647058824,14,0
14907.0,7,3501.1,3.4733939393939397,125,1
14908.0,1,277.8,3.6277777777777778,9,0
14910.0,4,434.35,2.884333333333333,25,0
14911.0,201,143825.06,4.614223788546256,1787,2
14912.0,2,867.85,2.0225925925925927,21,0
14913.0,4,1227.43,1.2129885057471264,76,0
14915.0,2,307.48,3.5516666666666663,12,0
14916.0,4,1268.98,1.8205194805194809,72,0
14918.0,2,1610.15,3.492666666666667,39,0
14920.0,2,977.77,3.765438596491228,57,0
14921.0,2,1316.07,1.975128205128205,78,0
14923.0,1,749.1,3.445681818181818,44,0
14924.0,1,310.05,15.665,10,0
14929.0,1,223.88,2.2572727272727278,11,0
14930.0,3,2372.86,4.16296875,116,0
14931.0,5,1257.68,12.14780487804878,30,0
14932.0,1,363.53,9.449411764705882,17,0
14934.0,2,1890.94,3.580919540229885,68,0
14935.0,1,1784.71,2.622,10,0
14936.0,8,8137.02,3.679093406593407,210,1
14937.0,3,1621.88,3.4,33,0
14944.0,12,5900.25,3.006705882352941,101,1
14946.0,1,100.9,4.683333333333334,3,0
14947.0,2,290.82,3.084285714285714,14,0
14948.0,6,1101.97,2.8057142857142856,56,0
14950.0,1,371.2,5.193157894736842,19,0
14951.0,1,311.69,1.895,20,0
14952.0,11,8099.49,3.3994202898550725,117,1
14953.0,1,289.82,2.348181818181818,54,0
14954.0,1,336.17,3.1749411764705884,75,0
14957.0,1,58.49,1.7408333333333337,12,0
14958.0,3,499.68,5.850714285714285,33,0
14959.0,4,695.42,1.46,37,0
14960.0,2,221.27,1.803703703703704,23,0
14961.0,9,7044.68,2.8973076923076926,193,1
14962.0,1,126.7,6.540000000000001,5,0
14963.0,5,1487.8,2.2753030303030304,149,1
14964.0,1,206.21,3.4046153846153846,13,0
14965.0,2,599.0,2.3681927710843373,80,0
14966.0,1,191.32,1.9507894736842104,35,0
14967.0,1,463.8,2.9250000000000003,6,0
14968.0,1,147.59,1.9402702702702703,37,0
14970.0,4,1592.06,6.174411764705883,24,0
14971.0,3,1116.57,3.1020625,144,0
14972.0,1,114.77,4.947222222222222,18,0
14973.0,3,1314.45,21.2596875,29,0
14974.0,1,114.39,3.467142857142857,17,0
14975.0,1,279.94,1.0154545454545454,11,0
14976.0,7,790.86,3.955416666666667,47,0
14978.0,5,1931.42,4.517685185185186,136,0
14981.0,1,102.12,1.46,8,0
14984.0,2,213.27,4.340731707317073,37,0
14985.0,2,296.75,1.9082758620689655,78,0
14987.0,2,326.4,2.55,2,0
14988.0,1,334.54,2.5467500000000003,40,0
14995.0,2,233.23,2.602950819672132,53,0
14997.0,3,546.1999999999999,0.6265384615384615,25,0
14998.0,2,429.87,2.4524,70,0
15000.0,1,490.52,2.8345454545454545,76,0
15002.0,4,1641.76,2.5394782608695654,93,0
15004.0,1,1246.32,3.095696202531645,154,0
15005.0,28,6316.57,2.3211796246648797,360,1
15006.0,1,502.09,1.9180555555555556,121,0
15007.0,1,156.91,3.160833333333333,12,0
15009.0,3,1261.78,2.458186813186813,148,0
15010.0,1,308.94,3.1685000000000003,20,0
15012.0,2,423.04,2.613515625,110,0
15014.0,2,260.17,1.733142857142857,29,0
15016.0,1,170.04,4.573,20,0
15017.0,1,125.58,3.2625,20,0
15018.0,3,496.21,6.507419354838709,30,0
15019.0,1,266.0,2.228285714285714,64,0
15021.0,9,1914.82,2.6127330508474578,287,1
15022.0,4,905.04,2.961037037037037,96,0
15023.0,11,6802.76,3.821138790035587,347,1
15024.0,10,1661.33,2.826451612903226,105,1
15025.0,1,377.01,2.6869444444444444,66,0
15026.0,3,469.0,2.1795081967213115,57,0
15027.0,4,1066.15,3.78,30,0
15028.0,4,627.13,1.986875,35,0
15030.0,2,518.28,2.9728571428571438,7,0
15031.0,4,668.14,3.165135135135135,74,0
15032.0,3,4959.1,1.9057692307692309,29,0
15033.0,10,2586.67,2.084803921568628,315,1
15034.0,8,4308.61,2.9319035532994926,299,1
15035.0,1,252.73,2.1285185185185185,26,0
15036.0,3,465.55,2.1081102362204724,107,0
15038.0,6,705.49,4.182769230769231,105,0
15039.0,47,19914.44,3.1675565912117176,408,1
15041.0,1,180.35,2.03,66,0
15042.0,1,135.93,5.586,5,0
15043.0,1,537.0,1.79,3,0
15044.0,17,7700.23,4.632869757174393,233,1
15045.0,2,735.66,6.9191666666666665,11,0
15046.0,15,5213.77,2.780728155339806,147,1
15047.0,1,343.62,2.27,22,0
15048.0,4,384.05,2.533917525773196,86,0
15049.0,1,121.17000000000002,1.83,3,0
15050.0,3,1782.09,2.5871794871794878,68,0
15051.0,3,1391.61,2.2487412587412585,130,0
15052.0,1,215.78,3.5113333333333334,27,0
15053.0,3,697.79,1.5770422535211268,49,0
15054.0,2,302.1,1.7128070175438597,105,0
15057.0,2,1489.5,3.5916,25,0
15058.0,11,2124.99,2.8641666666666667,199,1
15059.0,9,1337.72,3.1344725738396626,161,1
15060.0,4,303.09,1.7283471074380166,81,0
15061.0,48,54534.14,2.5737468982630274,70,1
15062.0,4,987.86,2.061754385964912,47,0
15063.0,1,370.8,8.57,5,0
15065.0,4,3158.13,5.084967741935484,148,1
15066.0,1,893.59,4.46047619047619,42,0
15067.0,3,1744.76,3.1621951219512194,82,0
15068.0,2,553.36,2.555769230769231,96,0
15069.0,1,1109.53,4.523428571428571,70,0
15070.0,1,106.2,2.95,1,0
15071.0,2,982.07,4.647692307692308,25,0
15073.0,3,1043.41,2.6588888888888893,31,0
15074.0,1,748.87,2.2104761904761907,41,0
15075.0,1,773.03,3.312962962962963,27,0
15076.0,1,880.85,3.047755102040816,49,0
15078.0,32,9743.11,2.369431818181818,97,1
15079.0,4,895.61,4.605957446808511,46,0
15081.0,5,504.8,4.805151515151515,26,0
15083.0,1,88.2,6.67,5,0
15087.0,1,306.94,2.036,15,0
15088.0,2,1160.07,5.27,53,0
15089.0,6,2420.84,3.3199310344827584,139,1
15090.0,1,381.32,3.5617391304347827,23,0
15091.0,1,480.71,1.954,30,0
15092.0,2,457.81,5.378076923076923,23,0
15093.0,6,4597.02,2.7425,52,0
15095.0,4,1370.6,2.515744680851064,30,0
15096.0,1,219.39,3.1118181818181814,11,0
15097.0,1,248.08,2.266,25,0
15098.0,3,39916.5,434.65,1,0
15099.0,1,410.48,2.073478260869565,23,0
15100.0,3,876.0,10.949999999999998,1,0
15101.0,2,317.53,2.805,8,0
15103.0,2,703.36,5.646857142857144,35,0
15104.0,2,1027.44,5.425942028985507,66,0
15105.0,7,2298.93,2.410792079207921,90,0
15106.0,5,1422.52,2.4882,90,0
15107.0,6,319.5,5.584375,12,0
15108.0,4,1300.25,4.83,50,0
15109.0,1,484.95,5.880357142857143,28,0
15110.0,4,996.1,7.377142857142857,17,0
15111.0,3,1567.48,3.682380952380952,70,0
15113.0,3,3609.33,2.1344,77,0
15114.0,10,2760.56,1.5530964467005075,136,1
15115.0,1,340.11,3.730476190476191,21,0
15116.0,4,1352.75,2.7622222222222224,37,0
15117.0,5,1551.78,2.230632911392405,63,0
15118.0,1,244.8,0.17,1,0
15119.0,1,266.4,7.728571428571429,14,0
15120.0,1,358.82,4.91952380952381,21,0
15121.0,2,457.72,4.226785714285714,28,0
15122.0,3,1633.78,3.2530487804878048,65,0
15123.0,2,2199.31,3.053490566037736,93,0
15124.0,2,184.19,2.2046666666666668,14,0
15125.0,15,11528.48,3.3869291338582674,102,1
15127.0,1,406.53,1.838125,16,0
15128.0,4,1471.0,2.071470588235294,74,0
15129.0,11,3447.4,2.905238095238095,54,0
15130.0,1,330.11,2.42,22,0
15132.0,5,977.93,2.062692307692308,49,0
15133.0,3,982.42,2.2120689655172416,27,0
15134.0,8,1387.99,2.300821917808219,44,0
15135.0,1,139.05,3.594444444444445,9,0
15136.0,4,1286.7,2.0561764705882357,61,0
15139.0,2,178.96,1.3546153846153846,13,0
15140.0,7,2354.25,2.65775,74,0
15142.0,1,498.74,2.419230769230769,26,0
15143.0,1,259.45,2.8335714285714286,14,0
15144.0,17,6580.44,2.9005990783410134,132,1
15145.0,4,1194.73,3.413731343283582,54,0
15146.0,2,1327.16,1.5287912087912088,90,0
15147.0,1,623.5,2.9839285714285717,28,0
15148.0,1,301.29,2.5355,20,0
15149.0,1,520.8000000000001,5.95,23,0
15150.0,10,5314.47,2.928950437317784,282,1
15152.0,13,4745.69,3.474981549815498,196,1
15153.0,1,329.25,4.66590909090909,22,0
15154.0,1,296.42,2.957411764705882,66,0
15156.0,3,961.49,2.841090909090909,51,0
15157.0,3,1936.07,1.84528,125,0
15158.0,1,401.4,1.85,7,0
15159.0,30,18641.01,2.844718309859155,363,1
15160.0,1,158.16,1.7475,4,0
15163.0,2,304.47,2.437241379310345,29,0
15164.0,3,843.05,2.9453398058252427,79,0
15165.0,1,487.75,4.987037037037037,27,0
15167.0,1,163.0,2.674390243902439,39,0
15168.0,1,106.56,3.338,5,0
15171.0,1,1289.5,3.770000000000001,5,0
15172.0,5,1624.05,2.087909090909091,106,0
15174.0,1,135.75,1.549090909090909,11,0
15175.0,1,224.14,0.7404347826086957,23,0
15178.0,1,40.5,1.35,3,0
15179.0,5,2206.95,2.617419354838709,91,0
15180.0,1,87.5,3.266666666666667,6,0
15181.0,3,689.4799999999999,1.475625,11,0
15182.0,2,622.85,2.9741379310344827,24,0
15184.0,2,406.76,3.198888888888889,59,0
15185.0,1,310.62,2.327619047619048,21,0
15186.0,2,411.41,3.38,17,0
15187.0,16,4777.18,3.031868131868132,61,1
15189.0,41,16225.39,4.361933962264151,80,1
15192.0,3,1044.32,2.514705882352941,36,0
15193.0,1,499.32,6.397368421052631,19,0
15194.0,15,7616.53,2.4091290322580647,209,1
15195.0,1,3861.0,2.75,1,0
15197.0,3,1079.61,3.0321875,30,0
15198.0,2,193.64,1.875,10,0
15199.0,4,1268.7,4.6,5,0
15201.0,5,1236.54,1.6153623188405797,35,0
15203.0,6,1827.8,1.258169014084507,82,0
15204.0,1,316.58,2.4044444444444446,9,0
15205.0,2,653.24,3.684594594594594,37,0
15206.0,4,420.3,2.683333333333333,3,0
15208.0,5,870.12,4.873333333333333,25,0
15210.0,1,331.18,6.341,20,0
15211.0,2,894.4100000000001,5.495769230769231,52,0
15212.0,1,101.8,3.63,5,0
15213.0,2,328.35,1.55375,22,0
15214.0,8,1661.44,2.4215454545454547,109,0
15215.0,3,734.94,5.166857142857143,33,0
15216.0,1,96.6,4.8,2,0
15218.0,11,5756.89,3.0930120481927714,77,1
15219.0,1,305.75,9.883333333333333,9,0
15220.0,6,1778.96,2.559059829059829,110,0
15221.0,1,403.25,12.71,5,0
15222.0,1,585.0,1.344,5,0
15223.0,2,755.75,4.0865,14,0
15224.0,2,322.08,3.2135714285714285,13,0
15225.0,1,409.4,3.45,23,0
15226.0,1,154.41,3.8425,8,0
15227.0,5,1219.4,4.578448275862069,43,0
15228.0,4,3386.71,3.18552,110,0
15230.0,2,429.6,1.7817391304347827,23,0
15232.0,2,612.06,1.0306451612903225,26,0
15234.0,1,197.0,1.682857142857143,14,0
15235.0,12,2247.51,2.99055944055944,132,1
15236.0,1,321.05,1.6386666666666665,15,0
15237.0,4,1412.32,2.5204040404040406,94,0
15238.0,3,1071.99,4.8076,49,0
15239.0,2,780.59,1.9677551020408164,48,0
15240.0,5,1706.57,2.5883333333333334,58,0
15241.0,8,1756.44,1.882,82,0
15243.0,1,316.68,2.45,22,0
15244.0,2,631.57,2.3405882352941174,31,0
15245.0,3,2515.84,1.8764044943820224,55,0
15246.0,2,514.15,2.9833333333333334,32,0
15247.0,1,356.0,2.083333333333333,6,0
15249.0,13,6688.46,2.8037142857142854,211,1
15251.0,11,10484.99,3.865765765765766,97,1
15252.0,2,740.78,2.062727272727273,44,0
15253.0,5,918.2,1.6766037735849058,52,0
15254.0,1,300.36,2.03,18,0
15255.0,1,890.85,2.7510638297872343,47,0
15256.0,1,98.45,1.8166666666666669,6,0
15257.0,1,317.15,30.957142857142856,7,0
15258.0,2,623.16,5.6376470588235295,32,0
15260.0,7,1810.77,3.4683116883116885,62,0
15261.0,1,254.82,1.1994736842105262,19,0
15262.0,1,178.95000000000002,3.2950000000000004,10,0
15263.0,1,156.51,2.9575,12,0
15264.0,1,393.74,2.31,23,0
15265.0,2,1506.12,4.574390243902439,76,0
15266.0,1,119.3,6.75,6,0
15267.0,5,1717.36,1.8354545454545448,8,0
15269.0,1,408.8,74.975,2,0
15270.0,7,2379.49,6.593658536585365,22,0
15271.0,15,2507.07,2.7365328467153285,184,1
15272.0,2,721.94,4.119047619047619,63,0
15274.0,2,716.57,2.0589361702127658,44,0
15275.0,1,615.14,3.257073170731707,41,0
15276.0,1,135.31,2.4048076923076924,49,0
15277.0,1,255.9,1.7708333333333333,12,0
15279.0,1,290.51,3.8610526315789473,19,0
15280.0,1,113.12,0.804375,16,0
15281.0,9,2332.15,3.914820143884892,121,1
15286.0,1,240.55,4.45,3,0
15287.0,2,486.69,2.559,17,0
15288.0,5,2306.52,3.3252272727272727,80,0
15289.0,3,939.78,1.2341379310344829,43,0
15290.0,18,7943.22,3.250686274509804,93,1
15291.0,15,4668.3,5.093495145631068,62,1
15292.0,1,180.94,4.6328,24,0
15296.0,6,3672.86,3.4776288659793813,137,1
15297.0,3,641.94,2.7343589743589742,30,0
15298.0,12,4799.9,2.391927083333333,115,1
15299.0,7,4507.01,88.51571428571428,7,0
15300.0,1,496.44,2.862142857142857,28,0
15301.0,12,5070.35,3.0046090534979424,167,1
15303.0,1,574.02,3.8406451612903223,31,0
15304.0,8,694.4000000000001,7.467391304347826,8,0
15306.0,3,1174.35,2.6510344827586207,57,0
15307.0,1,205.3,6.745833333333334,12,0
15308.0,1,310.47,4.033684210526316,19,0
15311.0,91,60767.9,2.506036149642707,567,2
15312.0,4,924.85,2.3721276595744683,42,0
15313.0,1,52.0,2.08,1,0
15314.0,1,327.97,1.71375,24,0
15315.0,2,570.5,0.8824324324324324,35,0
15316.0,1,165.0,1.65,1,0
15318.0,1,312.62,0.5857575757575758,33,0
15319.0,1,204.5,3.24125,16,0
15320.0,1,267.13,3.0636111111111117,36,0
15321.0,3,2748.31,3.425684210526316,83,0
15322.0,1,679.68,3.112142857142857,42,0
15325.0,1,162.29,1.089591836734694,47,0
15326.0,1,311.71,1.4520689655172414,29,0
15327.0,1,208.75,4.397,10,0
15329.0,3,1049.7,3.6938596491228073,51,0
15330.0,2,714.96,0.5607692307692308,10,0
15332.0,4,1661.06,2.841142857142857,29,0
15333.0,1,1028.56,2.96375,16,0
15334.0,3,351.67,1.496363636363636,67,0
15335.0,1,173.97,2.816388888888889,34,0
15339.0,2,574.07,2.373953488372093,77,0
15341.0,1,2020.52,2.9717647058823533,17,0
15342.0,1,406.09,2.368333333333333,24,0
15343.0,1,364.5,6.39047619047619,21,0
15344.0,3,563.94,7.559230769230769,21,0
15345.0,1,393.54,7.730499999999999,20,0
15346.0,1,252.42,2.5700000000000003,17,0
15347.0,1,201.6,2.2700000000000005,5,0
15348.0,1,158.04,2.1133333333333333,9,0
15349.0,2,473.81,2.9402777777777778,65,0
15350.0,1,115.65,2.6700000000000004,5,0
15351.0,7,1960.11,2.8291555555555554,157,1
15353.0,2,777.02,3.312857142857143,59,0
15355.0,2,277.05,6.114285714285715,9,0
15356.0,10,2766.5,1.9985356454720615,215,1
15358.0,22,8347.2,1.9899274047186932,292,1
15360.0,1,427.93,2.3515384615384614,13,0
15361.0,1,418.92,1.3442857142857143,7,0
15363.0,1,326.0,2.9875000000000003,16,0
15364.0,2,913.19,1.9779310344827583,29,0
15365.0,7,2314.32,3.088421052631579,65,0
15366.0,2,602.51,2.473636363636364,37,0
15367.0,4,1877.59,2.9531578947368424,91,0
15368.0,1,446.94000000000005,3.56,4,0
15370.0,7,2386.05,3.799255319148936,65,0
15372.0,1,2007.4,0.8248148148148148,27,0
15373.0,12,2415.91,5.201363636363637,74,0
15374.0,1,168.0,3.8166666666666655,3,0
15376.0,3,1233.36,2.895299145299145,100,0
15379.0,7,3703.29,2.5399484536082477,145,1
15380.0,5,1690.2600000000002,6.140555555555555,22,0
15381.0,2,596.85,6.2,8,0
15382.0,6,5955.71,2.4367549668874173,193,1
15384.0,2,642.41,1.8617073170731704,34,0
15385.0,1,316.88,2.22,12,0
15386.0,1,394.14,1.3864516129032256,31,0
15388.0,1,140.54,2.063,10,0
15389.0,1,500.0,1.25,1,0
15392.0,4,1535.53,2.1430952380952384,74,0
15393.0,2,231.86,1.5783333333333334,10,0
15394.0,4,2183.54,3.2396470588235293,54,0
15395.0,1,107.45,6.542857142857143,7,0
15396.0,1,288.18,3.599285714285714,14,0
15397.0,1,94.0,4.933333333333334,6,0
15398.0,2,1345.53,2.694794520547945,60,0
15399.0,3,815.77,1.9098,45,0
15400.0,5,716.2,2.1041666666666665,10,0
15402.0,2,626.77,3.5076190476190474,35,0
15405.0,1,349.1,3.6,8,0
15406.0,2,510.71,3.2645283018867928,51,0
15407.0,4,1056.44,3.8966666666666665,142,0
15408.0,1,267.18,4.476176470588236,34,0
15410.0,8,3450.84,3.8858196721311473,48,0
15411.0,4,1358.88,4.114242424242424,86,0
15412.0,1,190.53,3.471,10,0
15414.0,3,774.9000000000001,3.2115384615384617,37,0
15415.0,1,572.8100000000001,1.7456250000000002,46,0
15416.0,4,3984.32,3.266666666666667,165,1
15417.0,1,508.8,1.8735714285714289,28,0
15419.0,1,135.86,1.3112499999999998,8,0
15421.0,4,950.36,2.674150943396226,40,0
15422.0,2,97.7,3.016666666666667,6,0
15423.0,1,43.5,3.93,2,0
15424.0,2,383.34,1.7388235294117649,17,0
15426.0,5,1447.39,2.68777397260274,217,1
15427.0,3,1483.14,2.1190522875816997,233,1
15428.0,1,93.78,1.8633333333333333,6,0
15429.0,2,397.35,2.0679268292682926,77,0
15432.0,1,171.19,2.909,10,0
15433.0,2,533.3,1.2573170731707315,40,0
15434.0,5,1041.48,3.250181818181818,40,0
15435.0,1,149.29,3.735172413793104,29,0
15436.0,3,1122.53,2.1387841945288755,243,1
15437.0,1,200.16,2.845333333333333,44,0
15438.0,1,156.57999999999998,3.5376,25,0
15440.0,3,383.68,2.338709677419355,50,0
15442.0,1,594.0,4.95,2,0
15443.0,7,3236.91,2.966649214659686,237,1
15444.0,2,1418.26,2.800821917808219,191,1
15445.0,1,113.5,5.55,5,0
15447.0,1,155.17,3.121111111111111,9,0
15448.0,1,494.64,3.5778571428571424,28,0
15449.0,3,974.52,1.901166666666667,47,0
15450.0,1,429.84,2.1726666666666667,30,0
15452.0,3,538.73,2.589827586206897,47,0
15453.0,7,1388.37,2.5453146853146853,169,1
15454.0,1,179.1,2.782,23,0
15456.0,3,447.22,1.605,48,0
15457.0,1,237.07,1.882586206896552,56,0
15458.0,1,161.64,1.2242857142857144,7,0
15460.0,1,216.76,2.828275862068965,53,0
15462.0,3,234.6,1.55,9,0
15463.0,1,126.14,1.8557142857142856,7,0
15464.0,1,1048.85,4.210891719745223,155,0
15465.0,18,7354.62,6.698762886597938,43,1
15466.0,1,334.53,1.9087719298245611,56,0
15467.0,3,524.88,2.2582692307692307,41,0
15468.0,2,467.51,4.485833333333333,24,0
15469.0,2,538.55,6.004166666666666,24,0
15471.0,1,469.48,1.9992207792207792,67,0
15472.0,1,371.56,2.2892105263157894,76,0
15473.0,7,1771.2,2.659090909090909,4,0
15475.0,1,454.11,1.8268965517241376,29,0
15478.0,2,1441.42,3.523260869565217,34,0
15480.0,1,905.5,4.2637777777777774,45,0
15482.0,12,11054.96,3.830816326530612,46,0
15483.0,4,233.81,1.6330681818181818,74,0
15484.0,4,3594.31,2.175478723404255,135,0
15485.0,3,2575.0,3.181627906976744,59,0
15488.0,1,91.32,8.03,2,0
15489.0,3,1134.28,2.978,47,0
15491.0,6,3100.09,3.89538961038961,108,0
15492.0,2,659.4599999999999,2.5388571428571427,32,0
15493.0,5,2001.8,4.442053872053872,177,1
15494.0,2,1299.23,2.39016,120,0
15497.0,2,1262.2,3.5933333333333333,13,0
15498.0,27,13316.4,3.17880859375,360,1
15500.0,4,1131.56,4.561323529411765,64,0
15502.0,12,10384.93,19.689953051643197,164,1
15503.0,1,147.09,2.053142857142857,66,0
15504.0,1,52.83,2.2315384615384617,13,0
15505.0,5,3610.96,2.352061855670103,90,0
15506.0,3,979.26,1.7823170731707318,121,0
15507.0,1,492.36,4.053260869565217,41,0
15508.0,6,1000.27,3.392608695652174,78,0
15510.0,1,250.0,125.0,1,0
15511.0,5,909.23,3.993375,117,0
15512.0,2,121.0,1.95,7,0
15513.0,19,14758.22,4.107370129870129,183,1
15514.0,11,4139.46,2.359213483146068,96,1
15516.0,3,62.43,2.7786666666666666,15,0
15517.0,1,267.03,1.807777777777778,27,0
15518.0,8,1942.45,2.4641588785046733,135,1
15520.0,1,343.5,1.7244444444444444,18,0
15521.0,8,3000.2,3.418594594594594,116,1
15522.0,2,398.84,0.9498245614035088,47,0
15523.0,1,412.0100000000001,3.631,10,0
15524.0,1,440.0,110.0,1,0
15525.0,3,825.92,2.703258426966292,133,0
15526.0,2,148.44,5.494999999999999,4,0
15527.0,8,2429.78,3.3190797546012267,127,1
15528.0,1,229.33,2.607692307692308,26,0
15529.0,11,3995.23,1.7170982142857143,415,1
15530.0,4,1502.35,2.843518518518519,90,0
15531.0,2,2007.44,3.037982456140351,196,1
15532.0,4,1580.93,3.8781640625,205,1
15533.0,3,807.57,4.041927710843374,73,0
15535.0,4,536.4,4.692666666666667,55,0
15537.0,1,110.92,3.862083333333333,24,0
15539.0,1,538.46,1.343658536585366,41,0
15540.0,1,213.3,1.7133333333333334,15,0
15541.0,1,85.13000000000001,2.0941379310344828,29,0
15543.0,1,127.86,2.1992857142857143,26,0
15544.0,9,3546.71,1.5977992277992277,122,1
15545.0,2,292.72,2.6919753086419758,78,0
15547.0,14,4954.84,2.603304843304844,441,1
15549.0,3,1693.26,3.284173913043478,104,0
15550.0,4,575.63,2.803934426229508,43,0
15551.0,1,436.06,3.9306896551724138,29,0
15552.0,1,90.12,1.7841176470588236,17,0
15553.0,1,437.23,2.4103571428571438,51,0
15554.0,1,217.2,4.810714285714285,14,0
15555.0,16,4805.17,1.696674082313682,401,1
15556.0,1,279.77,1.7899999999999998,31,0
15557.0,1,473.65,3.5595,16,0
15561.0,4,800.59,4.274814814814815,27,0
15562.0,1,134.55,3.45,1,0
15563.0,4,1400.44,1.883362831858407,88,0
15565.0,2,173.16,4.56625,8,0
15567.0,1,186.01,3.2357142857142853,7,0
15568.0,3,758.29,2.5564150943396227,27,0
15569.0,5,1375.71,2.165161290322581,27,0
15570.0,12,4165.52,3.6973993808049537,231,1
15571.0,4,650.4300000000001,2.701578947368421,47,0
15572.0,7,2552.86,3.643627906976744,166,1
15573.0,2,607.45,2.8558653846153845,88,0
15574.0,4,702.25,2.5163690476190474,131,0
15576.0,1,940.67,3.581111111111112,43,0
15577.0,3,258.88,3.0605128205128205,39,0
15578.0,1,127.1,2.3884615384615384,13,0
15579.0,2,348.6,4.046666666666667,45,0
15581.0,13,3679.97,22.55167785234899,134,1
15582.0,3,682.9100000000001,2.3970454545454545,39,0
15584.0,4,725.11,3.0995121951219518,89,0
15585.0,1,455.3,2.2641935483870967,31,0
15587.0,4,913.68,2.9166666666666665,3,0
15589.0,3,478.53,3.6893103448275855,28,0
15592.0,1,388.58,1.5645833333333334,24,0
15593.0,1,199.8,3.33,5,0
15594.0,5,1771.78,3.1589320388349518,85,0
15596.0,5,1406.59,4.183246753246753,51,0
15597.0,1,324.57,1.6090909090909091,22,0
15598.0,1,240.68,2.5564285714285715,14,0
15599.0,2,761.74,1.8890384615384617,50,0
15601.0,14,6776.56,2.685853658536585,230,1
15602.0,9,1297.87,2.409782608695652,30,0
15603.0,1,48.48,0.505,2,0
15604.0,1,216.39,1.543529411764706,17,0
15605.0,5,1198.23,4.588358208955224,61,0
15606.0,9,2920.16,3.717922077922077,48,0
15607.0,1,104.76,1.1753846153846153,13,0
15608.0,4,1093.68,3.255666666666667,59,0
15609.0,1,298.48,4.44625,16,0
15610.0,1,112.46,1.8733333333333333,6,0
15611.0,13,1591.45,5.777674418604651,23,0
15612.0,2,195.15,6.141666666666667,4,0
15615.0,23,10399.74,2.562931442080378,184,1
15618.0,4,776.851,2.550911111111111,39,0
15619.0,1,336.40000000000003,4.416666666666667,3,0
15620.0,3,1553.18,3.7297,92,0
15621.0,4,1293.03,2.06625,11,0
15622.0,9,3709.56,4.08372972972973,169,1
15623.0,1,301.03,4.2905263157894735,19,0
15624.0,4,588.13,3.6561764705882354,26,0
15625.0,4,1534.26,1.62359375,44,0
15626.0,2,675.8,1.646938775510204,49,0
15628.0,9,2870.24,2.3046451612903227,85,0
15630.0,2,1186.35,2.8271666666666664,57,0
15632.0,8,3285.31,2.695928143712575,107,1
15634.0,1,243.55,3.7266666666666666,15,0
15636.0,2,724.76,3.1712,20,0
15637.0,1,223.36,3.026666666666667,15,0
15639.0,1,425.32,4.3084,25,0
15640.0,15,12515.66,2.7894628099173557,240,1
15641.0,4,1887.2,1.9095798319327733,102,0
15643.0,3,664.0,5.933030303030303,31,0
15644.0,4,813.0,1.7819327731092438,166,1
15645.0,1,612.01,2.9526923076923075,50,0
15646.0,3,447.64,2.914285714285714,35,0
15648.0,2,657.35,4.58,23,0
15649.0,2,816.0,4.25,1,0
15651.0,3,646.3,2.1584375,27,0
15652.0,1,337.74,3.8533333333333335,21,0
15653.0,2,877.4399999999999,0.9066666666666666,4,0
15654.0,2,922.53,3.070952380952381,15,0
15655.0,1,560.67,3.0920588235294115,34,0
15656.0,4,748.5,4.41127659574468,46,0
15657.0,1,30.0,1.25,1,0
15658.0,5,1024.1,6.244791666666667,40,0
15659.0,1,306.45,5.459090909090909,11,0
15660.0,9,1600.86,2.3347777777777776,55,0
15661.0,2,309.8,0.91,4,0
15663.0,1,138.14,2.51,9,0
15664.0,1,386.43,4.165294117647059,17,0
15665.0,2,2242.01,2.2631896551724138,92,0
15667.0,1,301.32,1.5553846153846154,13,0
15668.0,1,76.32000000000001,1.06,1,0
15669.0,4,684.34,3.212121212121212,31,0
15670.0,1,173.05,3.15,12,0
15671.0,7,2657.13,2.4162820512820518,52,0
15673.0,4,2881.02,2.949225806451613,107,0
15674.0,5,2446.6,5.779999999999999,88,0
15675.0,3,323.69,2.8790476190476197,20,0
15676.0,3,3435.76,3.195841584158416,191,1
15677.0,1,657.23,3.582121212121212,33,0
15678.0,1,352.7,2.04,12,0
15679.0,4,781.28,1.1043636363636364,98,0
15680.0,3,1333.68,2.42,61,0
15681.0,5,1426.16,1.9690566037735848,32,0
15683.0,1,193.75,2.163,10,0
15687.0,9,2993.1,4.248253012048193,119,1
15689.0,2,254.1,3.5,8,0
15690.0,2,239.76,0.6831578947368421,19,0
15691.0,1,136.8,1.9,2,0
15692.0,1,191.04,1.9041666666666668,12,0
15694.0,14,6479.4,4.71076923076923,42,0
15695.0,2,409.98,2.887272727272727,22,0
15696.0,8,2736.46,4.26625730994152,140,1
15699.0,1,309.65,6.181111111111111,18,0
15700.0,2,696.68,2.933488372093023,85,0
15701.0,4,1542.14,2.94168776371308,193,1
15703.0,1,211.5,2.93,5,0
15704.0,4,2293.62,3.227008547008547,79,0
15705.0,1,143.1,6.05,6,0
15706.0,4,1060.56,5.126181818181818,50,0
15707.0,4,945.58,2.281495327102804,126,0
15708.0,7,3364.24,4.0928125,124,1
15709.0,1,133.25,2.415,6,0
15712.0,5,1072.36,3.666792452830189,41,0
15713.0,2,356.7,5.338421052631579,18,0
15714.0,2,330.88,3.0614285714285714,34,0
15716.0,4,1118.81,2.288728813559322,101,0
15717.0,1,150.3,2.4714285714285715,7,0
15719.0,13,5045.61,2.200554962646745,299,1
15720.0,1,598.73,2.46609375,128,0
15721.0,1,507.08,2.0571428571428574,80,0
15722.0,5,2222.56,3.047536231884058,45,0
15723.0,1,203.1,2.5853658536585367,37,0
15724.0,2,218.25,3.413636363636364,11,0
15725.0,1,415.25,2.65125,32,0
15727.0,7,5178.96,3.2481456953642387,213,1
15729.0,1,85.0,3.75,5,0
15730.0,3,1120.88,2.9675714285714285,68,0
15732.0,2,294.12,1.8907142857142856,13,0
15733.0,1,162.3,4.35,10,0
15734.0,2,1339.45,4.843846153846154,25,0
15737.0,8,1205.12,3.910416666666667,60,0
15738.0,16,4812.42,2.12121387283237,46,1
15739.0,1,449.12,2.52375,8,0
15740.0,1,154.88,2.4722222222222223,9,0
15743.0,4,784.46,4.683863636363636,59,0
15744.0,1,34.8,0.29,3,0
15745.0,4,1094.59,4.3022580645161295,57,0
15746.0,1,196.88,1.4835714285714283,28,0
15747.0,3,974.04,2.459569892473118,52,0
15748.0,1,149.31,3.736190476190477,19,0
15749.0,3,44534.3,3.044,5,0
15750.0,8,2465.48,2.4343003412969284,214,1
15752.0,7,2637.38,1.752676399026764,236,1
15753.0,1,79.2,0.55,1,0
15754.0,3,458.57,2.7239285714285715,24,0
15755.0,6,2364.25,3.1785106382978725,127,1
15756.0,4,532.96,2.477239583333333,160,1
15757.0,2,714.42,2.729555555555556,43,0
15758.0,1,205.25,4.427777777777778,9,0
15759.0,3,253.04,5.174285714285714,5,0
15762.0,2,583.75,4.001891891891892,37,0
15763.0,2,1086.92,6.6593442622950825,58,0
15764.0,6,3279.97,2.836666666666667,150,1
15766.0,1,315.06,3.208181818181818,11,0
15768.0,3,621.8299999999999,7.899259259259259,23,0
15769.0,26,56252.72,2.050769230769231,26,1
15773.0,1,635.6800000000001,1.334,10,0
15774.0,1,270.8,4.802,25,0
15775.0,1,104.9,2.4714285714285715,7,0
15776.0,1,241.62,4.183888888888889,18,0
15777.0,4,1047.11,3.823333333333333,18,0
15780.0,3,475.28,4.157586206896552,26,0
15781.0,3,345.46,3.9675,20,0
15782.0,3,2614.74,6.1141860465116284,34,0
15783.0,1,246.3,3.4364285714285714,14,0
15785.0,5,2328.9700000000003,3.243373493975904,58,0
15786.0,3,4932.2,2.732322097378277,257,1
15787.0,3,948.05,2.164708737864078,156,1
15789.0,1,351.3,0.9984,25,0
15790.0,1,220.85,3.424285714285714,34,0
15791.0,2,1612.69,3.256266666666667,66,0
15793.0,3,965.61,3.0975,6,0
15795.0,1,610.01,3.058095238095238,42,0
15796.0,8,2711.56,3.902255639097744,70,0
15797.0,4,2207.4,4.23125,8,0
15799.0,3,884.14,2.267448979591837,94,0
15800.0,2,699.08,2.712689075630252,116,0
15801.0,3,1063.95,2.96421875,61,0
15802.0,1,451.42,451.42,1,0
15803.0,1,415.8200000000001,1.74875,8,0
15804.0,13,4206.39,3.7104961832061063,170,1
15805.0,17,5528.4800000000005,2.742392026578073,220,1
15806.0,3,784.58,2.004193548387097,24,0
15807.0,3,903.9,2.5812500000000003,48,0
15808.0,4,3734.97,3.5788461538461536,142,1
15809.0,5,515.77,4.123142857142857,31,0
15810.0,4,1391.98,2.6612359550561795,66,0
15811.0,6,2218.62,3.487669172932331,117,0
15812.0,5,1801.14,5.051707317073171,36,0
15813.0,2,1303.91,3.775,40,0
15814.0,4,1945.33,3.284861111111111,63,0
15815.0,5,2100.6,2.160408163265306,33,0
15819.0,4,1905.45,2.0016260162601625,96,0
15820.0,1,206.98,2.2494117647058824,17,0
15821.0,2,570.96,3.696451612903226,57,0
15822.0,2,885.47,3.369393939393939,28,0
15823.0,1,15.0,15.0,1,0
15825.0,1,532.94,8.8395,20,0
15826.0,3,1654.31,3.2094117647058824,64,0
15827.0,14,1836.09,4.353130434782609,72,1
15829.0,2,636.14,1.0527450980392157,44,0
15830.0,1,576.0,2.913846153846154,39,0
15831.0,3,801.76,2.6416176470588235,63,0
15832.0,1,836.79,2.310185185185185,54,0
15834.0,4,2233.75,4.069487179487179,242,1
15835.0,4,954.09,3.073,47,0
15836.0,1,137.37,9.244,10,0
15837.0,1,391.98,4.09125,24,0
15838.0,19,33643.08,1.941976047904192,54,1
15839.0,3,1048.49,2.1283870967741936,56,0
15840.0,2,355.56,1.961111111111111,26,0
15841.0,4,1224.06,1.416808510638298,36,0
15843.0,1,118.95000000000002,7.14375,8,0
15844.0,1,130.73999999999998,1.7936363636363637,11,0
15845.0,8,3711.77,2.730144927536232,97,0
15847.0,2,389.27,3.35,22,0
15850.0,2,238.85,1.5638144329896908,87,0
15852.0,2,160.71,3.355,22,0
15853.0,1,110.8,1.4693333333333334,29,0
15854.0,12,2974.65,2.9360714285714287,105,1
15855.0,5,712.24,1.886,59,0
15856.0,27,16387.57,1.7719379844961245,295,1
15857.0,1,297.0,0.9428571428571428,14,0
15858.0,5,1438.85,2.3072774869109947,145,1
15860.0,8,977.21,3.439507042253521,105,0
15861.0,8,3165.36,1.871190476190476,339,1
15862.0,4,832.88,2.7378911564625854,142,0
15863.0,2,68.84,3.708888888888889,18,0
15864.0,6,1936.32,2.7265,16,0
15865.0,3,895.13,5.611,37,0
15866.0,1,230.53,3.8722222222222222,43,0
15867.0,15,3812.64,3.4156399132321043,302,1
15869.0,2,149.64,2.1420000000000003,13,0
15870.0,1,354.09000000000003,1.801842105263158,68,0
15872.0,2,360.93,2.07296875,101,0
15874.0,7,4405.88,5.8974166666666665,110,0
15877.0,2,493.28,1.871782945736434,122,0
15880.0,1,343.28000000000003,2.170190476190476,95,0
15881.0,5,501.39,3.3168965517241378,26,0
15882.0,4,516.36,1.9078260869565216,23,0
15883.0,2,396.48,2.9546938775510205,42,0
15885.0,3,379.35,5.686111111111111,18,0
15886.0,1,181.09,2.9975,12,0
15888.0,1,168.31,2.464166666666667,11,0
15889.0,2,446.87,2.89,79,0
15891.0,1,524.52,2.651774193548387,60,0
15894.0,2,263.55,2.011951219512196,35,0
15895.0,1,179.17,1.9845454545454544,11,0
15897.0,2,222.05,2.092083333333333,17,0
15898.0,5,1388.88,3.322674418604651,70,0
15899.0,1,56.25,4.125,4,0
15900.0,1,351.11,2.0315686274509805,44,0
15901.0,3,363.88,2.0995689655172414,102,0
15903.0,7,5126.76,2.245135135135135,46,0
15904.0,1,164.68,2.953333333333333,30,0
15906.0,7,1567.69,3.3830666666666667,113,0
15907.0,3,967.45,2.590240963855422,175,1
15909.0,1,191.94,1.86,7,0
15910.0,8,1232.18,1.812734082397004,215,1
15912.0,2,264.62,2.0957894736842104,19,0
15916.0,8,1528.09,3.7222580645161294,124,1
15917.0,1,123.1,5.15,12,0
15918.0,2,334.23,2.51425,33,0
15919.0,2,639.89,2.4646153846153847,103,0
15920.0,4,167.5,2.159333333333333,53,0
15921.0,1,336.03000000000003,3.7872,24,0
15922.0,1,369.5,4.409090909090909,11,0
15923.0,1,127.08,2.814761904761905,21,0
15925.0,1,207.15,2.895833333333333,12,0
15930.0,1,426.63,4.022857142857143,21,0
15932.0,8,2495.87,1.4927826086956522,93,0
15933.0,3,1107.46,2.1356756756756754,63,0
15935.0,2,416.86,27.295,12,0
15937.0,1,145.35,2.3714285714285714,7,0
15938.0,5,404.58,2.320555555555556,13,0
15939.0,15,6115.01,1.7944736842105262,28,0
15940.0,1,35.8,8.95,1,0
15942.0,1,337.44,2.657857142857143,14,0
15944.0,1,325.1,5.083333333333333,6,0
15945.0,1,181.0,2.75,2,0
15947.0,1,1708.24,4.022068965517241,29,0
15948.0,2,955.24,2.5215,51,0
15949.0,2,364.72,1.8247368421052632,12,0
15950.0,4,1765.51,3.335,86,0
15951.0,2,708.22,3.700731707317073,36,0
15952.0,4,806.57,3.2756043956043954,65,0
15953.0,8,1659.38,2.719795918367347,63,0
15955.0,14,4416.26,2.833169398907104,137,1
15957.0,1,428.89,2.787857142857143,40,0
15958.0,1,104.35,3.9842857142857135,7,0
15963.0,2,470.76,2.41,26,0
15965.0,4,845.64,2.287704918032787,88,0
15967.0,2,418.83,2.867619047619048,73,0
15969.0,3,666.1,7.0825000000000005,20,0
15970.0,1,314.1,2.6,11,0
15971.0,12,4199.85,2.325428571428572,10,0
15973.0,1,307.82000000000005,4.4275,4,0
15974.0,7,3442.15,2.819545454545455,141,1
15975.0,1,371.01,2.143333333333333,24,0
15976.0,2,430.94,2.4076530612244897,83,0
15977.0,2,1054.73,2.9993846153846158,48,0
15978.0,1,1098.78,1.9628571428571424,49,0
15980.0,3,2398.86,2.072558139534884,40,0
15981.0,8,3408.48,2.2077319587628867,53,0
15983.0,4,1475.02,2.100884955752212,82,0
15984.0,10,2837.67,2.730962962962963,217,1
15985.0,2,1142.42,1.8202702702702704,29,0
15986.0,1,168.12,0.897142857142857,14,0
15987.0,7,1451.28,2.154642857142857,110,0
15988.0,1,158.03,3.451851851851852,26,0
15990.0,2,792.11,3.0548076923076923,52,0
15992.0,1,41.99,6.109999999999999,3,0
15993.0,7,2797.57,2.233713768115942,335,1
15994.0,1,427.07,3.388,31,0
15996.0,6,1060.68,3.9843076923076928,103,0
15998.0,5,3089.97,2.5529446640316205,370,1
16000.0,3,12393.7,3.3455555555555554,9,0
16003.0,5,2735.37,5.018446601941747,82,0
16005.0,4,615.39,2.373577981651376,173,1
16006.0,1,101.4,1.5775,8,0
16007.0,4,1701.94,1.78612987012987,221,1
16008.0,3,478.78,2.111515151515152,29,0
16009.0,4,992.71,3.313888888888889,68,0
16010.0,3,407.5,2.2238372093023258,62,0
16011.0,16,3362.71,2.1162735849056604,99,1
16012.0,3,1415.29,2.587553191489361,87,0
16013.0,47,37130.6,2.803669064748201,30,1
16014.0,3,662.38,2.8024137931034483,123,0
16015.0,3,705.39,1.2462637362637363,146,0
16016.0,8,1508.76,2.9934468085106385,156,1
16017.0,1,211.88,2.675625,26,0
16018.0,2,408.9,3.3039285714285715,26,0
16019.0,9,3786.24,3.3305,133,1
16020.0,3,851.01,2.4445652173913044,42,0
16022.0,1,628.28,3.3089473684210526,68,0
16023.0,3,719.81,3.1293069306930694,90,0
16024.0,1,251.24,1.11484375,61,0
16025.0,1,439.66,1.9764285714285712,28,0
16026.0,1,236.09,1.285625,30,0
16027.0,6,934.62,13.510000000000002,11,0
16029.0,63,81024.84,36.04293388429752,44,2
16030.0,1,331.24,2.313793103448276,28,0
16031.0,2,548.94,2.7897000000000003,91,0
16033.0,20,8816.4,3.34532981530343,538,1
16034.0,3,437.7,2.5545454545454547,18,0
16036.0,2,758.92,2.133636363636364,55,0
16037.0,3,855.02,3.1225641025641027,37,0
16038.0,3,471.78,3.19,24,0
16040.0,3,1313.55,3.911384615384616,57,0
16041.0,3,3166.4,5.39,6,0
16042.0,5,1197.27,2.9728169014084505,68,0
16043.0,4,773.99,4.506923076923077,30,0
16045.0,4,1340.7,2.8589156626506025,71,0
16048.0,2,256.44,1.62125,8,0
16049.0,3,1111.79,2.019967948717949,248,1
16050.0,1,137.9,2.585,10,0
16052.0,1,362.06,2.4885294117647057,34,0
16053.0,2,1511.95,2.883809523809524,81,0
16054.0,1,783.9,3.998142857142857,70,0
16055.0,1,134.8,8.9875,8,0
16056.0,1,664.85,3.765882352941176,66,0
16057.0,7,2263.12,4.028181818181818,109,0
16059.0,6,1459.86,3.109333333333333,126,0
16062.0,4,1153.62,2.7225,50,0
16063.0,1,335.32,2.242608695652174,23,0
16065.0,1,372.09,1.8732432432432435,71,0
16066.0,5,1521.87,3.1003921568627453,77,0
16070.0,2,852.15,2.1045454545454545,32,0
16071.0,1,326.24,2.737142857142857,21,0
16072.0,1,584.3199999999999,8.399565217391304,23,0
16073.0,1,122.4,2.55,1,0
16076.0,10,2234.73,2.541007751937985,71,0
16078.0,1,79.2,4.95,1,0
16079.0,3,1352.0,2.9714285714285715,18,0
16080.0,2,217.16,1.7919999999999998,10,0
16081.0,5,2806.9,2.7976211453744493,175,1
16083.0,2,1317.62,1.5748387096774197,31,0
16084.0,1,436.18,2.6457894736842107,38,0
16085.0,5,981.51,2.387125748502994,123,0
16086.0,5,1121.39,3.22025641025641,24,0
16091.0,2,315.06,2.841666666666667,16,0
16092.0,3,817.86,2.176862745098039,37,0
16093.0,1,17.0,0.85,1,0
16094.0,4,1078.23,3.607936507936508,48,0
16096.0,1,320.62,13.269166666666669,12,0
16097.0,1,185.05,5.359999999999999,10,0
16098.0,7,2005.63,4.424626865671642,34,0
16099.0,3,731.9,1.8684615384615384,29,0
16101.0,1,1290.7,2.4839473684210525,76,0
16102.0,3,1842.14,2.598771929824561,41,0
16103.0,6,1429.64,4.607291666666667,30,0
16104.0,1,302.36,3.3613793103448275,28,0
16105.0,1,336.96,1.18,13,0
16106.0,1,108.38,1.5133333333333334,6,0
16107.0,7,3204.1600000000003,4.36483870967742,16,0
16108.0,1,842.5,1.9610416666666663,48,0
16109.0,2,611.88,1.5788888888888888,18,0
16110.0,3,1337.48,2.2664406779661017,283,1
16112.0,4,195.74,0.5575,15,0
16113.0,1,161.38,2.651,30,0
16114.0,1,135.75000000000003,3.34375,8,0
16115.0,8,1667.97,2.356901408450704,169,1
16116.0,1,612.78,4.36735294117647,34,0
16117.0,1,232.21,2.449,30,0
16119.0,2,423.36,2.131875,14,0
16120.0,4,1309.14,1.807,26,0
16121.0,2,867.11,1.965188679245283,170,1
16122.0,4,684.4200000000001,1.583157894736842,26,0
16123.0,1,307.78,3.1075,16,0
16124.0,1,249.0,8.549999999999999,11,0
16125.0,1,289.35,3.209230769230769,13,0
16126.0,4,6287.77,3.653333333333333,57,0
16127.0,1,656.25,3.10625,40,0
16128.0,5,1880.22,2.425056179775281,76,0
16131.0,6,3506.54,3.2437179487179484,55,0
16133.0,33,14589.04,3.2128106508875742,219,1
16134.0,2,618.09,2.047428571428571,34,0
16135.0,1,517.55,3.4428571428571426,21,0
16136.0,3,709.38,2.655675675675676,35,0
16139.0,3,635.41,2.7732258064516127,25,0
16140.0,2,725.18,1.7917142857142858,32,0
16141.0,1,620.4,4.6883333333333335,30,0
16142.0,1,535.34,2.8767567567567567,37,0
16143.0,6,2424.94,4.138119658119658,75,0
16144.0,1,175.2,10.95,1,0
16145.0,11,3799.49,2.2435267857142858,134,1
16146.0,3,734.13,2.0944827586206896,26,0
16147.0,1,375.0,3.9104545454545456,22,0
16148.0,1,76.32000000000001,1.06,1,0
16149.0,2,280.52,1.2538888888888888,18,0
16150.0,5,2053.02,3.028974358974359,91,0
16152.0,1,1829.04,5.976206896551724,29,0
16153.0,5,1824.23,2.9908988764044944,78,0
16156.0,9,3122.04,3.077,108,1
16157.0,3,656.69,3.445555555555556,12,0
16159.0,1,348.2,1.8714285714285717,14,0
16160.0,2,1025.44,1.741,20,0
16161.0,19,5575.56,3.1820464135021096,286,1
16162.0,1,37.4,9.35,2,0
16163.0,2,856.6,4.791666666666667,5,0
16164.0,3,822.48,2.433529411764706,27,0
16168.0,27,3787.6,3.3155102040816327,57,1
16169.0,4,1822.97,2.0698823529411765,71,0
16170.0,6,1885.05,2.08032,106,0
16171.0,1,73.2,3.4166666666666665,3,0
16172.0,5,1140.21,1.9330434782608692,52,0
16173.0,6,1418.32,4.03404761904762,70,0
16174.0,3,1009.55,3.7252173913043474,19,0
16175.0,4,1037.59,3.592586206896552,45,0
16177.0,1,331.95,5.41,15,0
16178.0,1,197.9,3.19375,8,0
16179.0,1,215.83,3.732727272727273,11,0
16180.0,8,10254.18,2.43179012345679,90,1
16181.0,1,305.54,2.411818181818182,11,0
16182.0,4,6617.65,2.12,17,0
16183.0,1,338.71000000000004,3.5153333333333334,15,0
16184.0,6,1158.79,4.008,26,0
16185.0,2,529.41,3.302258064516129,31,0
16186.0,12,4006.94,1.8390366972477064,87,1
16187.0,15,6911.4400000000005,2.1664745762711863,160,1
16188.0,4,981.86,2.22179104477612,65,0
16189.0,2,215.48,3.9436363636363634,9,0
16190.0,1,215.08,7.1866666666666665,6,0
16191.0,13,5180.52,2.2528358208955224,65,1
16193.0,1,314.45,2.347368421052632,19,0
16198.0,1,400.681,4.1794,15,0
16200.0,2,1080.62,2.595251396648045,149,0
16201.0,4,1863.47,2.0225225225225225,74,0
16202.0,1,365.27,3.4850000000000003,18,0
16203.0,4,592.9,2.875714285714286,27,0
16204.0,1,405.71,2.056140350877193,45,0
16205.0,4,761.38,2.2246938775510205,73,0
16206.0,4,537.0600000000001,2.346031746031746,52,0
16207.0,1,394.38,4.256842105263158,19,0
16208.0,2,664.26,3.159242424242424,61,0
16209.0,5,2262.62,2.483913043478261,37,0
16210.0,18,21086.3,3.757642276422765,74,1
16211.0,1,547.02,3.808260869565218,23,0
16212.0,2,690.34,4.468048780487805,40,0
16213.0,1,159.0,3.8166666666666655,6,0
16214.0,3,1062.75,4.525454545454545,36,0
16215.0,1,242.35,4.285714285714286,14,0
16216.0,1,914.93,8.991621621621622,37,0
16217.0,2,304.25,4.21,13,0
16218.0,7,3084.68,1.6713095238095237,56,0
16221.0,3,864.86,2.2505154639175258,90,0
16222.0,1,846.72,3.224963503649635,120,0
16224.0,4,1295.3,2.4532291666666666,90,0
16225.0,5,1096.32,2.393358208955224,109,0
16226.0,3,255.12,1.7675,6,0
16227.0,1,314.22,3.313333333333334,6,0
16229.0,2,1010.6,3.3648936170212767,46,0
16230.0,2,542.03,1.9505714285714284,32,0
16232.0,4,990.88,2.445945945945946,24,0
16233.0,3,536.6800000000001,3.628636363636363,22,0
16235.0,5,867.31,4.824565217391305,42,0
16236.0,1,432.2,2.8775000000000004,20,0
16239.0,2,414.2,2.331578947368421,18,0
16240.0,2,3718.8,4.088148148148148,126,0
16241.0,13,2607.87,2.22,347,1
16242.0,7,3603.21,2.41608843537415,184,1
16243.0,2,409.1,5.841372549019608,49,0
16244.0,2,1522.75,2.567252747252747,88,0
16245.0,3,1413.66,2.924444444444444,80,0
16247.0,1,114.56,2.71125,16,0
16248.0,1,152.94,2.031428571428572,7,0
16249.0,5,1800.07,3.483188405797101,67,0
16250.0,2,389.44,3.0883333333333334,22,0
16253.0,2,3683.86,1.7190243902439024,114,0
16255.0,8,2619.91,2.851,146,1
16256.0,1,752.4300000000001,2.3407692307692307,13,0
16257.0,1,46.95,23.475,2,0
16258.0,5,5203.51,3.034148148148148,111,0
16260.0,1,1035.45,5.366666666666666,18,0
16261.0,4,746.83,3.3495161290322577,98,0
16265.0,9,5447.0,3.743875968992248,164,1
16266.0,7,861.89,3.934918032786885,44,0
16268.0,2,667.65,4.259111111111111,45,0
16270.0,1,1141.24,3.222777777777778,54,0
16271.0,5,1429.24,1.6585714285714286,89,0
16272.0,1,411.7,1.7372,25,0
16274.0,1,357.95,4.277611940298508,64,0
16275.0,1,559.87,4.386969696969698,33,0
16276.0,1,810.6000000000001,1.9916666666666665,6,0
16278.0,1,566.38,9.835217391304347,23,0
16279.0,3,1509.58,2.1885981308411218,102,0
16281.0,1,2062.06,2.373529411764706,17,0
16282.0,1,168.3,2.731818181818182,11,0
16283.0,5,1570.81,2.4171686746987957,117,0
16284.0,2,823.97,2.118440366972477,87,0
16287.0,1,142.5,2.2375000000000003,8,0
16292.0,1,302.25,2.360588235294118,17,0
16293.0,10,2248.99,4.160847457627119,102,1
16295.0,4,1328.55,3.766835443037975,70,0
16297.0,1,301.9,2.7915,20,0
16298.0,3,598.2,4.071111111111112,22,0
16302.0,1,233.22,1.7618181818181815,11,0
16303.0,3,5360.63,2.858703703703704,119,0
16305.0,1,361.22,1.6831818181818183,22,0
16306.0,6,632.27,1.6270731707317072,36,0
16308.0,4,2560.0,0.32,1,0
16309.0,2,706.57,2.4180952380952383,39,0
16311.0,2,616.26,2.4735135135135136,35,0
16313.0,2,274.15000000000003,3.098125,16,0
16315.0,1,226.37,5.351428571428571,14,0
16316.0,8,2938.91,5.010463576158941,120,1
16317.0,3,1341.65,2.979420289855072,64,0
16318.0,1,328.15,2.473684210526316,19,0
16319.0,1,404.4,5.616666666666667,3,0
16320.0,2,1038.46,2.4805357142857143,56,0
16321.0,5,373.65,3.675,7,0
16322.0,2,326.75,2.437837837837838,28,0
16323.0,1,207.50000000000003,4.15,1,0
16324.0,3,428.68,2.1305932203389832,100,0
16325.0,3,594.24,3.690555555555556,14,0
16326.0,14,3110.96,4.954984326018809,158,1
16327.0,6,3844.22,2.090062695924765,142,1
16330.0,3,251.91,2.6733333333333333,39,0
16332.0,7,1593.2,2.786797385620915,125,1
16333.0,22,26626.8,1.0662222222222224,9,1
16337.0,1,151.05,3.04,10,0
16338.0,1,214.8,3.7345454545454544,11,0
16339.0,1,109.95,5.2575,17,0
16340.0,1,549.07,1.5188888888888887,124,0
16341.0,4,1971.87,1.823246753246753,60,0
16342.0,4,322.41,5.6033333333333335,10,0
16343.0,2,370.48,2.735106382978723,29,0
16344.0,1,101.1,5.7,1,0
16345.0,1,575.41,4.295526315789473,35,0
16347.0,2,887.65,3.762282608695652,61,0
16348.0,7,1469.45,2.867106382978723,157,1
16349.0,1,53.5,5.944444444444445,9,0
16350.0,4,1116.47,3.4387719298245614,40,0
16351.0,1,153.9,1.9875,8,0
16352.0,2,494.44,1.9617857142857145,28,0
16353.0,23,6675.71,3.010851063829787,51,1
16354.0,2,395.8,3.1382051282051284,38,0
16356.0,3,211.77,2.201290322580645,20,0
16357.0,3,658.88,4.5797058823529415,31,0
16358.0,4,2027.5,1.8883486238532112,82,0
16359.0,9,1750.92,8.14318181818182,39,0
16360.0,6,3512.53,2.278761329305136,365,1
16361.0,4,896.66,3.087735849056604,87,0
16362.0,5,734.77,2.8769135802469137,58,0
16363.0,1,109.36,2.9560000000000004,5,0
16364.0,2,707.04,3.453584905660377,48,0
16365.0,9,1540.42,5.143137254901961,45,0
16366.0,1,327.3,2.828888888888889,18,0
16367.0,2,804.49,2.3376153846153844,123,0
16368.0,2,497.43,2.409868421052632,58,0
16369.0,3,1553.66,2.3270338983050847,91,0
16370.0,4,1320.56,2.8847368421052635,143,0
16372.0,2,367.93,2.657731958762887,86,0
16374.0,2,473.03,2.5635135135135134,101,0
16376.0,2,987.01,2.55072,104,0
16377.0,1,676.2,0.534,5,0
16378.0,3,362.95,1.8021739130434784,22,0
16379.0,4,2157.4,1.9833333333333332,87,0
16380.0,1,1780.59,1.8,28,0
16383.0,2,668.36,2.2834313725490194,80,0
16384.0,2,584.5,3.503030303030303,33,0
16385.0,3,555.89,2.5457627118644077,52,0
16386.0,2,317.2,1.658977272727273,76,0
16387.0,1,94.36,3.16,4,0
16389.0,4,1382.07,2.7785294117647057,33,0
16392.0,1,221.19,1.9917777777777776,41,0
16393.0,13,3046.21,1.9769696969696968,120,1
16394.0,5,1555.34,1.231566265060241,61,0
16395.0,5,1486.9,1.983380952380952,150,1
16398.0,2,1705.8,5.544634146341464,75,0
16399.0,2,408.57,2.766164383561644,68,0
16400.0,1,303.93,3.0141379310344827,28,0
16401.0,12,4098.32,1.4426344086021503,66,0
16402.0,2,299.6,2.668333333333333,55,0
16403.0,1,177.5,1.61,10,0
16404.0,1,443.05,5.165217391304347,23,0
16405.0,2,167.25,2.33,3,0
16406.0,1,163.07,1.7908064516129032,54,0
16407.0,10,2126.93,2.9607558139534884,99,1
16409.0,5,2028.88,2.707844827586207,145,1
16411.0,2,214.65,2.035333333333333,41,0
16412.0,1,151.83,2.072857142857143,25,0
16413.0,1,262.2,2.5261290322580647,30,0
16414.0,2,126.25,7.064285714285714,5,0
16415.0,1,210.35,1.8175925925925929,45,0
16416.0,3,1051.4,3.0419718309859154,59,0
16418.0,3,675.27,3.762254901960784,76,0
16419.0,6,972.23,4.315882352941176,36,0
16422.0,51,34684.4,1.8139295392953927,68,1
16423.0,1,346.12,1.915555555555556,18,0
16424.0,1,133.56,3.998,5,0
16425.0,1,302.7,4.171904761904762,21,0
16426.0,10,1908.25,2.086666666666667,211,1
16427.0,2,241.06,1.488888888888889,8,0
16429.0,1,284.55,19.950000000000003,2,0
16430.0,1,300.85,4.358333333333333,6,0
16431.0,3,642.81,1.8336144578313252,51,0
16432.0,1,287.4,3.1675,8,0
16433.0,1,184.26,1.906470588235294,17,0
16434.0,7,1522.25,3.2576146788990825,88,0
16438.0,5,798.35,2.194015151515152,74,0
16440.0,5,3640.67,2.219042553191489,186,1
16441.0,2,381.2,3.2916666666666665,22,0
16442.0,3,616.79,2.237528735632184,161,1
16444.0,4,654.67,2.3755952380952383,68,0
16445.0,1,230.51,2.632063492063492,62,0
16446.0,2,168472.5,1.66,3,2
16447.0,1,259.01,2.9544444444444444,34,0
16448.0,1,188.89,2.9195,19,0
16449.0,2,707.69,3.298,40,0
16450.0,1,311.92,1.4845454545454544,11,0
16451.0,1,266.97,2.615,14,0
16454.0,2,6.9,1.975,2,0
16455.0,7,1841.18,2.101515151515152,69,0
16456.0,5,2158.37,2.1282882882882883,80,0
16457.0,1,208.36,2.67,9,0
16458.0,18,3482.74,1.7633663366336634,52,1
16460.0,3,814.72,1.675185185185185,128,0
16461.0,1,151.42,4.073939393939394,31,0
16462.0,3,136.0,8.5,1,0
16463.0,4,1422.4,1.993170731707317,74,0
16464.0,3,1314.68,2.5087711864406783,152,0
16466.0,7,1603.46,2.8899324324324325,103,0
16468.0,1,74.9,7.29,2,0
16469.0,4,650.43,2.9048351648351654,148,0
16470.0,4,762.39,1.9055882352941176,120,0
16471.0,1,223.95,2.2961538461538464,13,0
16473.0,3,316.11,2.650555555555556,18,0
16474.0,7,1871.5,2.199777777777778,237,1
16475.0,4,544.3,5.110714285714286,23,0
16477.0,7,2494.46,2.32513698630137,111,0
16478.0,3,331.0,2.942941176470588,15,0
16479.0,2,300.83,3.177142857142857,35,0
16480.0,1,769.29,3.330566037735849,51,0
16482.0,1,220.62,1.3616666666666668,18,0
16483.0,1,139.35,4.410526315789474,19,0
16484.0,2,404.3,3.2872000000000003,25,0
16485.0,1,363.65,3.0811904761904763,41,0
16488.0,3,498.8,4.441034482758622,28,0
16491.0,1,731.5,2.54974358974359,39,0
16493.0,4,1351.63,1.8078571428571428,40,0
16494.0,1,826.53,1.4992,47,0
16495.0,3,684.41,3.218144329896907,78,0
16496.0,3,1599.52,2.845052631578948,92,0
16497.0,6,2965.69,3.658602941176471,128,1
16498.0,2,100.97,2.3680000000000003,15,0
16499.0,2,365.45,4.302631578947368,18,0
16500.0,6,400.86,17.12,8,0
16503.0,4,1431.93,4.173571428571428,71,0
16504.0,1,484.38,1.2338372093023255,76,0
16505.0,1,777.6,1.35,4,0
16506.0,2,90.3,2.183333333333333,3,0
16509.0,1,363.7,7.623076923076923,13,0
16510.0,1,248.1,5.346153846153846,13,0
16511.0,3,950.26,3.032721893491124,135,0
16513.0,4,874.59,2.5905714285714287,33,0
16515.0,5,1627.13,2.5943362831858408,89,0
16516.0,1,101.7,2.1166666666666667,6,0
16517.0,1,162.7,2.8852941176470592,17,0
16518.0,2,484.32,2.3545000000000003,36,0
16519.0,2,215.08,6.617692307692308,13,0
16520.0,3,1046.57,2.7175641025641024,129,0
16523.0,21,9418.47,3.613206896551724,151,1
16525.0,26,13027.45,3.657595628415301,75,1
16526.0,1,290.36,5.615333333333334,15,0
16527.0,1,228.06,2.922857142857143,14,0
16528.0,1,244.41,3.223529411764705,17,0
16529.0,1,455.25,3.12,30,0
16531.0,7,1244.59,2.795194805194805,68,0
16532.0,3,6748.8,3.4825,2,0
16533.0,3,1095.56,2.650677966101695,112,0
16535.0,1,593.75,3.0245161290322584,31,0
16536.0,1,548.97,3.6401818181818175,49,0
16539.0,4,1388.81,3.893333333333333,36,0
16542.0,1,119.62,3.0780000000000003,5,0
16545.0,1,339.3,3.766666666666667,3,0
16546.0,2,787.15,1.888,25,0
16549.0,10,4154.64,2.03638124362895,445,1
16550.0,5,2298.97,2.5740637450199206,162,1
16551.0,3,922.12,1.95125,26,0
16552.0,2,379.73,4.11,17,0
16553.0,12,5719.82,2.1411904761904763,62,0
16554.0,3,837.1,3.4196153846153843,51,0
16555.0,2,285.89,2.827058823529412,15,0
16556.0,7,3313.79,3.882898550724638,144,1
16557.0,2,281.85,6.818181818181818,11,0
16558.0,20,8338.49,3.041195652173913,264,1
16560.0,2,841.41,3.930535714285714,52,0
16561.0,2,511.12,2.8583870967741936,29,0
16563.0,1,1077.74,3.415263157894737,19,0
16565.0,1,173.7,5.116666666666667,3,0
16566.0,5,614.66,2.6955555555555555,14,0
16567.0,2,865.6,2.1654285714285715,34,0
16569.0,1,124.2,2.592,5,0
16570.0,10,3738.4,3.17515873015873,68,0
16571.0,3,1421.69,2.0289655172413794,73,0
16572.0,3,1009.6,3.7794736842105263,40,0
16573.0,2,663.61,3.7616666666666663,40,0
16574.0,1,451.44,1.4257142857142855,28,0
16581.0,1,105.84,1.1855555555555557,9,0
16582.0,1,313.62,1.6216666666666668,6,0
16583.0,1,233.45,2.564285714285714,14,0
16584.0,2,936.08,2.709285714285714,25,0
16586.0,1,463.95,4.68125,8,0
16587.0,1,225.15,6.707692307692308,13,0
16589.0,3,459.24,1.8603030303030303,31,0
16591.0,1,213.5,4.443,10,0
16592.0,16,4113.68,2.1810185185185187,142,1
16593.0,3,330.03,4.834814814814815,24,0
16594.0,1,181.09,3.0179245283018865,53,0
16595.0,1,360.16,1.7484705882352942,83,0
16596.0,2,250.15,4.104166666666667,12,0
16597.0,1,90.04,1.6214285714285714,7,0
16598.0,1,145.04999999999998,2.56,10,0
16600.0,6,813.52,1.4333870967741935,50,0
16601.0,1,244.8,3.0725806451612905,29,0
16602.0,1,528.08,2.5113793103448274,29,0
16603.0,2,482.47,2.1564705882352944,34,0
16607.0,14,3347.71,4.347848837209303,140,1
16609.0,7,5493.46,3.5644202898550725,155,1
16610.0,1,75.66,1.2966666666666666,6,0
16611.0,1,129.49,3.787,9,0
16612.0,4,1187.66,3.23469696969697,48,0
16613.0,1,618.59,2.897,30,0
16614.0,1,506.19,4.756538461538462,26,0
16616.0,2,500.42,2.83969696969697,31,0
16617.0,1,151.85,3.91,5,0
16618.0,5,2647.59,3.626041666666667,79,0
16619.0,1,226.21,2.6757142857142857,14,0
16620.0,2,178.96,2.9177777777777774,9,0
16621.0,4,813.48,4.59103448275862,22,0
16623.0,1,129.45,3.1900000000000004,5,0
16624.0,2,810.5699999999999,3.07375,44,0
16625.0,1,333.08,2.737391304347826,23,0
16626.0,17,4413.1,4.136648044692738,86,1
16627.0,1,322.8,5.0675,20,0
16628.0,5,2188.05,2.440512820512821,79,0
16629.0,2,417.73,2.45296875,58,0
16633.0,6,2883.1,4.659407894736842,115,0
16634.0,2,217.9,4.505555555555556,9,0
16637.0,4,1154.47,2.793043478260869,66,0
16638.0,10,1680.72,3.7991489361702127,92,0
16639.0,3,1257.51,3.3548,48,0
16641.0,1,231.1,2.138333333333333,12,0
16642.0,2,688.33,3.3020588235294115,32,0
16643.0,1,487.51,3.635925925925926,27,0
16644.0,2,833.78,1.5379032258064516,62,0
16647.0,2,214.06,3.250714285714285,12,0
16648.0,1,290.66,1.2542105263157894,19,0
16650.0,1,518.42,2.2529166666666667,24,0
16652.0,7,6773.97,3.965932203389831,74,0
16653.0,2,1212.66,3.325652173913044,67,0
16654.0,4,601.27,4.256206896551724,29,0
16655.0,6,3794.52,2.5755172413793104,208,1
16656.0,15,8625.8,2.2016438356164385,14,0
16657.0,4,933.62,1.5751923076923076,158,1
16658.0,1,123.24,3.02125,8,0
16659.0,1,39.12,0.62,2,0
16660.0,4,1267.65,2.499375,16,0
16665.0,1,135.39999999999998,5.388888888888889,9,0
16666.0,1,118.98,0.7559375,32,0
16667.0,2,570.13,3.581509433962264,52,0
16668.0,6,306.72,1.283,9,0
16669.0,3,1374.87,2.7496875,141,0
16670.0,11,4095.9,2.952380952380953,179,1
16671.0,3,1692.27,2.803333333333333,3,0
16672.0,20,8134.94,3.634912280701754,22,1
16674.0,2,319.61,2.0144897959183674,89,0
16676.0,4,1592.12,4.986741573033708,75,0
16678.0,12,3109.99,1.8485276073619632,92,1
16679.0,1,129.75,6.916666666666667,3,0
16680.0,1,183.7,3.03,10,0
16681.0,6,1770.34,1.9406818181818184,18,0
16682.0,5,1028.0,1.7696666666666665,15,0
16684.0,28,66653.56,2.4516245487364623,119,1
16685.0,2,324.24,2.2548387096774194,60,0
16686.0,7,3062.83,2.7322051282051283,406,1
16688.0,4,1260.86,2.7750000000000004,52,0
16689.0,2,422.6,3.54,12,0
16690.0,2,225.58,3.486666666666667,10,0
16692.0,2,1276.0,55.31666666666666,2,0
16693.0,2,482.01,4.349833333333334,58,0
16696.0,4,657.9000000000001,3.9300000000000006,7,0
16697.0,1,112.75,4.640476190476191,20,0
16698.0,2,1998.0,2.37,4,0
16700.0,13,5076.55,2.037077922077922,159,1
16701.0,13,5398.3,2.1825,99,1
16705.0,20,14034.99,4.505185185185185,133,1
16706.0,3,531.35,2.8052032520325203,108,0
16708.0,1,656.63,3.364444444444445,27,0
16709.0,5,3029.87,5.439240506329114,64,0
16710.0,10,2483.04,2.356865671641791,268,1
16711.0,5,1651.03,3.4931818181818177,18,0
16712.0,11,3645.43,2.9700671140939594,259,1
16713.0,15,6923.13,3.077740384615385,338,1
16714.0,3,1161.53,3.536989247311828,77,0
16715.0,1,301.72,0.4531578947368421,19,0
16716.0,2,901.2,7.300000000000001,1,0
16717.0,6,3858.38,3.5104020100502518,176,1
16718.0,1,623.75,2.336888888888889,41,0
16719.0,7,1790.42,3.86592039800995,107,0
16720.0,1,155.24,2.2966666666666664,25,0
16721.0,1,292.47,2.363243243243243,37,0
16722.0,13,4730.81,1.2201777777777778,96,1
16723.0,2,589.15,6.873953488372094,37,0
16725.0,7,781.02,3.643245033112583,110,0
16726.0,5,1382.02,2.1744324324324324,121,0
16727.0,1,272.82,1.663695652173913,41,0
16728.0,4,1054.67,2.304646840148699,218,1
16729.0,21,7239.92,2.134439393939394,234,1
16730.0,3,743.11,1.4010975609756098,75,0
16732.0,1,603.75,3.3810714285714285,28,0
16734.0,3,650.51,3.5356603773584903,44,0
16735.0,5,2300.56,2.52744,88,0
16737.0,1,417.6,1.45,1,0
16738.0,1,3.75,1.25,1,0
16739.0,1,323.0,2.9038461538461537,13,0
16742.0,1,464.9,464.9,1,0
16743.0,7,2238.09,1.4706282722513089,89,0
16744.0,7,1304.76,2.498595041322314,198,1
16745.0,17,7194.3,1.922408963585434,148,1
16746.0,18,6697.66,2.782026726057907,234,1
16747.0,2,836.06,2.828095238095238,34,0
16748.0,5,1515.9,1.7210144927536233,42,0
16750.0,5,623.93,3.814105263157895,74,0
16751.0,1,1764.72,1.4,24,0
16752.0,1,207.5,13.594444444444443,9,0
16753.0,1,223.92,2.1223529411764703,34,0
16754.0,1,2002.4,0.62,2,0
16755.0,3,1496.83,2.7503529411764704,133,0
16756.0,1,239.4,3.6584615384615375,13,0
16757.0,1,106.83,1.3628571428571428,7,0
16758.0,1,369.34,4.041363636363636,22,0
16759.0,3,789.79,2.9404761904761907,40,0
16761.0,1,316.62,1.196923076923077,13,0
16762.0,3,1501.38,3.2635955056179773,51,0
16763.0,1,611.85,4.6673913043478255,23,0
16764.0,13,2799.25,2.362067988668556,209,1
16765.0,1,34.0,8.5,1,0
16766.0,2,1145.6,2.835294117647059,17,0
16767.0,11,5580.6,1.612297297297297,148,1
16768.0,3,478.09,4.027962962962963,47,0
16769.0,1,380.39,4.69375,33,0
16770.0,5,770.1,2.2877241379310345,116,0
16771.0,5,2246.81,2.856039215686274,200,1
16773.0,1,171.59,2.77,23,0
16774.0,4,661.52,2.4722916666666666,36,0
16775.0,11,1695.66,4.644873417721519,84,0
16776.0,1,388.28,1.9368421052631577,61,0
16777.0,2,226.35,3.6038,45,0
16778.0,2,245.94,2.365,16,0
16779.0,22,10629.72,2.3734234234234237,161,1
16780.0,2,425.19,2.5930000000000004,51,0
16781.0,1,311.25,5.008823529411765,17,0
16782.0,13,2279.9,3.642631578947368,103,1
16784.0,1,107.6,4.483333333333333,3,0
16788.0,2,597.48,2.313870967741935,138,0
16789.0,1,80.8,2.89,5,0
16790.0,6,1545.62,2.3633333333333333,88,0
16791.0,7,1721.78,2.92228125,218,1
16792.0,2,110.38,4.001666666666666,11,0
16793.0,1,243.84,2.426875,16,0
16794.0,10,1222.71,1.771719298245614,142,1
16795.0,1,414.88,2.2053030303030305,64,0
16796.0,1,305.62,1.7455555555555555,18,0
16800.0,1,1201.49,3.693353658536586,148,0
16801.0,4,1619.73,5.979210526315789,72,0
16803.0,1,332.3,2.103333333333333,24,0
16804.0,3,536.99,3.2141666666666664,59,0
16805.0,2,460.59,1.7842857142857145,94,0
16806.0,4,801.49,2.8590291262135925,68,0
16807.0,3,1121.59,2.5701492537313437,57,0
16808.0,2,288.42,2.332173913043478,21,0
16809.0,5,914.69,1.5418120805369129,79,0
16810.0,1,309.54,3.535333333333333,15,0
16811.0,2,547.07,2.3685714285714283,26,0
16812.0,1,479.35,5.533333333333333,15,0
16813.0,10,1692.98,1.750445434298441,248,1
16814.0,21,6509.1,3.2728703703703705,122,1
16816.0,4,417.06,2.2528571428571427,28,0
16817.0,9,1604.75,3.5644186046511632,73,0
16818.0,11,3349.57,2.5258510638297875,172,1
16820.0,1,497.61,3.7388461538461537,26,0
16823.0,1,358.38,3.273157894736842,34,0
16824.0,2,460.64,3.383076923076923,23,0
16825.0,2,775.1800000000001,3.3082142857142856,27,0
16826.0,1,341.7,3.985,22,0
16828.0,2,128.5,3.75,8,0
16829.0,1,197.22,3.019090909090909,11,0
16830.0,1,325.91,2.13,23,0
16832.0,3,199.15,8.083333333333334,11,0
16833.0,4,1106.53,3.1982978723404254,46,0
16834.0,1,413.46,1.50625,24,0
16835.0,2,180.85,4.297,10,0
16836.0,2,251.87,2.174545454545455,11,0
16837.0,11,3170.98,4.203090909090909,123,1
16838.0,2,588.85,11.256799999999998,24,0
16839.0,34,16594.35,2.983308270676692,114,1
16841.0,6,1869.82,1.2737931034482757,101,0
16842.0,3,1264.19,3.161111111111111,45,0
16843.0,16,10196.57,1.87468253968254,226,1
16846.0,1,214.32,2.661818181818182,11,0
16847.0,1,193.44,3.3075,12,0
16848.0,1,281.42,1.7100000000000002,14,0
16849.0,1,124.57,5.105,8,0
16850.0,1,332.41,2.1210526315789475,19,0
16851.0,3,342.45,1.9635,17,0
16852.0,2,144.91000000000005,8.315555555555555,9,0
16855.0,2,328.4,3.7394736842105263,19,0
16856.0,1,35.400000000000006,2.95,2,0
16858.0,1,375.69000000000005,5.349,9,0
16859.0,2,747.81,2.820576923076923,50,0
16861.0,2,173.76,1.895,6,0
16863.0,2,502.8,1.68,25,0
16866.0,3,207.74,3.808181818181818,10,0
16869.0,4,825.42,2.29875,113,0
16871.0,6,2812.34,3.4572992700729923,131,1
16872.0,3,680.02,9.68142857142857,5,0
16873.0,6,7123.62,3.503727598566308,179,1
16875.0,5,2095.53,3.585267857142857,93,0
16877.0,6,853.72,2.525786163522013,111,0
16878.0,1,13.3,1.5833333333333333,3,0
16880.0,7,1519.08,3.7406179775280894,121,1
16881.0,1,432.0,0.72,1,0
16882.0,3,705.12,2.767179487179487,39,0
16883.0,2,276.73,3.683947368421053,33,0
16884.0,2,429.84,1.9965384615384612,26,0
16885.0,3,471.51,3.452673267326733,82,0
16887.0,1,194.88,1.9683783783783784,35,0
16889.0,3,1578.67,3.099037037037037,112,0
16891.0,5,809.7,3.1253201970443354,166,1
16892.0,5,525.54,3.2438383838383835,87,0
16893.0,1,145.93,2.597111111111112,44,0
16895.0,1,219.14,2.430869565217391,57,0
16897.0,2,289.78,5.09972972972973,37,0
16898.0,3,508.81,2.055740740740741,150,0
16899.0,6,1281.56,3.38856,80,0
16900.0,3,887.11,2.1250632911392406,78,0
16902.0,1,1706.88,3.8652272727272727,43,0
16903.0,1,373.24,2.3445000000000005,50,0
16904.0,16,3754.27,2.746845070422536,387,1
16905.0,7,3102.43,3.5751442307692307,117,1
16906.0,4,579.77,3.269462365591398,74,0
16907.0,5,981.65,3.786622516556291,89,0
16909.0,1,379.14,3.238888888888889,18,0
16910.0,8,1510.06,2.173400365630713,318,1
16912.0,11,2575.38,4.062871287128713,88,1
16913.0,1,113.44,2.07125,8,0
16914.0,1,208.46,2.649736842105263,25,0
16915.0,6,621.6800000000001,5.300175438596492,46,0
16916.0,2,576.26,2.22041958041958,129,0
16917.0,1,391.52,3.873333333333333,9,0
16918.0,6,1068.82,2.080625,97,0
16919.0,11,2596.45,2.794954128440367,141,1
16921.0,1,169.79,1.5675,50,0
16923.0,19,7247.61,3.108511904761905,313,1
16924.0,3,846.75,2.6796385542168677,69,0
16926.0,1,230.25,6.978571428571429,14,0
16927.0,3,543.05,2.9066666666666667,5,0
16928.0,17,2847.6,1.895358851674641,69,1
16929.0,7,1295.39,2.079610389610389,51,0
16930.0,3,380.55,1.6248148148148147,47,0
16931.0,21,4604.22,2.064365256124721,448,1
16932.0,1,161.94,2.1841509433962267,44,0
16933.0,2,563.23,2.8868181818181817,42,0
16934.0,2,950.93,4.025645161290322,59,0
16936.0,1,262.68,1.87,56,0
16938.0,4,2736.38,2.847759336099585,212,1
16940.0,3,3049.88,2.078786885245901,226,1
16942.0,9,1920.59,2.976725978647687,159,1
16943.0,3,816.73,6.822424242424242,23,0
16945.0,19,4345.5,2.229317269076305,137,1
16947.0,1,406.48,2.610952380952381,21,0
16948.0,3,435.02,1.113157894736842,15,0
16949.0,6,1286.27,6.3966666666666665,57,0
16950.0,3,1178.56,3.0883333333333334,39,0
16951.0,3,1277.75,1.4517441860465117,73,0
16952.0,2,167.61,5.236875,16,0
16953.0,1,20.8,2.08,1,0
16954.0,9,2085.08,3.345,40,0
16955.0,4,518.67,4.1984,18,0
16956.0,1,308.74,4.229375,16,0
16957.0,2,416.64,3.329375,15,0
16959.0,1,117.35,3.007142857142857,7,0
16960.0,3,507.05,2.017425742574257,92,0
16961.0,1,234.17,2.674285714285714,14,0
16963.0,1,110.55,3.342857142857143,7,0
16965.0,1,201.19,2.335769230769231,26,0
16966.0,7,2154.97,1.2935714285714286,8,0
16967.0,1,319.02,1.1404761904761904,21,0
16968.0,2,439.43,2.803548387096774,31,0
16969.0,3,650.41,2.382142857142857,42,0
16971.0,1,357.21,7.760731707317073,40,0
16976.0,1,251.52,6.005,2,0
16978.0,1,344.33,2.944871794871795,39,0
16979.0,6,1852.0,3.471011235955056,64,0
16980.0,2,1078.96,2.3197701149425285,71,0
16982.0,1,384.06,2.453181818181818,22,0
16983.0,7,1931.25,2.368783783783784,112,0
16984.0,2,4481.35,3.5025307125307124,354,1
16985.0,10,5464.12,4.208,62,0
16986.0,2,1873.2,1.9833333333333332,3,0
16987.0,7,1625.05,4.745038759689923,74,0
16988.0,1,126.12,5.977142857142858,7,0
16989.0,6,1133.25,1.5,7,0
16990.0,1,179.0,1.79,1,0
16992.0,5,1614.31,3.8163440860215054,84,0
16996.0,6,1456.96,2.984054054054054,13,0
16997.0,3,702.0,1.95,7,0
16998.0,4,295.0,3.85,1,0
16999.0,2,484.82,2.427391304347826,21,0
17001.0,11,3989.57,3.05698224852071,75,0
17002.0,3,1493.73,3.438775510204082,41,0
17004.0,2,1412.94,2.652727272727273,38,0
17006.0,4,781.78,3.749772727272728,37,0
17007.0,6,889.9300000000001,3.3242307692307693,50,0
17010.0,1,195.36,2.5500000000000003,11,0
17011.0,1,270.9,1.79,15,0
17014.0,3,586.33,2.933513513513513,63,0
17015.0,3,1842.56,1.417142857142857,182,1
17017.0,20,8694.26,1.6860714285714284,88,1
17018.0,2,920.1,6.223125,15,0
17019.0,4,1272.61,2.1226495726495727,166,1
17022.0,1,71.0,0.9585714285714284,7,0
17024.0,3,95.85,1.3833333333333335,2,0
17025.0,3,357.77,2.006666666666667,8,0
17026.0,2,154.82999999999998,4.035,4,0
17027.0,6,890.29,2.642156862745098,110,0
17029.0,2,716.0,1.79,1,0
17030.0,1,146.87,2.661818181818182,11,0
17031.0,2,380.35,1.606818181818182,19,0
17033.0,3,1030.14,2.2567857142857144,24,0
17034.0,3,745.52,3.3606666666666665,28,0
17035.0,2,433.53,3.3057142857142856,27,0
17037.0,1,1267.32,2.7634666666666665,75,0
17038.0,1,112.4,4.440909090909091,22,0
17040.0,1,449.73,3.3006666666666664,15,0
17041.0,3,1081.57,1.929142857142857,59,0
17042.0,5,1044.38,1.8227551020408164,74,0
17043.0,4,1735.18,3.143627450980392,100,0
17044.0,1,948.48,2.236666666666667,6,0
17045.0,3,339.44,4.968181818181819,20,0
17046.0,1,642.02,2.169090909090909,22,0
17047.0,3,1100.9,3.536923076923077,59,0
17048.0,3,925.35,3.706511627906977,41,0
17049.0,9,5659.9800000000005,3.9271069182389935,201,1
17050.0,6,3228.84,2.778924050632911,169,1
17051.0,1,247.14,1.8213953488372088,40,0
17052.0,1,413.75,1.8638043478260868,72,0
17053.0,1,498.48,4.499230769230769,13,0
17054.0,5,1356.33,4.77144578313253,64,0
17058.0,3,1179.89,3.765322580645161,51,0
17059.0,5,3095.04,2.6577325581395352,292,1
17060.0,1,234.24,1.7719999999999998,5,0
17061.0,11,5232.2300000000005,5.087070707070708,57,0
17062.0,4,538.37,2.162,52,0
17063.0,7,1461.14,2.656025641025641,66,0
17064.0,3,859.35,3.687741935483871,53,0
17068.0,21,4552.14,2.5016554054054057,116,1
17069.0,9,2709.7000000000003,2.8552447552447555,111,1
17070.0,1,312.14,2.5853125,62,0
17071.0,9,2429.03,3.376714285714286,102,1
17073.0,4,1446.09,3.1235632183908044,142,0
17075.0,4,834.12,3.8464935064935055,62,0
17076.0,3,841.0799999999999,5.8696,17,0
17078.0,2,378.2,0.6025,28,0
17079.0,1,118.8,4.95,2,0
17080.0,2,287.62,3.76375,8,0
17081.0,2,290.16,3.7953125,55,0
17082.0,2,2003.85,4.224567901234568,75,0
17083.0,3,1405.78,2.0717307692307694,24,0
17084.0,2,2949.75,2.892283950617284,146,0
17085.0,5,1566.65,2.732192513368984,115,0
17086.0,6,2050.08,2.1609375,76,0
17088.0,4,1991.01,3.8090434782608695,96,0
17090.0,7,2043.95,2.742063492063492,45,0
17091.0,9,3827.76,3.139846153846154,119,1
17092.0,4,1777.78,2.2588000000000004,99,0
17094.0,1,302.0,2.146428571428572,14,0
17095.0,3,1324.16,3.755135135135135,69,0
17096.0,4,1022.13,4.555416666666667,46,0
17097.0,8,954.42,2.5918009478672985,153,1
17100.0,2,971.74,1.9433846153846157,65,0
17101.0,4,1621.73,2.8811904761904765,28,0
17102.0,1,25.5,12.75,1,0
17105.0,2,665.78,1.9445555555555556,80,0
17107.0,6,10815.43,3.343612440191388,269,1
17109.0,6,885.04,2.3304273504273505,107,0
17110.0,1,163.29999999999998,5.166666666666667,12,0
17111.0,1,248.61,1.842,29,0
17114.0,8,808.62,5.023464566929134,85,0
17115.0,3,837.5,4.382307692307692,33,0
17117.0,1,116.2,3.966666666666667,9,0
17118.0,1,157.02,1.358,10,0
17119.0,2,606.91,3.578857142857143,35,0
17120.0,1,307.46,4.396111111111111,18,0
17122.0,1,138.32,1.97,7,0
17123.0,1,345.29999999999995,1.772222222222222,9,0
17124.0,1,298.89,3.435625,31,0
17125.0,1,259.35,3.4685,34,0
17126.0,5,1004.75,1.8555384615384616,187,1
17128.0,1,157.09,3.985,14,0
17131.0,5,2463.17,3.519402985074627,78,0
17133.0,7,4892.240000000001,2.1211111111111114,13,0
17134.0,2,425.0,5.45,21,0
17135.0,7,1139.73,5.040961538461539,34,0
17138.0,1,380.5,4.90625,24,0
17139.0,12,10668.47,3.764456066945607,309,1
17140.0,1,465.32,2.5025,16,0
17142.0,1,579.0,19.186666666666667,15,0
17144.0,2,984.57,5.275833333333334,42,0
17146.0,3,749.78,7.031142857142857,33,0
17147.0,4,1714.59,3.190987654320988,68,0
17148.0,1,124.88,1.62,9,0
17152.0,3,1689.5,3.482857142857143,9,0
17153.0,1,213.78,2.789285714285714,14,0
17154.0,1,329.34,1.1069565217391304,23,0
17155.0,2,251.7,2.568,19,0
17157.0,2,319.0,2.5461538461538464,11,0
17158.0,3,1266.97,3.245522388059701,53,0
17159.0,3,1538.88,2.389108910891089,96,0
17160.0,6,3518.03,1.6480349344978165,111,0
17162.0,10,1715.46,3.83,81,0
17163.0,2,293.1,4.529999999999999,3,0
17164.0,7,2467.35,2.4883333333333333,92,0
17165.0,1,158.68,3.067,10,0
17166.0,2,206.34,3.115,11,0
17169.0,2,835.78,2.830740740740741,51,0
17171.0,1,224.91,2.38,16,0
17172.0,1,317.76,0.8446666666666667,15,0
17173.0,8,3766.6,3.715116279069768,36,0
17174.0,1,59.9,1.6625,4,0
17175.0,4,1443.69,4.0947619047619055,42,0
17176.0,1,306.13,2.772666666666667,15,0
17179.0,3,711.79,2.314375,56,0
17180.0,4,796.03,1.8921875,91,0
17181.0,2,239.92,3.039565217391304,23,0
17183.0,6,3347.31,4.032465753424658,42,0
17186.0,2,144.0,0.72,1,0
17187.0,1,203.95,3.765,10,0
17188.0,7,2474.23,2.6591666666666667,71,0
17189.0,2,384.4,2.314754098360656,52,0
17190.0,2,444.74,12.313684210526317,19,0
17191.0,7,2095.13,2.56506329113924,163,1
17193.0,7,1699.3000000000002,2.4309375,17,0
17194.0,2,262.62,3.9117241379310346,26,0
17197.0,1,1013.01,5.508965517241379,29,0
17198.0,3,692.22,2.8972916666666664,89,0
17201.0,1,342.63,1.9490000000000005,38,0
17203.0,6,3563.85,1.7332236842105262,116,0
17204.0,4,1564.56,4.641052631578948,44,0
17205.0,1,384.08,0.5253846153846153,13,0
17206.0,1,204.24,2.7885714285714287,7,0
17211.0,8,2317.2200000000003,3.2573933649289097,150,1
17212.0,1,226.85,1.385,4,0
17213.0,7,2781.23,4.155414012738853,85,0
17214.0,6,1069.12,5.273495145631068,79,0
17217.0,1,113.5,3.716666666666667,9,0
17218.0,10,1960.72,2.9099270072992702,146,1
17219.0,1,114.23,1.8852,24,0
17220.0,14,3198.25,2.460635593220339,303,1
17221.0,2,335.13,1.9444444444444444,59,0
17222.0,1,354.15,2.9910714285714284,27,0
17223.0,2,426.79,4.364285714285714,43,0
17226.0,1,393.49,2.5752380952380958,21,0
17227.0,6,939.32,1.3721276595744685,28,0
17228.0,8,1906.09,1.7266346153846153,140,1
17229.0,2,318.76,2.008936170212766,39,0
17230.0,8,3638.41,3.736521739130435,51,0
17231.0,10,3174.32,2.742458410351201,292,1
17232.0,2,421.52,2.656388888888889,30,0
17233.0,1,190.88,2.4748,25,0
17234.0,1,149.89,3.697857142857143,14,0
17235.0,2,550.06,3.179310344827586,24,0
17236.0,6,916.13,2.693714285714285,88,0
17237.0,2,314.69,3.2257894736842103,18,0
17238.0,17,3744.65,2.688268551236749,297,1
17239.0,1,382.5,4.066666666666666,15,0
17242.0,2,1135.04,2.14775,30,0
17243.0,26,8676.85,4.198025,180,1
17244.0,1,954.9,1.7067741935483869,31,0
17245.0,1,171.45,2.9055555555555554,9,0
17247.0,1,282.19,3.282,53,0
17248.0,1,318.65,1.905217391304348,68,0
17250.0,2,384.52,3.0140350877192983,55,0
17251.0,1,283.28000000000003,3.503589743589744,37,0
17252.0,2,353.86,2.7728735632183907,86,0
17253.0,1,178.26,5.614444444444445,18,0
17254.0,2,272.44,1.5055357142857144,100,0
17255.0,2,298.41,1.9242307692307687,69,0
17256.0,2,240.0,2.448125,12,0
17259.0,2,603.37,2.3345967741935483,104,0
17262.0,5,1253.36,4.0275,9,0
17263.0,1,63.440000000000005,2.011304347826087,23,0
17265.0,2,562.9,2.3281889763779526,106,0
17266.0,3,310.64,2.5951250000000003,60,0
17267.0,2,317.62,3.401315789473684,37,0
17268.0,4,763.64,1.0066666666666666,3,0
17272.0,4,2148.63,1.8583333333333332,70,0
17274.0,1,111.98,1.744074074074074,24,0
17277.0,2,1065.35,3.351594202898551,67,0
17278.0,1,246.04,4.753333333333334,15,0
17279.0,1,187.83,6.736666666666666,8,0
17282.0,3,1703.41,2.388617021276596,79,0
17284.0,6,1652.58,1.6184246575342465,229,1
17286.0,1,153.92,1.8722222222222225,44,0
17287.0,7,1064.11,3.17258064516129,88,0
17288.0,7,1419.73,2.674647887323944,118,0
17289.0,3,944.41,2.1884684684684688,86,0
17290.0,2,525.24,2.572941176470588,92,0
17291.0,1,550.8000000000001,7.65,1,0
17293.0,9,1875.11,2.766074074074074,93,0
17295.0,3,556.95,2.949710144927536,53,0
17297.0,1,131.78,2.2054901960784314,49,0
17298.0,2,498.42,2.0803333333333334,30,0
17299.0,4,669.11,1.6266666666666667,50,0
17301.0,1,197.63,1.910909090909091,59,0
17302.0,5,1135.63,2.506582278481013,68,0
17303.0,1,250.04,2.940943396226415,53,0
17306.0,19,8631.31,1.558030303030303,13,1
17309.0,1,82.75,2.9375,11,0
17311.0,2,1384.85,3.0627272727272725,55,0
17312.0,3,644.3,2.305,11,0
17313.0,1,2328.84,2.1425,24,0
17314.0,8,2527.92,2.458091603053435,120,1
17315.0,38,6292.26,2.75061310782241,256,1
17317.0,3,2600.34,3.2244444444444444,8,0
17320.0,3,1200.62,3.742191780821918,57,0
17321.0,2,700.86,2.766728971962617,94,0
17323.0,7,921.07,1.4286500000000002,125,1
17324.0,4,990.23,2.7656,43,0
17325.0,1,96.8,1.633333333333333,6,0
17329.0,2,523.11,4.12939393939394,29,0
17330.0,2,363.9,4.488333333333333,5,0
17331.0,1,175.2,10.95,1,0
17333.0,1,494.25,1.772142857142857,28,0
17334.0,2,307.02,1.3527272727272728,11,0
17337.0,4,2027.87,2.2972375690607736,421,1
17338.0,8,6643.93,2.779442231075697,389,1
17339.0,2,243.36,2.9522222222222223,9,0
17340.0,11,12353.29,3.148869778869779,229,1
17341.0,3,781.36,2.1207650273224044,147,0
17343.0,1,193.64,4.70235294117647,17,0
17344.0,1,160.57,2.8334375,31,0
17345.0,4,537.74,2.7472413793103447,70,0
17346.0,15,2676.56,2.39966,299,1
17347.0,1,228.96,1.06,1,0
17348.0,5,1159.52,1.6951627906976745,180,1
17349.0,1,110.75,3.0877777777777777,8,0
17350.0,4,1286.07,2.4407042253521127,66,0
17351.0,3,587.15,5.725555555555555,22,0
17353.0,2,1740.0,1.45,5,0
17354.0,1,1393.06,1.406875,15,0
17356.0,1,178.22,1.121578947368421,19,0
17357.0,2,388.14,3.4548888888888887,41,0
17358.0,2,365.85,2.692372881355932,55,0
17359.0,1,127.86,2.104,13,0
17360.0,3,585.79,2.8299242424242426,113,0
17361.0,3,488.2,4.833793103448276,26,0
17362.0,2,312.23,2.991142857142857,30,0
17364.0,11,4481.18,2.703065693430657,288,1
17365.0,8,4801.56,1.9343803418803416,278,1
17367.0,1,168.4,1.8961764705882356,33,0
17368.0,8,1912.67,2.488468468468468,93,0
17370.0,4,446.18,1.396969696969697,31,0
17371.0,3,423.89,3.1804597701149424,83,0
17372.0,8,1342.68,2.326600790513834,215,1
17373.0,4,646.92,1.8789473684210525,47,0
17374.0,2,495.77,7.0996428571428565,24,0
17375.0,3,400.1,2.7102898550724634,63,0
17376.0,2,203.2,3.454166666666667,23,0
17377.0,20,4100.92,2.604186602870813,190,1
17379.0,1,404.66,1.3718072289156626,71,0
17381.0,29,20275.61,1.3353211009174313,40,1
17382.0,1,65.4,8.55,2,0
17383.0,1,199.29,1.8564705882352943,49,0
17384.0,2,336.4,3.2493333333333334,12,0
17385.0,1,261.11,1.92,42,0
17386.0,6,2686.42,1.6421428571428571,23,0
17387.0,2,784.11,2.417692307692308,71,0
17388.0,4,1259.56,4.698,13,0
17389.0,34,31833.68,5.688826291079812,45,1
17391.0,2,508.8,1.06,2,0
17392.0,2,457.91,3.417903225806452,53,0
17394.0,1,203.87,3.4425,4,0
17396.0,8,7330.8,4.416296296296296,24,0
17397.0,2,696.41,3.074782608695652,88,0
17398.0,3,653.38,4.841578947368421,30,0
17400.0,5,2129.96,3.355680751173709,175,1
17402.0,13,2633.85,5.860169491525424,33,0
17403.0,1,281.62,3.1360606060606058,32,0
17404.0,15,31906.82,2.193939393939394,111,1
17405.0,3,1031.41,3.1534146341463414,77,0
17406.0,3,2200.42,6.764955752212389,99,0
17408.0,1,32.65,11.35,2,0
17409.0,2,771.85,7.625384615384615,13,0
17410.0,5,1214.72,3.48953125,57,0
17411.0,3,778.94,4.144146341463415,39,0
17412.0,7,1258.06,2.721060606060606,48,0
17414.0,2,778.0,0.425,5,0
17415.0,1,507.84,13.96642857142857,14,0
17416.0,7,6893.42,2.3484758364312266,186,1
17418.0,2,463.46,2.941666666666667,29,0
17419.0,12,4226.57,4.12121359223301,155,1
17420.0,3,598.83,3.881333333333333,28,0
17422.0,6,1979.37,1.4844444444444445,93,0
17423.0,2,698.41,2.285,26,0
17425.0,2,759.17,2.670930232558139,42,0
17426.0,6,5037.26,3.014686346863469,179,1
17427.0,1,100.8,4.165,2,0
17428.0,28,17256.85,3.572774390243903,252,1
17429.0,3,524.9200000000001,2.086153846153846,36,0
17430.0,2,265.76,1.997857142857143,14,0
17431.0,1,403.3,1.9611627906976743,41,0
17432.0,2,365.76,2.5272916666666667,44,0
17433.0,1,303.16,2.4059259259259256,53,0
17434.0,7,2373.82,2.741044776119403,100,0
17436.0,2,216.3,2.4277777777777776,7,0
17438.0,1,388.4500000000001,5.238235294117647,17,0
17440.0,3,186.42,0.678,3,0
17442.0,6,2248.56,2.527333333333333,96,0
17443.0,1,534.24,1.06,1,0
17444.0,3,2940.04,6.547407407407408,132,0
17446.0,2,120.9,0.7722222222222223,6,0
17447.0,2,541.53,1.6922222222222223,33,0
17449.0,7,2520.86,3.49115523465704,178,1
17450.0,46,194550.79,3.392640949554896,124,2
17451.0,7,1721.4,2.2744,83,0
17453.0,2,486.72,3.4231578947368417,19,0
17454.0,4,517.53,2.64344262295082,57,0
17455.0,1,131.7,2.825,8,0
17456.0,1,249.86,1.5076470588235291,17,0
17457.0,5,1737.7,3.221052631578947,14,0
17458.0,1,316.5,2.4331481481481485,52,0
17459.0,2,657.3,1.9172072072072075,88,0
17460.0,6,622.4300000000001,4.310689655172414,18,0
17461.0,3,757.46,2.4001801801801803,104,0
17462.0,2,675.69,3.8862962962962966,25,0
17463.0,5,1896.41,2.794604651162791,162,1
17464.0,1,289.96000000000004,2.7211111111111115,9,0
17466.0,2,763.28,4.690975609756098,41,0
17468.0,2,137.0,1.17,5,0
17469.0,5,1870.97,3.0990909090909096,61,0
17470.0,5,1125.07,1.2026923076923075,67,0
17472.0,3,710.29,2.055303867403315,142,0
17475.0,1,194.37,1.7764285714285717,14,0
17480.0,1,511.82,1.8,29,0
17481.0,4,1255.59,2.549390243902439,69,0
17483.0,3,414.04,3.264761904761905,18,0
17486.0,1,396.87,2.89625,24,0
17489.0,2,376.64,1.076896551724138,28,0
17490.0,7,2092.32,3.006184210526316,63,0
17491.0,10,3558.87,3.312935779816514,72,0
17492.0,1,374.57,3.523333333333333,12,0
17495.0,2,497.56,3.68,21,0
17496.0,1,271.05,5.165,10,0
17498.0,1,272.22,2.0194117647058825,17,0
17499.0,1,622.88,1.73825,40,0
17500.0,3,1138.0,54.3,3,0
17501.0,2,288.6,3.4944444444444445,18,0
17502.0,4,689.1,2.8096428571428573,25,0
17503.0,2,558.96,2.3276315789473685,36,0
17504.0,9,2997.03,3.409527559055118,112,1
17505.0,2,1145.84,2.9532692307692305,48,0
17506.0,1,302.2,3.6342857142857135,14,0
17507.0,2,605.58,2.6617045454545454,79,0
17508.0,1,387.31,1.622272727272727,22,0
17509.0,8,6115.14,2.259207650273224,75,0
17510.0,1,308.48,2.211,20,0
17511.0,31,91062.38,2.3066251298027,453,2
17512.0,10,2924.99,1.9543809523809528,61,0
17513.0,1,513.2,2.77,6,0
17514.0,1,208.65,2.228,40,0
17515.0,4,639.02,3.740804597701149,49,0
17516.0,5,768.08,2.759124087591241,113,0
17517.0,1,153.94,2.5381818181818185,11,0
17519.0,6,1844.02,3.1192682926829267,60,0
17520.0,1,546.81,3.2976666666666663,30,0
17521.0,3,723.2099999999999,1.9406666666666663,38,0
17522.0,5,1070.71,1.9445205479452048,59,0
17523.0,4,652.74,3.128181818181818,25,0
17524.0,1,145.0,1.5916666666666668,6,0
17525.0,1,422.7000000000001,6.005555555555556,9,0
17526.0,4,1195.9,5.22578947368421,17,0
17527.0,4,939.37,3.408936170212766,45,0
17528.0,8,3628.5,3.161818181818182,183,1
17530.0,10,2385.0,2.3262690355329947,306,1
17531.0,1,296.7,4.1242857142857146,14,0
17534.0,1,223.36,2.677777777777778,9,0
17535.0,1,164.4,1.473076923076923,13,0
17536.0,1,76.5,12.75,3,0
17537.0,2,897.62,2.6604,74,0
17538.0,1,98.42,1.1933333333333334,9,0
17540.0,2,578.9,3.534,20,0
17542.0,1,170.75,2.584,24,0
17545.0,3,645.96,2.4860689655172417,122,0
17548.0,1,103.3,2.43,5,0
17549.0,2,148.86,1.7666666666666666,5,0
17550.0,3,267.16,2.978095238095238,42,0
17551.0,1,306.84,2.5411627906976744,39,0
17552.0,4,930.41,2.2583673469387757,43,0
17553.0,1,1487.6,3.1,2,0
17554.0,5,1952.45,3.0594318181818183,58,0
17555.0,2,483.26,2.184622641509434,101,0
17556.0,1,157.9,4.778333333333333,6,0
17557.0,3,541.46,2.702058823529412,27,0
17560.0,4,854.95,3.4342307692307696,22,0
17561.0,1,167.62,2.094347826086957,44,0
17562.0,7,1122.38,1.8968253968253967,48,0
17564.0,3,454.01,3.722448979591837,38,0
17566.0,2,901.21,2.6539473684210524,113,0
17567.0,8,4331.48,2.3494545454545457,110,1
17569.0,1,344.14,3.3531034482758617,29,0
17571.0,4,1498.51,2.758227424749164,247,1
17572.0,4,226.75000000000003,3.158333333333333,7,0
17573.0,3,380.6,2.2028,24,0
17574.0,1,185.65,3.31625,8,0
17576.0,19,3622.68,3.015547445255475,245,1
17578.0,1,143.45999999999998,1.286,5,0
17579.0,3,448.9,2.476,46,0
17580.0,3,215.72,2.157555555555556,43,0
17581.0,25,11045.04,3.117909090909091,229,1
17582.0,1,175.27,2.134137931034483,28,0
17584.0,2,1242.3,3.982857142857143,30,0
17585.0,4,1133.07,1.380981308411215,176,1
17588.0,3,1240.2,5.203043478260869,19,0
17589.0,4,2404.17,2.174822134387352,172,1
17590.0,3,1479.22,2.668407960199005,162,1
17591.0,7,2225.9700000000003,3.532228915662651,81,0
17593.0,5,3927.34,2.497136150234742,190,1
17594.0,2,993.18,1.941,42,0
17595.0,2,388.79,2.497710843373494,68,0
17596.0,7,2827.93,1.9154814814814816,168,1
17597.0,1,2044.37,3.3992727272727272,55,0
17600.0,1,161.67000000000002,3.5307692307692307,13,0
17601.0,1,116.01,1.6122222222222222,9,0
17602.0,6,5102.97,1.9664464285714287,335,1
17603.0,1,394.72,13.392727272727273,11,0
17604.0,2,309.36,2.5342857142857143,57,0
17608.0,2,193.42,1.153050847457627,54,0
17609.0,5,1112.22,2.3075105485232066,199,1
17611.0,15,3984.22,2.5292881944444447,440,1
17612.0,6,2048.45,2.5762962962962965,116,0
17613.0,14,4559.150000000001,2.6451602564102563,211,1
17614.0,1,390.07,2.2116,97,0
17615.0,3,329.6,3.9107142857142856,13,0
17616.0,3,571.1999999999999,2.55,1,0
17618.0,3,971.58,4.282820512820513,56,0
17619.0,1,218.52,1.8036363636363637,71,0
17620.0,1,81.44,2.7575,4,0
17621.0,3,1379.9,3.136538461538461,24,0
17623.0,1,527.0500000000001,2.87090909090909,33,0
17624.0,2,843.48,2.958,49,0
17625.0,4,2047.0,2.539587301587302,223,1
17628.0,1,75.75,2.41,5,0
17629.0,8,1814.12,2.0857723577235774,106,0
17630.0,2,503.6,7.825000000000001,24,0
17631.0,3,528.33,3.712820512820513,39,0
17633.0,4,1324.84,2.797428571428571,59,0
17634.0,9,2361.9700000000003,3.7267003367003366,209,1
17636.0,1,285.56,2.3905000000000003,20,0
17637.0,2,547.0600000000001,3.432857142857143,35,0
17639.0,1,108.5,5.514285714285714,7,0
17640.0,1,621.66,2.566,5,0
17642.0,2,712.29,2.3432500000000003,34,0
17643.0,1,101.55,4.01875,8,0
17644.0,11,2895.64,2.771783439490446,102,1
17646.0,3,1008.39,4.756666666666667,46,0
17647.0,1,133.06,7.097142857142857,7,0
17648.0,4,1797.5,5.536483516483516,81,0
17649.0,1,868.49,3.581153846153846,52,0
17650.0,1,166.08,1.89625,8,0
17651.0,10,3945.0,2.0029310344827587,149,1
17652.0,12,4867.72,3.3447490347490345,118,1
17653.0,4,1207.56,4.069090909090909,44,0
17654.0,1,117.55,3.1568181818181817,22,0
17655.0,7,2638.94,4.826153846153846,66,0
17656.0,5,1674.69,2.772560975609756,67,0
17658.0,2,595.42,2.561052631578947,17,0
17659.0,12,2999.46,4.0412025316455695,127,1
17660.0,1,196.0,2.0037777777777777,37,0
17663.0,7,1802.91,3.9981395348837214,63,0
17664.0,2,604.64,1.916744186046512,41,0
17666.0,2,728.16,1.8988888888888888,14,0
17667.0,5,2055.51,3.665086206896552,85,0
17668.0,2,347.75,7.336666666666667,14,0
17669.0,7,3406.7200000000003,1.8576470588235292,45,0
17670.0,1,205.7,2.590909090909091,11,0
17671.0,4,1572.71,3.197358490566038,40,0
17672.0,2,3178.17,3.331818181818182,105,0
17673.0,6,1629.12,1.6033920704845817,118,0
17674.0,2,551.04,0.7588888888888888,19,0
17675.0,31,20374.28,3.53868085106383,239,1
17676.0,6,1387.68,1.900641025641025,49,0
17677.0,30,16363.23,2.732993421052632,178,1
17678.0,1,298.11,2.235625,16,0
17679.0,2,1992.11,5.309,29,0
17680.0,1,184.4,2.8000000000000003,11,0
17682.0,6,2474.33,2.400762711864407,48,0
17684.0,1,239.41,2.916,15,0
17685.0,7,3191.53,2.000923076923077,88,0
17686.0,7,5739.46,3.85888111888112,205,1
17690.0,15,4757.95,5.7077734375,186,1
17691.0,2,290.40000000000003,3.4026315789473687,18,0
17692.0,4,740.9399999999999,1.6482608695652174,34,0
17693.0,1,200.47,2.0825,16,0
17694.0,1,283.12,2.6086666666666667,15,0
17695.0,2,765.34,1.2517142857142858,30,0
17696.0,8,2285.71,2.3863478260869564,78,0
17697.0,1,338.95,5.084210526315789,19,0
17698.0,1,154.95,2.1375,8,0
17700.0,4,2534.64,3.167887323943662,116,0
17701.0,1,417.95,5.754166666666666,24,0
17702.0,4,1824.37,1.7451351351351354,58,0
17703.0,3,798.74,1.6427272727272726,47,0
17704.0,2,885.19,3.918709677419355,27,0
17705.0,9,1823.52,2.987378640776699,63,0
17706.0,17,10504.49,4.205471204188481,270,1
17707.0,2,152.4,1.7700000000000002,3,0
17708.0,2,267.08,3.144,28,0
17709.0,1,137.45,13.007142857142858,7,0
17711.0,2,385.1,2.4530434782608697,22,0
17712.0,1,522.91,4.665172413793103,29,0
17714.0,1,153.0,2.05,10,0
17715.0,1,326.4,0.85,1,0
17716.0,11,5655.99,2.530040816326531,171,1
17718.0,1,139.35,4.191666666666666,6,0
17719.0,15,5396.04,4.476167883211679,111,1
17720.0,4,1195.94,5.4342,39,0
17722.0,4,2424.04,3.345478260869565,111,0
17723.0,6,3276.4000000000005,4.07,4,0
17724.0,3,1033.0,4.37125,38,0
17725.0,11,3439.08,2.580104166666666,115,1
17727.0,1,1060.25,3.1312121212121213,66,0
17728.0,3,2876.01,3.3267272727272728,153,1
17730.0,13,5298.4800000000005,1.989816513761468,127,1
17731.0,4,1240.11,5.127462686567164,54,0
17732.0,1,303.97,4.9494444444444445,18,0
17733.0,2,692.19,2.959142857142857,33,0
17734.0,3,700.63,2.8969767441860466,40,0
17735.0,19,13110.02,2.192463768115942,319,1
17736.0,3,377.44,5.2212,24,0
17737.0,2,168.24,2.414,8,0
17738.0,4,1879.05,3.5612371134020617,89,0
17739.0,7,2791.35,4.5727659574468085,29,0
17742.0,2,355.11,8.895333333333333,13,0
17744.0,6,2322.4,0.8940441176470588,110,0
17746.0,1,110.25,5.741666666666667,6,0
17747.0,1,71.4,5.95,1,0
17749.0,2,674.52,4.591714285714286,33,0
17750.0,9,1797.57,0.6623316062176166,101,0
17752.0,1,80.64,0.42,1,0
17754.0,5,1772.26,0.9895652173913044,82,0
17757.0,30,5605.29,2.748758434547908,275,1
17758.0,8,3456.7000000000003,2.375485436893204,310,1
17759.0,3,834.99,2.266947368421053,82,0
17760.0,2,287.59,2.2716,25,0
17761.0,1,712.78,3.142105263157895,19,0
17763.0,1,15.0,1.25,1,0
17764.0,2,818.8199999999999,3.154533333333333,71,0
17765.0,3,371.88,3.877368421052632,51,0
17767.0,1,271.2,2.7976190476190474,21,0
17768.0,3,2273.1800000000003,3.846857142857143,77,0
17769.0,10,3997.98,3.0608709677419355,200,1
17770.0,5,1143.27,4.827105263157895,33,0
17771.0,2,245.81,2.247592592592593,51,0
17772.0,2,182.77,3.320943396226415,50,0
17774.0,4,1225.41,3.3438461538461537,123,0
17775.0,1,56.4,0.7833333333333333,3,0
17777.0,3,665.86,1.6470103092783503,141,0
17779.0,3,658.57,2.803170731707317,73,0
17781.0,2,188.02,5.556666666666668,12,0
17783.0,2,283.47,1.922686567164179,67,0
17785.0,1,131.94,2.563076923076923,13,0
17786.0,2,278.74,2.1241666666666665,57,0
17787.0,4,1865.19,2.8470895522388058,94,0
17788.0,2,1117.9,5.42,3,0
17789.0,1,225.9,3.971428571428572,14,0
17790.0,14,1965.55,3.126894736842105,121,1
17791.0,1,106.1,2.77,10,0
17793.0,1,323.04,3.7682758620689656,49,0
17795.0,2,350.39,1.9260869565217391,43,0
17796.0,4,697.9,4.017073170731707,63,0
17797.0,3,780.43,2.552792792792793,102,0
17799.0,10,3055.93,2.532769607843137,280,1
17800.0,9,1199.01,2.200480769230769,51,0
17802.0,3,1285.04,2.2339285714285717,102,0
17805.0,1,512.31,2.257,10,0
17806.0,1,546.04,1.0211627906976743,43,0
17809.0,12,5411.91,2.9057377049180326,46,0
17811.0,39,7837.73,2.725675675675676,359,1
17812.0,4,732.16,3.029645390070922,113,0
17813.0,5,1770.88,3.3684636118598386,297,1
17816.0,4,36.56,1.4105882352941177,16,0
17817.0,3,387.68,9.148484848484848,32,0
17819.0,7,3704.87,4.44875,36,0
17824.0,1,298.4,1.0692307692307692,13,0
17827.0,5,1995.46,2.378363636363636,190,1
17828.0,4,1820.09,5.273432835820896,54,0
17829.0,1,889.24,2.5856666666666666,30,0
17830.0,3,398.7,6.01304347826087,18,0
17831.0,1,35.400000000000006,2.95,2,0
17832.0,1,155.37,1.1116393442622952,61,0
17835.0,3,350.64,1.6985245901639343,45,0
17836.0,1,110.21,1.3658333333333337,23,0
17837.0,8,1593.38,3.8654437869822487,110,0
17838.0,5,2779.3,3.797685950413223,96,0
17839.0,1,338.8,1.7505357142857143,50,0
17841.0,124,40991.57,2.52943672741175,1323,2
17843.0,1,205.48,3.205135135135136,36,0
17844.0,1,51.56,0.998,5,0
17846.0,1,2033.1,2033.1,1,3
17848.0,9,901.2,4.231372549019608,41,0
17849.0,4,605.8000000000001,10.323076923076924,14,0
17850.0,34,5391.21,3.9603703703703705,21,1
17852.0,2,114.34,2.3679166666666664,21,0
17854.0,2,311.26,3.586,15,0
17855.0,1,208.97,1.7658823529411765,17,0
17856.0,4,1418.03,3.559333333333333,12,0
17857.0,23,26879.04,10.332407407407404,19,1
17858.0,12,5155.66,5.885075376884423,101,1
17859.0,1,148.21,1.8108,23,0
17860.0,1,252.8,2.556379310344828,49,0
17861.0,8,2100.8,2.4218018018018017,172,1
17862.0,1,330.9,5.145454545454545,11,0
17863.0,6,3160.0,1.547027027027027,110,0
17864.0,3,597.5,1.8047058823529412,70,0
17865.0,20,10526.32,2.7636756756756755,191,1
17866.0,1,329.65,3.4000000000000004,9,0
17867.0,6,1197.1,2.3807594936708862,62,0
17869.0,5,428.18,6.1585,37,0
17870.0,12,1894.35,2.2145161290322584,214,1
17871.0,1,155.9,2.132,10,0
17873.0,5,1859.16,4.690227272727273,24,0
17874.0,6,683.46,4.084565217391304,37,0
17877.0,1,237.61,3.540833333333333,12,0
17878.0,1,379.45,2.246153846153846,26,0
17879.0,1,178.51999999999998,3.638333333333333,6,0
17880.0,1,458.92,2.4615384615384617,26,0
17881.0,1,133.35000000000002,4.53125,8,0
17883.0,4,671.77,2.2995172413793106,133,0
17884.0,4,717.45,1.9159829059829057,107,0
17885.0,1,190.19,2.215,50,0
17886.0,3,899.61,2.988348623853211,93,0
17887.0,1,111.35,5.235,10,0
17888.0,8,726.05,2.974925373134328,60,0
17889.0,2,203.87,3.4580952380952383,20,0
17890.0,2,602.09,2.469042553191489,88,0
17891.0,1,203.86,0.711764705882353,34,0
17892.0,3,244.1,3.275,27,0
17893.0,1,112.25,2.095,15,0
17894.0,8,1119.81,2.7942487046632123,127,1
17895.0,1,98.0,1.860625,15,0
17896.0,1,256.32,0.89,2,0
17897.0,3,566.6,3.0799122807017545,100,0
17898.0,2,152.06,1.481428571428571,27,0
17899.0,1,155.8,2.384375,29,0
17900.0,2,112.2,3.608333333333333,4,0
17901.0,1,110.38,5.328947368421052,19,0
17904.0,1,191.67,3.617894736842105,33,0
17905.0,4,800.24,3.793823529411765,33,0
17906.0,1,72.9,3.825,12,0
17908.0,1,243.28,2.672586206896552,51,0
17911.0,1,366.23,2.181025641025641,39,0
17912.0,5,311.01,3.981578947368421,35,0
17913.0,2,411.6,2.434237288135593,55,0
17914.0,1,336.43,1.965,72,0
17917.0,3,341.28,2.2280851063829785,77,0
17919.0,1,1304.04,2.1630434782608696,23,0
17920.0,17,4204.1,2.3329741379310347,407,1
17921.0,4,826.52,2.348689655172414,114,0
17923.0,1,207.50000000000003,4.15,1,0
17924.0,7,2962.5,3.246451612903226,26,0
17925.0,1,244.08,3.39,1,0
17926.0,2,397.29,3.1552380952380954,17,0
17928.0,2,212.54,2.988695652173913,23,0
17929.0,4,843.0,7.57,4,0
17930.0,5,1740.48,1.4825641025641023,26,0
17931.0,2,408.36,3.069384615384615,63,0
17932.0,3,1331.57,2.7395555555555555,84,0
17934.0,2,704.25,3.4528571428571437,21,0
17935.0,2,145.79,1.8672413793103448,28,0
17936.0,1,389.84,2.384025974025974,68,0
17937.0,7,4301.22,3.473255813953488,19,0
17939.0,1,99.14,2.455833333333333,12,0
17940.0,10,4106.4400000000005,98.52894736842104,6,0
17941.0,1,304.56,1.255,2,0
17942.0,1,77.50000000000001,1.525,2,0
17946.0,2,149.57999999999998,3.1445,18,0
17947.0,1,176.68,0.9422222222222224,9,0
17948.0,1,358.56000000000006,2.49,1,0
17949.0,45,58510.48,3.3914285714285715,29,1
17950.0,3,482.2,2.3209859154929577,63,0
17951.0,3,1008.54,2.2085,18,0
17954.0,12,2332.72,1.942103092783505,326,1
17955.0,4,557.3,5.631052631578947,14,0
17956.0,1,12.75,12.75,1,0
17957.0,1,111.68,1.3490322580645162,31,0
17958.0,1,508.4599999999999,4.04,7,0
17960.0,1,73.78,1.7196153846153843,26,0
17961.0,39,1296.44,3.272248995983936,211,1
17962.0,1,102.83,1.6517142857142857,33,0
17964.0,2,471.7,2.680192307692308,84,0
17965.0,14,2622.57,3.4882370820668696,274,1
17966.0,5,1098.43,1.4894117647058824,53,0
17967.0,1,123.07,1.8797916666666667,41,0
17968.0,1,277.35,1.9291764705882355,74,0
17969.0,2,228.2,4.701428571428571,14,0
17970.0,1,582.59,2.9658064516129032,27,0
17972.0,1,136.04,4.230322580645161,30,0
17973.0,1,337.04,3.244,15,0
17974.0,3,740.79,2.024245810055866,143,0
17975.0,13,4488.81,3.1686824324324325,189,1
17976.0,1,353.19,3.532,56,0
17977.0,1,288.14,3.247619047619048,19,0
17978.0,1,300.92,2.3633333333333333,12,0
17979.0,4,757.71,2.338082191780822,116,0
17980.0,3,811.45,2.2036666666666664,23,0
17984.0,1,152.68,2.066666666666667,48,0
17985.0,1,634.95,4.469565217391304,20,0
17986.0,1,20.8,2.08,1,0
17987.0,1,198.57,0.9092307692307692,13,0
17988.0,7,201.12,5.094736842105263,37,0
17990.0,3,630.84,2.3224137931034488,27,0
17991.0,2,93.35,4.91,4,0
17994.0,4,678.49,2.351851851851852,63,0
17995.0,1,76.1,1.685,2,0
17997.0,8,1970.67,1.5156024096385543,133,1
17999.0,2,382.06,2.822903225806452,87,0
18001.0,2,417.23,2.8377586206896552,56,0
18004.0,1,169.47,2.76525,32,0
18005.0,2,249.72,3.186333333333333,52,0
18006.0,1,444.68,3.229090909090909,21,0
18008.0,9,2116.19,3.8,24,0
18009.0,1,257.34,4.1378125,31,0
18010.0,1,174.8,5.014285714285714,14,0
18011.0,1,102.79,2.3610714285714285,28,0
18013.0,2,187.29,1.1703225806451614,31,0
18014.0,1,166.42,2.930625,29,0
18015.0,1,120.03,1.2758695652173913,46,0
18016.0,5,1483.56,3.353821138211382,90,0
18017.0,3,523.0,1.7433333333333334,1,0
18018.0,2,122.14,3.811379310344828,29,0
18019.0,1,38.45,5.71,5,0
18022.0,1,668.11,1.754240837696335,141,0
18024.0,2,389.78,2.5828571428571427,21,0
18027.0,1,115.31,2.7923809523809524,21,0
18030.0,2,230.65,6.705555555555555,8,0
18032.0,1,73.5,1.87,5,0
18033.0,1,97.97,1.8658823529411763,32,0
18034.0,2,422.88,1.334464285714286,99,0
18035.0,3,730.4,2.467358490566038,44,0
18036.0,3,405.62,1.8920833333333336,77,0
18037.0,6,70.02,3.598421052631579,19,0
18040.0,2,357.20000000000005,3.0710526315789477,18,0
18041.0,21,4183.39,1.968156779661017,285,1
18042.0,1,165.04999999999998,5.45,7,0
18043.0,3,559.51,2.9121487603305787,106,0
18044.0,10,2088.6,4.251574803149607,88,0
18045.0,1,189.4,2.606808510638298,43,0
18048.0,2,172.29000000000002,1.5,6,0
18050.0,1,74.4,2.31,5,0
18053.0,1,300.02,1.5855,20,0
18055.0,10,6784.1900000000005,4.021555555555556,223,1
18056.0,1,363.65,3.7578947368421054,19,0
18058.0,1,170.16,1.7966666666666666,3,0
18059.0,3,306.46,1.913333333333333,17,0
18061.0,10,2119.41,5.010434782608696,18,0
18062.0,3,720.52,4.489259259259259,23,0
18064.0,2,814.0,2.2471428571428573,7,0
18065.0,14,2392.83,4.154306569343065,110,1
18066.0,1,318.0,3.43,10,0
18067.0,1,396.33,2.8329729729729727,36,0
18068.0,1,101.7,16.95,1,0
18069.0,5,2036.67,2.201787234042553,334,1
18071.0,2,453.0,2.998,23,0
18072.0,1,247.44,0.885,18,0
18073.0,12,3877.52,3.834931506849315,23,0
18074.0,1,489.6,4.780769230769232,13,0
18075.0,10,2611.75,3.4669014084507044,97,1
18077.0,11,2633.01,1.8249779735682816,101,1
18078.0,2,336.13,2.98551724137931,27,0
18079.0,4,3651.97,0.8958267716535433,99,0
18080.0,2,1231.5,1.9,2,0
18081.0,3,343.45,3.84,14,0
18082.0,1,703.37,2.153972602739726,62,0
18084.0,1,90.48,0.29,1,0
18085.0,2,689.95,2.8448275862068964,25,0
18086.0,1,101.34,1.48,7,0
18087.0,2,4055.7199999999993,426.81,2,0
18088.0,1,167.67000000000002,2.093589743589744,35,0
18092.0,11,9068.26,3.719213483146068,28,0
18093.0,4,2106.52,1.6352777777777776,31,0
18094.0,7,3017.3,2.1552857142857142,39,0
18095.0,2,580.0500000000001,2.619047619047619,20,0
18096.0,3,911.15,2.2876525821596245,157,1
18097.0,6,2697.8,2.969444444444445,65,0
18099.0,1,168.31,2.1389473684210527,19,0
18101.0,2,223.65,2.580487804878049,37,0
18102.0,60,259657.3,4.503294663573086,150,2
18104.0,1,754.64,3.758947368421053,38,0
18105.0,1,113.48000000000002,2.232222222222222,18,0
18106.0,1,430.7,3.935897435897436,33,0
18108.0,1,271.0,4.711764705882352,17,0
18109.0,26,8052.97,4.930247747747748,119,1
18110.0,1,236.3,2.7769565217391303,33,0
18112.0,2,352.69,4.289230769230769,26,0
18113.0,1,76.32000000000001,1.06,1,0
18114.0,1,220.1,5.533928571428571,28,0
18116.0,8,1418.03,2.370079365079365,230,1
18117.0,1,320.72,1.2141891891891892,68,0
18118.0,26,5653.82,2.5287959343236905,424,1
18119.0,1,181.12,2.7823333333333333,29,0
18120.0,1,111.15,4.032352941176471,17,0
18121.0,2,673.1,1.865,28,0
18122.0,6,1826.21,2.3395054945054947,239,1
18123.0,2,589.4399999999999,1.4233333333333331,31,0
18125.0,4,1142.99,2.225459183673469,164,1
18126.0,1,206.83,1.9507142857142856,52,0
18127.0,3,348.73,3.177446808510638,41,0
18129.0,1,112.55,2.9250000000000003,13,0
18130.0,3,1059.39,2.3695714285714287,58,0
18133.0,1,931.5,0.69,1,0
18135.0,5,681.9100000000001,2.3075,11,0
18136.0,3,784.33,2.728421052631579,34,0
18138.0,1,152.65,6.25625,8,0
18139.0,6,8438.34,1.5092452830188678,35,0
18142.0,2,1019.52,1.53,9,0
18143.0,2,1000.16,2.728360655737705,59,0
18144.0,12,2888.75,4.43046511627907,27,0
18145.0,4,2861.55,1.801447963800905,174,1
18146.0,2,160.35000000000002,1.95,10,0
18147.0,2,179.33999999999995,1.2971428571428572,7,0
18149.0,3,612.0799999999999,2.7525,11,0
18150.0,3,566.58,2.3235135135135137,29,0
18151.0,2,653.35,3.198684210526316,38,0
18154.0,2,399.19,2.8261904761904764,15,0
18155.0,3,371.62,2.4704,19,0
18156.0,2,734.94,3.0002142857142857,100,0
18158.0,2,453.4,1.2944117647058824,24,0
18159.0,1,530.15,5.004347826086956,23,0
18160.0,2,638.0600000000001,3.657179487179487,37,0
18161.0,5,1618.69,3.640125,49,0
18164.0,1,399.65,4.207083333333333,24,0
18165.0,1,302.46000000000004,1.238,10,0
18167.0,3,1384.86,3.788648648648649,24,0
18168.0,6,1169.94,3.2399236641221374,97,0
18169.0,1,202.65,3.688888888888889,9,0
18170.0,3,980.31,4.247368421052632,29,0
18171.0,5,1231.31,5.11037037037037,43,0
18172.0,20,7561.68,3.107037037037037,100,1
18173.0,4,2106.84,2.705806451612903,23,0
18174.0,1,104.0,2.08,1,0
18176.0,1,476.35,2.681666666666666,30,0
18177.0,6,1341.42,1.8343243243243244,53,0
18178.0,4,1590.81,2.448762886597938,80,0
18179.0,6,1793.17,2.761,86,0
18180.0,6,1843.75,2.080840336134454,108,0
18181.0,1,382.8,3.614090909090909,40,0
18183.0,2,632.07,3.5043243243243243,36,0
18184.0,1,49.8,0.83,1,0
18185.0,1,304.25,3.626470588235294,17,0
18188.0,3,2001.04,2.4726760563380283,63,0
18189.0,2,1090.24,3.2851470588235294,65,0
18190.0,2,284.46000000000004,3.929333333333333,14,0
18191.0,1,207.8,4.021428571428571,7,0
18192.0,1,957.97,4.007333333333333,45,0
18193.0,1,243.76,3.595,16,0
18194.0,1,973.84,1.6514285714285712,7,0
18196.0,2,689.13,2.207588652482269,131,0
18198.0,17,5425.56,2.3962893081761005,81,1
18200.0,1,163.8,1.9684375,29,0
18202.0,3,1396.99,4.052058823529412,55,0
18203.0,1,160.42000000000002,4.583157894736842,19,0
18204.0,3,1993.7,2.5493,159,1
18205.0,2,517.36,4.58,30,0
18209.0,1,139.10000000000002,3.24375,8,0
18210.0,6,2621.38,3.5970895522388058,109,0
18211.0,5,600.07,2.451904761904762,37,0
18212.0,1,248.42,3.057674418604651,30,0
18213.0,1,232.48,1.5013333333333334,15,0
18215.0,1,299.34000000000003,2.9930769230769227,13,0
18216.0,1,481.75,4.935384615384615,26,0
18217.0,2,621.75,2.0880645161290325,27,0
18218.0,2,662.08,1.7866666666666664,17,0
18219.0,10,2069.77,4.12921052631579,58,0
18220.0,1,305.28000000000003,1.06,2,0
18221.0,5,1041.61,2.60421875,59,0
18222.0,1,443.0,3.2557894736842106,19,0
18223.0,14,6484.54,2.9675,116,1
18224.0,1,158.95000000000002,3.06,10,0
18225.0,12,5509.12,2.5551660516605166,150,1
18226.0,11,5228.05,2.185206611570248,141,1
18227.0,1,93.75,8.65,5,0
18228.0,2,779.9,3.9876666666666662,23,0
18229.0,20,7276.900000000001,4.626585365853659,66,1
18230.0,7,2810.2000000000003,2.191627906976744,32,0
18231.0,5,2083.27,3.765483870967742,106,0
18232.0,4,592.97,3.724864864864865,31,0
18233.0,1,440.0,110.0,1,0
18235.0,3,1796.48,2.146442307692308,100,0
18236.0,6,882.24,3.3632653061224493,42,0
18237.0,5,987.1,2.957704918032787,40,0
18239.0,5,1561.61,2.871931818181818,80,0
18240.0,1,422.58,3.928333333333333,6,0
18241.0,17,2073.09,3.25375,60,1
18242.0,4,2232.49,3.279871794871795,72,0
18245.0,7,2567.06,2.5844,153,1
18246.0,2,596.1,4.71,3,0
18248.0,2,804.02,4.105744680851064,39,0
18249.0,1,95.34,1.60375,8,0
18250.0,1,349.27,3.8057142857142856,21,0
18251.0,1,4314.72,0.771875,16,0
18252.0,2,526.67,3.129081632653061,90,0
18255.0,1,103.3,1.7166666666666668,6,0
18257.0,8,2337.63,3.40364406779661,97,0
18259.0,3,2338.6000000000004,3.259523809523809,27,0
18260.0,6,2643.2000000000003,3.5070149253731344,86,0
18261.0,2,324.24,3.0828571428571427,19,0
18262.0,1,149.48,1.123076923076923,13,0
18263.0,3,1213.16,0.9595081967213116,59,0
18265.0,2,801.51,5.246521739130435,44,0
18268.0,1,25.5,12.75,1,0
18269.0,1,168.6,3.164285714285714,7,0
18270.0,2,283.15,3.672727272727272,11,0
18272.0,6,3078.58,2.2946385542168675,99,0
18273.0,3,204.0,2.55,1,0
18274.0,1,175.92,3.671818181818182,11,0
18276.0,1,335.86,2.482142857142857,14,0
18277.0,1,110.38,3.1412500000000003,8,0
18278.0,1,173.9,3.283333333333333,9,0
18280.0,1,180.6,4.765,10,0
18281.0,1,80.82,5.622857142857143,7,0
18282.0,2,178.05,5.199166666666667,12,0
18283.0,16,2094.88,1.6149867724867726,263,1
18287.0,3,1837.28,1.4935714285714283,59,0
